role,wikidata_id,name,musicbrainz_id,apple_music_artist_id,sitelinks,musicbrainz_guitarist,musicbrainz_guitarist_score
guitarist,Q1203,John Lennon,4d5447d7-c61c-4120-ba1b-d7f471d385b9,4416594,185,false,
guitarist,Q392,Bob Dylan,72c536dc-7137-4477-a521-567eeb840fa8,462006,184,false,
guitarist,Q15869,Freddie Mercury,022589ac-7177-460d-a178-9976cf70e29f,,176,false,
guitarist,Q409,Bob Marley,ed2ac1e9-d51d-4eff-a2c2-85e81abd6360,121982,164,false,
guitarist,Q2599,Paul McCartney,ba550d0e-adac-4864-b88b-407cab5e76af,12224,149,false,
guitarist,Q37175,Johnny Depp,49654ec9-0c4d-44a6-a909-580ee9fbabb7,15506997,147,false,
guitarist,Q5383,David Bowie,5441c29d-3602-4898-b1a1-b77fa23b8e50,551695,136,false,
guitarist,Q5928,Jimi Hendrix,06fb1c8b-566e-4cb2-985b-b467c90781d4,62852,136,true,100
guitarist,Q15897,Amy Winehouse,dfe9a7c4-8cf2-47f4-9dcb-d233c2b86ec3,13125609,130,false,
guitarist,Q8446,Kurt Cobain,3c9b356d-d1db-4f4e-a7a3-2d00c1d70255,526647,128,false,
guitarist,Q82110,Steven Seagal,ab57a164-f30f-4aa5-8687-22abdbaeee44,365564,127,false,
guitarist,Q2643,George Harrison,42a8f507-8412-4611-854f-926571049fa0,255233,125,false,
guitarist,Q42775,Johnny Cash,d43d12a1-2dc9-4257-a2fd-0a3bb1081b86,70936,118,false,
guitarist,Q512,Vladimir Vysotsky,ebe42a0b-6a6f-4eb6-b436-5c0f351d96f3,79218585,117,false,
guitarist,Q7542,Prince,070d193a-845c-479f-980e-bef15710653e,155814,112,false,
guitarist,Q127330,Frank Zappa,e20747e7-55a4-452e-8766-7b985585082d,458712,110,false,
guitarist,Q1225,Bruce Springsteen,70248960-cb53-4ea4-943a-edb18f7d336f,178834,107,false,
guitarist,Q131725,Joan Baez,92d37892-6186-4459-9cc1-f0dde57652d0,53225,103,false,
guitarist,Q288933,Marjorie Estiano,b1900042-2890-4e33-a2d1-89eb6c209459,219401184,103,false,
guitarist,Q66075,Niccolò Paganini,d581b2f2-f945-4566-a249-2d0171466993,,103,false,
guitarist,Q48187,Eric Clapton,618b6900-0618-4f1e-b835-bccb17f84294,123853,100,false,
guitarist,Q5950,James Brown,20ff3303-4fe2-4a47-a1b6-291e26aa3438,117118,100,false,
guitarist,Q5921,Chuck Berry,592a3b6d-c42b-4567-99c9-ecf63bd66499,343170,99,false,
guitarist,Q128121,Mick Jagger,b5ffc3aa-b868-4b88-905f-d73d51dbe51c,365667,99,false,
guitarist,Q42402,Andrea Bocelli,c5a0a216-c33c-42dc-92b8-4b60236f8dad,217015,96,false,
guitarist,Q483203,Sting,7944ed53-2a58-4035-9b93-140a71e41c34,94804,96,false,
guitarist,Q834621,Bono,7f347782-eb14-40c3-98e2-17b6e1bfe56c,868379,91,false,
guitarist,Q482907,Bryan Adams,4dbf5678-7a31-406a-abbe-232f8ac2cd63,85932,91,false,
guitarist,Q144622,Phil Collins,401c3991-b76b-499d-8082-9f2df958ef78,153718,91,false,
guitarist,Q15873,Brian May,6d24f102-5c43-453a-8664-4ee092f441cf,,90,false,
guitarist,Q484302,James Hetfield,68c34082-c1d5-4399-af9b-3921ca0a6a1f,,90,false,
guitarist,Q80424,Nelly Furtado,13655113-cd16-4b43-9dca-cadbbf26ee05,1260160,90,false,
guitarist,Q76364,Hans Zimmer,e6de1f3b-6484-491c-88dd-6d619f142abc,454295032,89,false,
guitarist,Q484523,Jared Leto,5ec4fe5f-c89a-47d1-a9b7-58344b401527,,89,false,
guitarist,Q244441,Pete Seeger,af18a9bc-e4ab-4068-9489-b64e8186fcf1,392092,89,false,
guitarist,Q199943,Adriano Celentano,d2b50525-1111-4906-aab6-4553f035f679,,86,false,
guitarist,Q189599,Keith Richards,f0ed72a3-ae8f-4cf7-b51d-2696a2330230,241666,86,false,
guitarist,Q222071,Courtney Love,31d2041c-985d-48f7-b6e2-2a70cdf14853,3292794,85,false,
guitarist,Q487125,Viktor Tsoi,7da030e4-3b08-4e29-b497-344d809589fd,630698643,85,false,
guitarist,Q3626966,Harry Styles,7eb1ce54-a355-41f9-8d68-e018b096d427,471260289,83,false,
guitarist,Q154812,Carl Maria von Weber,c2d17829-1424-435b-9386-c77d3a920abe,238344,82,false,
guitarist,Q483907,Jack Black,caf8a53e-7f43-4be4-95d6-18d55e1f6e18,,82,false,
guitarist,Q37355,John Michael Talbot,5d8cd98d-0572-4fe8-8771-84b4eb9bf510,,82,false,
guitarist,Q94882,Emir Kusturica,ffbcbcb9-b0c1-4692-b2c7-d5452f10c809,,81,false,
guitarist,Q1666,Jacques Brel,91eda19b-1437-42cd-b7af-69df24b7f275,,81,false,
guitarist,Q633,Neil Young,75167b8b-44e4-407b-9d35-effe87b223cf,147370,80,false,
guitarist,Q189080,Lou Reed,9d1ebcfe-4c15-4d18-95d3-d919898638a1,,79,false,
guitarist,Q180861,Roger Waters,0f50beab-d77d-4f0f-ac26-0b87d3e9b11b,542658,79,false,
guitarist,Q487473,Toto Cutugno,5ae40d3f-e429-4baf-9fe9-bcdaa9c81f39,19107309,79,false,
guitarist,Q165467,Jimmy Page,519774a4-3b18-4042-b8c0-927845a616c9,,78,false,
guitarist,Q1978163,Nikolai Noskov,dcf844b2-fb03-49f3-a0ae-ce840ca3e802,,78,false,
guitarist,Q150916,Jon Bon Jovi,5ace9b0c-cc21-4d8f-8e08-a70234439f2a,,77,false,
guitarist,Q43189,Juanes,8b0f05ce-354e-4121-9e0b-8b4732ea844f,103856,77,false,
guitarist,Q557,Patti Smith,d135874d-9cae-4fef-97e3-36acbd9f5a26,13762,77,false,
guitarist,Q182655,Rod Stewart,a35237a0-4f47-40a6-b6f3-1e786db23402,57471,77,false,
guitarist,Q208117,Bella Thorne,53c336fa-358f-4ce5-8681-ab7909922874,445381311,76,false,
guitarist,Q819016,Carlos Santana,f7fda030-0ba1-42e9-a385-3deebc939bc9,217174,76,false,
guitarist,Q12006,Dave Grohl,4d5f891d-9bce-45ae-ad86-912dd27252fa,,76,false,
guitarist,Q178517,David Gilmour,1dce970e-34bc-48b2-ab51-48d87544a4c2,638538,76,false,
guitarist,Q5977,Buddy Holly,d352f5dd-3023-4565-a7bb-52396bf8821d,,75,false,
guitarist,Q205721,Joni Mitchell,a6de8ef9-b1a1-4756-97aa-481bbb8a4069,203373,75,false,
guitarist,Q217160,Kenny Rogers,c3d14b41-a48d-488f-bfed-ce0597bb0b1f,200498,75,false,
guitarist,Q541599,Dolores O'Riordan,13c10976-99f1-4cb4-8fbe-56067e91d865,,74,false,
guitarist,Q428223,Robert Plant,bd53f9a7-8be9-46b0-bf7d-1deea3cb57bc,,74,false,
guitarist,Q173061,Syd Barrett,12327d75-47d5-45d9-84c2-3760b9210c17,,74,false,
guitarist,Q219631,Adam Levine,a1421d73-1a21-484b-97ad-77c9a5676daf,,73,false,
guitarist,Q182665,Iggy Pop,f37b3f31-b1f8-4b88-8cb5-b34f709b17d7,13622,73,false,
guitarist,Q712592,Billie Joe Armstrong,5d06fe54-485a-4a07-b506-5f6f719448cb,,72,true,65
guitarist,Q17198340,Shawn Mendes,b7d92248-97e3-4450-8057-6fe06738f735,890403665,72,false,
guitarist,Q130799,James Blunt,ebee61b4-bbdd-4087-9bcb-d5aa099088ec,27496674,71,false,
guitarist,Q4028,Paul Simon,05517043-ff78-4988-9c22-88c68588ebb9,152016,71,false,
guitarist,Q15880,Roger Taylor,558302b1-07ae-4be1-9edb-2a2b1f036313,,70,false,
guitarist,Q43932,Angus Young,a0a54c69-b0d2-4d2a-bcf8-994b8846b0d8,,69,false,
guitarist,Q206181,Hank Williams,906bddec-bc73-49f8-ac1e-eaee691c6cf9,,69,false,
guitarist,Q309926,Lemmy,e3ea6186-7523-48de-8437-bac91bc47829,,69,false,
guitarist,Q19201,Mike Shinoda,c262b6bf-be56-4b26-bceb-42d7a27342f3,41334108,69,false,
guitarist,Q14045,Moby,8970d868-0723-483b-a75b-51088913d3d4,789023,68,false,
guitarist,Q298838,Billy Connolly,7ffdf6af-0b1a-4ace-a067-970f0a611d93,,67,false,
guitarist,Q153300,Paco de Lucía,7bc8dd01-35ea-4b18-a64d-3a364dc76a52,,67,false,
guitarist,Q194045,Steven Tyler,7d3f7aed-fb9c-4e80-b198-64cd6ae31cb8,54626,67,false,
guitarist,Q187814,Tracy Chapman,1129817c-488a-4096-80c1-77fc1b107c93,5796121,67,false,
guitarist,Q188426,Roy Orbison,0bbbc496-c7b5-4b3f-bb6d-bd312827d6e5,198798,66,false,
guitarist,Q34166,Slash,5e7a7026-dfc5-4aba-8496-95140716f3db,115556,66,false,
guitarist,Q206112,Willie Nelson,668fd73c-bf54-4310-a139-305517f05311,71676,66,false,
guitarist,Q187165,Dave Mustaine,2f58d07c-4ed6-4f29-8b10-95266e16fe1b,488293,65,false,
guitarist,Q44122,Django Reinhardt,650bf385-6f6d-4992-a3b9-779d144920a4,104576,65,false,
guitarist,Q105460,John Denver,34e10b51-b5c6-4bc1-b70e-f05f141eda1e,,65,false,
guitarist,Q208681,Kris Kristofferson,cb1ca13a-4821-4e66-aff0-0fd6b3dc9a81,251114,65,false,
guitarist,Q188668,Thom Yorke,8ed2e0b3-aa4c-4e13-bec3-dc7393ed4d6b,39753073,65,false,
guitarist,Q313013,Brian Wilson,634fe78e-fc6b-4b2a-ba83-c8c66e13a8aa,61573,64,false,
guitarist,Q484030,Kirk Hammett,4c45495f-b9f3-4d03-9fac-d44c8a77f5de,48917375,64,false,
guitarist,Q242707,Paul Bettany,a0ed8995-5dd4-4456-b629-f1c9b71d9a92,,64,false,
guitarist,Q4061,Woody Guthrie,cbd827e1-4e38-427e-a436-642683433732,,64,false,
guitarist,Q200131,Antônio Carlos Jobim,7a8dbe84-f4c0-4457-bfa3-edced1f8cde0,201663245,63,false,
guitarist,Q262399,Les Paul,f671ebd2-917d-466f-b7bc-07c60e4d8990,,63,false,
guitarist,Q486063,Serj Tankian,e471b63c-c3b5-4f62-a971-cd0b2273838f,82647909,63,false,
guitarist,Q207824,Varg Vikernes,98f99ce2-245f-4c6f-8aa9-02914c86039e,,63,false,
guitarist,Q272012,Eddie Van Halen,2a66baa5-9832-4fbc-8365-c9f607a89e47,3249922,62,false,
guitarist,Q15902,Amy Macdonald,6aa40207-fec8-43a7-991d-b872a42def05,,61,false,
guitarist,Q179682,Björn Ulvaeus,ffb77292-9712-4d03-94aa-bdb1d4771d38,,61,false,
guitarist,Q270935,Chris Cornell,cbf9738d-8f81-4a92-bc64-ede09341652d,106336,61,false,
guitarist,Q262314,Chris Rea,c707b37e-cb5c-4694-be4d-46beefcb2475,771239,61,false,
guitarist,Q185147,Gary Moore,a8806b5c-3ee0-4277-94d3-1a5427a7707c,519368,61,false,
guitarist,Q192474,Jeff Beck,14a4bc78-1c2d-4ca7-8d1b-9b58076a2a17,476310,61,false,
guitarist,Q192103,John Deacon,a0b77a10-ecff-4b84-b1f3-008391038d67,,61,false,
guitarist,Q215215,John Mayer,144ef525-85e9-40c3-8335-02c32d0861f3,472054,61,false,
guitarist,Q294531,Neil Diamond,a42d3fd5-55de-4206-86c3-4fbb5404018f,94935,61,false,
guitarist,Q193459,Noel Gallagher,6493ed80-8b44-49fa-91de-e7b0a0b57d6d,534174,61,false,
guitarist,Q106514,River Phoenix,4138674f-79fc-4ff1-96d1-80d7fb75c825,,61,false,
guitarist,Q200586,Sheryl Crow,80ccfede-c258-4575-a7ad-c982e9932e0f,58757,61,false,
guitarist,Q38393,Asha Bhosle,79c5547a-e098-495c-8dac-7e99546aa46b,2581435,60,false,
guitarist,Q10505,Damon Hill,f1e226a4-adb4-4694-a400-cedbec06104f,,60,false,
guitarist,Q229375,Linda Ronstadt,498f2581-be21-4eef-8756-fbb89d79b1c0,148850,60,false,
guitarist,Q185343,Mark Knopfler,e49f69da-17d5-4c5c-bac0-dadcb0e588f5,156766,60,false,
guitarist,Q152929,Meat Loaf,b134d1bf-c7c7-4427-93ac-9fdbc2b59ef1,60358,60,false,
guitarist,Q220707,Muddy Waters,f86f1f07-d182-45ce-ae93-ef610880ca72,26643,60,false,
guitarist,Q336788,Oscar Isaac,f5f3305f-22ea-45d5-a15e-0fbfedc08ccd,,60,false,
guitarist,Q202937,Stevie Ray Vaughan,f5426431-f490-4678-ad44-a75c71097bb4,484957,60,false,
guitarist,Q210741,Eric Idle,c4b096cb-ffa2-48d2-81a2-04a498c7c5f8,215230,59,false,
guitarist,Q44570,John Lee Hooker,b0122194-c49a-46a1-ade7-84d1d76bd8e9,97536,59,false,
guitarist,Q125133,Víctor Jara,b7e6a7fb-1d38-4ad8-bd97-c125ad4421ab,,59,false,
guitarist,Q231106,Joan Jett,f376828a-b438-4fda-bb2e-dcd5fbe81f83,1282872765,58,false,
guitarist,Q428798,Krist Novoselic,ac05e29f-0561-4445-bb26-5562d2389531,,58,false,
guitarist,Q192133,Robert Johnson,8a8bbba6-72f7-4900-a306-c40b94f2631b,1222685588,58,true,88
guitarist,Q295919,Sam Cooke,6c8fd0be-d961-454c-aee0-4366a6dbc993,1195231,58,false,
guitarist,Q82238,Cliff Richard,b5c2fdfc-d037-45b8-84f9-09ebb7ff8aa1,387307,57,false,
guitarist,Q221535,Eddie Vedder,1a60d6dd-9d3e-40fc-a66d-3184f9ee0d61,267320,57,false,
guitarist,Q191088,Joe Jonas,79e1bb77-fd8b-42ab-8043-892af5370f0b,162092469,57,false,
guitarist,Q216708,Liam Gallagher,1f2345fa-344e-4863-a1d7-3958d57f4301,1391189,57,false,
guitarist,Q775231,Niall Horan,55e6074f-ef78-4ec3-8fff-bd1b8cc8c14a,471260298,57,false,
guitarist,Q231259,Billy Ray Cyrus,63e8d6f9-e247-45c9-aaf2-e079cddbdd54,411913,56,false,
guitarist,Q214226,Lauryn Hill,e8414012-4a1c-4ad4-be5e-fc55294e28cc,21434,56,false,
guitarist,Q1387726,Luis Fonsi,d68fda90-ab8d-4799-be56-317ba4ae700f,102834,56,false,
guitarist,Q3008,Mike Oldfield,a1684a49-feaa-4150-b758-d9412fc59f12,259271,56,false,
guitarist,Q26933,Pete Townshend,fb147b8f-0144-4418-acaa-90b2d9779840,320553,56,false,
guitarist,Q192183,Ritchie Blackmore,fc5f555c-dfa2-4f16-9da5-98342105c23a,,56,false,
guitarist,Q204943,Brian Jones,a704bc81-1d32-4b21-a1fd-ffaa6a1d86e1,,55,false,
guitarist,Q115962,David Coverdale,8b26558a-1073-45cf-b9a2-233703654ffb,13563857,55,false,
guitarist,Q206939,Elvis Costello,8a338e06-d182-46f2-bd16-30a09bc840ba,497911,55,false,
guitarist,Q272943,Joe Dassin,475b7312-4fcb-49a4-8bcc-cf3a679b255a,27541729,55,false,
guitarist,Q194287,Joe Satriani,29762c82-bb92-4acd-b1fb-09cc4da250d2,466941,55,false,
guitarist,Q192359,João Gilberto,286ec4c2-b5ca-4f85-b331-280a6d73dd14,43976,55,false,
guitarist,Q156322,Katie Melua,39e32995-6515-40b2-a6f0-841524047edc,6753382,55,false,
guitarist,Q190576,Matt Bellamy,00fc124e-6645-4530-8d0b-7def83c5ee25,,55,true,63
guitarist,Q16211162,Melanie Martinez,0df563ec-1a79-486e-a46d-5b9862a40311,993014053,55,false,
guitarist,Q202733,Tony Iommi,e5fa0175-2e93-4ca7-90c3-33f239381252,462585,55,false,
guitarist,Q73437,Billy Idol,47c8f88b-987a-4b64-9175-2b1b57809727,550949,54,false,
guitarist,Q239652,Bulat Okudzhava,b63b2ac8-4df4-4038-97a0-c79969b5e29b,672670065,54,false,
guitarist,Q76906,Dieter Bohlen,26421c09-e25d-4c3d-8e75-7e9b117d9f81,2627866,54,false,
guitarist,Q311655,Tom Petty,5ca3f318-d028-4151-ac73-78e2b2d6cdcc,5072272,54,false,
guitarist,Q11901,Beck,309c62ba-7a22-4277-9f67-4a162526d18a,312095,53,false,
guitarist,Q370560,David Crosby,e90f9815-221d-4e10-8675-e75c07988113,26431,53,false,
guitarist,Q203514,Heitor Villa-Lobos,a8dbf22f-9788-4cf6-a0df-c9244384f295,2422910,53,false,
guitarist,Q207867,Ian Curtis,10ae1bf6-88b2-4fb4-8fbe-8227a49803d3,,53,false,
guitarist,Q272203,Van Morrison,a41ac10f-0a56-4672-9161-b83f9b223559,253638,53,false,
guitarist,Q315643,Alex Turner,ee953029-6de8-4c50-8d0f-215a1e4e8dd6,,52,true,58
guitarist,Q202319,Bill Haley,2c8ddf66-bca7-4ed5-8ef6-b5d55b3fd3ff,,52,false,
guitarist,Q288525,Birdy,1b8bdee5-783a-4eca-88e5-3e9460739546,416879038,52,false,
guitarist,Q472051,Glenn Frey,a717be4f-8b3d-4355-b33c-2b84f88fe40d,173835,52,false,
guitarist,Q215855,Jeff Buckley,e6e879c0-3d56-4f12-b3c5-3ce459661a8e,872190,52,false,
guitarist,Q188980,John Frusciante,f1571db1-c672-4a54-a2cf-aaa329f26f0b,,52,false,
guitarist,Q216179,Bryan Ferry,4ef7a9e2-2cf5-483a-8616-ef7791a98026,,51,false,
guitarist,Q486786,Daron Malakian,42ba45d2-4938-4bf5-9121-5caffc719c4d,,51,false,
guitarist,Q216288,Garth Brooks,b76645c5-78b0-4e4c-8f95-003f40013a45,329451,51,false,
guitarist,Q208871,Ike Turner,b66fa5c1-ebab-402a-865d-26acaf8de3d5,642502,51,false,
guitarist,Q272031,Jack White,3ae2fb37-8a23-429d-9920-bac811c4fc22,826980,51,false,
guitarist,Q192515,Jason Mraz,82eb8936-7bf6-4577-8320-a2639465206d,156987,51,false,
guitarist,Q219772,PJ Harvey,e795e03d-b5d5-4a5f-834d-162cfb308a2c,252623,51,false,
guitarist,Q491252,Robert Smith,7d1a1624-784b-4f89-8ff9-b9b493cd059d,,51,false,
guitarist,Q229013,Sarah Silverman,ebf48614-6b24-41bd-9ebb-a90af8e473b7,,51,false,
guitarist,Q193397,Steve Vai,5e7ccd92-6277-451a-aab9-1efd587c50f3,465118,51,false,
guitarist,Q19199,Brad Delson,2d4a1dd1-2cd8-4553-bf0b-74b8c9179633,,50,false,
guitarist,Q272931,Loretta Lynn,613260c3-d620-4645-94cd-33cd55f29b1e,59398,50,false,
guitarist,Q236112,Suzanne Vega,cf119120-7df5-47d7-9dec-49f8837a4e40,22665,50,false,
guitarist,Q234750,Suzi Quatro,2c16cb3f-e85f-4158-889f-ffc038f5792d,14586001,50,false,
guitarist,Q221479,Gilberto Gil,cf6b70f6-2616-481c-912c-0263cabfc974,,49,false,
guitarist,Q355009,Jackson Browne,88527d26-7496-47c5-8358-ebdb1868a90f,388900,49,false,
guitarist,Q234685,Michelle Branch,a10f94a9-2a3c-4166-b9fa-a7bed0bf7d96,1054040,49,false,
guitarist,Q212089,Alan Parsons,9774cfd1-8862-42bd-919e-156c31f079b4,16904,48,false,
guitarist,Q192529,Andrés Segovia,443aad48-c7e7-476f-96bf-90f123a4829b,,48,false,
guitarist,Q295120,Corey Taylor,15e02679-7a5f-4dd2-850c-5aa6e49d0878,1182900937,48,false,
guitarist,Q313372,Francisco Tárrega,59bdd84b-28dd-4aef-bb5b-2e2c98997b10,,48,true,87
guitarist,Q151084,Joaquín Rodrigo,fde4460b-868a-493e-8c53-221e418c8959,,48,false,
guitarist,Q207898,Manu Chao,7570a0dd-5a67-401b-b19a-261eee01a284,2398554,48,false,
guitarist,Q303207,Ricky Nelson,0b511854-c21c-4af1-9c31-e3fc178ded61,,48,false,
guitarist,Q192260,Yngwie Malmsteen,8fa5d80d-37e8-4133-9d5c-6bad446c63f0,41769,48,false,
guitarist,Q336640,David Byrne,d4659efb-b8eb-4f03-95e9-f69ce35967a9,47192943,47,false,
guitarist,Q210428,Elliott Smith,03ad1736-b7c9-412a-b442-82536d63a5c4,2893902,47,false,
guitarist,Q348459,George Benson,467f69b6-8d6d-4d2c-bfad-e89adf2806ff,1523080,47,false,
guitarist,Q315784,José Feliciano,3c004c98-aab6-4b63-a2df-e07c98e73b0a,249044,47,false,
guitarist,Q210172,Kevin Jonas,7b54e7dc-bae3-43f8-992e-10c43b859659,,47,false,
guitarist,Q44653,Malcolm Young,ea719716-da05-46f8-bbd5-cc5803db3d0e,,47,false,
guitarist,Q211588,Nick Drake,99ea432a-e3d8-42cb-9d5e-db316a6a8458,,47,false,
guitarist,Q273049,Peter Tosh,7db6aae5-6644-4513-9bfc-ca2e79d4469c,461717,47,false,
guitarist,Q311672,Roger Daltrey,3896a59d-3058-4797-94b7-864bc58ccd98,,47,false,
guitarist,Q455827,Ross Lynch,f52fa002-e926-4e45-b229-b048b91f2c1d,502055401,47,false,
guitarist,Q379400,Shavo Odadjian,e68f2984-b0e9-42d7-b132-9570b7c75e29,,47,false,
guitarist,Q312395,Taylor Hawkins,f0d35e7c-bbda-4063-a07b-0aa044fa5c8a,211475537,47,false,
guitarist,Q714845,The Edge,a94e530f-4e9f-40e6-b44b-ebec06f7900e,4410452,47,false,
guitarist,Q4270,Tom DeLonge,e24b50d5-0e5b-488d-8f72-d80be094ee8b,27597781,47,false,
guitarist,Q346565,Bill Withers,fd1a2d9d-9bb6-44de-83a3-41560658aba9,339834,46,false,
guitarist,Q181683,Carly Simon,c4df30f5-5487-4806-9189-b69c9f27532c,336239,46,false,
guitarist,Q508202,George Jones,f2903be0-79a7-4334-8cc5-e45309482a97,17488,46,false,
guitarist,Q16233232,Hozier,b4691384-50c3-4afd-9988-51d3ec5db65d,342260741,46,false,
guitarist,Q309838,Layne Staley,ddf488d8-f809-47a0-adb3-95bbc7aa20f0,,46,false,
guitarist,Q1354843,Machine Gun Kelly,f6af669a-56ea-448a-a044-de76181ada33,465954501,46,false,
guitarist,Q238941,Moya Brennan,51823891-6035-4d6c-a007-b70a86747023,78085,46,false,
guitarist,Q229274,Regina Spektor,fbb375f9-48bb-4635-824e-4120273b3ba7,20006408,46,false,
guitarist,Q203185,Robert Fripp,898b645e-eed2-490a-8ce2-0e7a4d2d5bc8,613849,46,false,
guitarist,Q211094,Ronnie Wood,92ed8183-8f22-42b2-af4e-d44137610fa0,,46,false,
guitarist,Q568509,Theo James,,,46,false,
guitarist,Q282722,Trent Reznor,bc880664-6751-4998-984d-ebdbff15d229,2844131,46,false,
guitarist,Q296872,Barry Gibb,b02e4ca5-312a-4d2e-b087-30db9d5ec579,81312551,45,false,
guitarist,Q208881,Bo Diddley,bf659d74-0b61-488c-8a7d-594f43bed9e0,,45,false,
guitarist,Q234693,Bonnie Raitt,0f0da09c-3940-4cb5-879f-4cea28907810,22677,45,false,
guitarist,Q162667,Glen Campbell,57976431-1a5c-4968-a422-b92c5e9b0d4f,,45,false,
guitarist,Q216100,Ian Anderson,12fffb1f-39af-4efe-9426-92e05bb651d1,2422169,45,false,
guitarist,Q44833,J.J. Cale,4b0be624-6b87-47e8-bbf0-588a2c6c0439,,45,false,
guitarist,Q310300,James Taylor,107d0c22-d051-4d98-8206-4e14de02132a,207815,45,false,
guitarist,Q310052,Joe Strummer,af4ea2a3-c54d-40b4-8120-a1f0b838ad54,2929326,45,false,
guitarist,Q309725,Ritchie Valens,5222714d-21ee-4061-87f7-c749f1586790,,45,false,
guitarist,Q324753,Tyler Posey,ac35e9eb-ad79-437c-b5bc-ac2cbe2c37e9,,45,false,
guitarist,Q15493504,Aram Mp3,ba5eb5b9-4384-4609-a1c6-01b25fa1894f,,44,false,
guitarist,Q309983,Caetano Veloso,f07dbc2f-317b-470f-bad4-5f1b0eb6faf1,134260,44,false,
guitarist,Q312264,Captain Beefheart,a1594afa-2f6b-4596-a156-a35853dca691,,44,false,
guitarist,Q5214275,Dan Reynolds,d570e140-68fc-40ee-9a7a-0fae7209f784,,44,false,
guitarist,Q2272493,Florence Welch,88798869-338b-418e-9c47-97365444b734,303431464,44,false,
guitarist,Q359552,Gordon Lightfoot,9d97b077-b28d-4ba8-a3d9-c71926e3b2b6,158301,44,false,
guitarist,Q489643,Gotye,6f6fd596-76e0-4b82-aa37-f558ac2d337b,161541223,44,false,
guitarist,Q229018,Jewel,abae8575-ec8a-4736-abc3-1ad5093a68aa,163711259,44,false,
guitarist,Q211976,John Petrucci,556e6577-24b9-49df-944b-242c9c32bf08,6910560,44,false,
guitarist,Q273652,Kitarō,f3d8c154-208d-4efa-b52d-7e9f16adcdae,2382005,44,false,
guitarist,Q157293,Melanie,c8c3beb5-d213-40e6-9ef6-d4e1cad59e12,80010563,44,false,
guitarist,Q311238,Sean Lennon,722c6718-0c61-4db2-a8bc-993a8c5d2baf,,44,true,75
guitarist,Q271637,Terry O'Quinn,,,44,false,
guitarist,Q297552,Tom Morello,42a636a0-dbe4-4d0c-abe2-1590fad9531b,466357,44,false,
guitarist,Q276170,Alejandro Sanz,9bacf78f-9132-43da-8873-8a9eb49da0e9,162036,43,false,
guitarist,Q236075,Aly Michalka,84b087a6-a86e-4c6f-a207-90b676754ff7,,43,false,
guitarist,Q223741,Brian Molko,ef7d7e16-e0e2-426c-812b-911c346e8c3c,,43,false,
guitarist,Q310339,Carl Perkins,068bd7ab-c38e-4fae-8ed2-cb0c153ed68f,251646,43,false,
guitarist,Q333632,Chico Buarque,3a5d1cc7-627e-48ea-aba3-fdd20d782c33,,43,false,
guitarist,Q310170,Curtis Mayfield,4dca4bb2-23ba-4103-97e6-5810311db33a,,43,false,
guitarist,Q57339,Don McLean,fa19ee38-c2a9-4ed1-9b24-a18100cf9db3,733872,43,false,
guitarist,Q317427,Donovan,72d7d717-0837-4f2a-9641-d0f9fdd3acf7,,43,false,
guitarist,Q20029978,Finneas O'Connell,151cd917-1ee2-4702-859f-90899ad897f8,1138790033,43,false,
guitarist,Q293985,Georges Moustaki,6e6dc19f-cfa9-45e8-aaad-ab1d92c60a80,,43,false,
guitarist,Q110919,Gerry Rafferty,563201cb-721c-4cfb-acca-c1ba69e3d1fb,5569956,43,false,
guitarist,Q232468,Gianna Nannini,116ed804-4d04-43fd-809f-24e18b17233c,13497899,43,false,
guitarist,Q297097,Jack Johnson,ff6e677f-91dd-4986-a174-8db0474b1799,909253,43,false,
guitarist,Q1138674,Jesse Plemons,,,43,false,
guitarist,Q313378,Joe Perry,be797221-0117-45e3-81da-996f8d29db62,,43,false,
guitarist,Q296876,Maurice Gibb,00ef990b-098d-4bf6-897b-708e35638854,,43,false,
guitarist,Q315408,Peter Green,9a6adb63-10a9-417a-8cd9-3b0fcf5475c5,,43,false,
guitarist,Q149074,Rambo Amadeus,fd673f97-a906-4eed-89a8-f58fe28ccc30,286124931,43,false,
guitarist,Q224650,Sarah McLachlan,ce58d854-7430-4231-aa44-97f0144b3372,111192,43,false,
guitarist,Q233750,Skylar Grey,9ad10546-b081-4cc8-a487-3d2eece82d9e,403746928,43,false,
guitarist,Q501296,Andrew Fletcher,0042aa4d-a972-4a2a-b7cf-8044d09bbc67,,42,false,
guitarist,Q45667,B.o.B,94c338ff-1985-4429-9dc8-997b61bb5932,259700865,42,false,
guitarist,Q312559,Bill Wyman,2d33fef2-f1c4-4123-af0e-12fd690b3687,,42,false,
guitarist,Q94831,Blake Shelton,2ad66473-ccb3-41d2-8756-b56680cdfe62,189204,42,false,
guitarist,Q314208,Buddy Guy,4336a134-d091-4e54-9967-c7c433db6d4e,97577,42,false,
guitarist,Q313009,Chris Isaak,479497d4-e7c2-4e78-972e-56e78fac3995,151329,42,false,
guitarist,Q266544,Chuck Schuldiner,59f751b5-291d-42be-b490-bdc856ca45c1,,42,false,
guitarist,Q228860,Colbie Caillat,efc8a006-d0c6-4a9b-8cb1-91ca770fa2b9,251316699,42,false,
guitarist,Q216913,Deryck Whibley,9a458130-4e20-4f29-aaee-99784f29c7f5,,42,false,
guitarist,Q316454,Don Henley,b2c2d4fe-8c1e-44ec-8be6-ff500e105a90,,42,false,
guitarist,Q437551,Eric Carmen,4e6daf86-a5c9-42ea-9bd2-9482a71c38d4,20534,42,false,
guitarist,Q601617,Guy Berryman,18690715-59fa-4e4d-bcf3-8025cf1c23e0,,42,false,
guitarist,Q1148937,Iwan Rheon,b685894b-3f8e-4d7d-a79d-e1d01eeb4c69,375734057,42,false,
guitarist,Q271656,Janick Gers,d883f57b-9696-4273-9272-150a8df82360,,42,false,
guitarist,Q295817,Joey Jordison,ba67b04a-0c85-45b0-93ee-0d0e66fc19df,,42,false,
guitarist,Q286410,Jonny Greenwood,e9fcfbbf-1743-4f73-8744-ada8da7394ea,,42,false,
guitarist,Q357974,Julian Lennon,fbe1a6d6-12c9-459e-bf73-fdcc76b14b7e,,42,false,
guitarist,Q24883319,Phoebe Bridgers,96855c21-b832-4366-ba12-0d2330c36a86,697833299,42,false,
guitarist,Q331922,Rory Gallagher,933fdeae-ec68-48e9-a752-8bcfd44bc429,2415529,42,true,94
guitarist,Q362353,Vincent Gallo,59e7ace7-3233-4f56-af78-4765957402cb,,42,false,
guitarist,Q251287,Waylon Jennings,1a46826b-4d73-4e04-8590-f36c9d832f9e,70127,42,false,
guitarist,Q232462,Ani DiFranco,a7bdc71f-697a-45d9-92b2-a01fbbe50272,3627568,41,false,
guitarist,Q72096,Chet Atkins,5810667a-9db6-4fd0-abac-667cdac5d415,212083,41,false,
guitarist,Q457306,David Cassidy,37095068-147b-4c68-8d79-ea25a92b590a,2290786,41,false,
guitarist,Q229144,Eva Cassidy,6f2dfabb-f0bb-4801-a392-592489a148e7,1102077,41,false,
guitarist,Q313683,Jack Bruce,94a24504-3548-4bde-a89b-273d277d194e,,41,false,
guitarist,Q299122,Jeff Hanneman,c96af26a-6b62-4190-b707-20c057e31c17,,41,false,
guitarist,Q312870,Jerry Garcia,1ecff755-607d-4130-9a8a-8873f27e5de5,931545,41,false,
guitarist,Q326538,John Fogerty,c3649208-0ebe-449b-b1d7-4bd6c560f109,147445,41,false,
guitarist,Q164757,John McLaughlin,fcbc2086-5863-4659-b03d-44be704697d2,41406758,41,false,
guitarist,Q822029,Jonny Buckland,d156ceb2-fd90-4e82-baea-829bbdf1c127,,41,false,
guitarist,Q2783855,Kacey Musgraves,d1393ecb-431b-4fde-a6ea-d769f2f040cb,466044182,41,false,
guitarist,Q297210,Kerry King,6545b2a5-bbdd-408d-9169-3d7aeade8093,,41,false,
guitarist,Q183092,Merle Haggard,deb2448c-6fdf-4d31-921e-757630515dbd,,41,false,
guitarist,Q77040,Richard Kruspe,2c449bbd-b19e-456b-af78-f2e592ff2245,,41,false,
guitarist,Q311256,Richard Marx,e33c460f-011a-469a-b934-08932a3729c4,16542,41,false,
guitarist,Q295153,Richie Sambora,3ae4a23a-80a2-408f-9079-d6571c2525ae,85507,41,false,
guitarist,Q351061,Ryan Tedder,0bc6d6e7-0858-4b73-a079-7aa681095f98,1390037027,41,false,
guitarist,Q49888,Solomon Burke,d5c79890-36c5-4f1b-bed3-4468eee093f3,,41,false,
guitarist,Q213952,Steve Morse,6f0d1ab4-a0b8-4d59-acda-5fe3b63058f0,356239,41,false,
guitarist,Q352766,Steven Wilson,3a51b862-0144-40f6-aa17-6aaeefea29d9,428011728,41,false,
guitarist,Q319502,Sufjan Stevens,01d3c51b-9b98-418a-8d8e-37f6fab59d8c,4273404,41,false,
guitarist,Q236066,AJ Michalka,58f2c830-462f-4dde-843e-9adea707b771,,40,false,
guitarist,Q313260,Al Green,fb7272ba-f130-4f0a-934d-6eeea4c18c9a,99603,40,false,
guitarist,Q270970,Alexi Laiho,48c7deb0-e19d-4e0b-86f1-ed799ca9dc73,,40,false,
guitarist,Q316102,Compay Segundo,8b8ab7a4-add8-4353-a586-e1086e521af8,763444,40,false,
guitarist,Q346785,Dick Dale,cc6115aa-379c-4133-9f46-5743a4a341d0,,40,false,
guitarist,Q5969,Eddie Cochran,17995d1c-5b3c-4ee9-98f5-105ee3b4ada1,,40,false,
guitarist,Q336272,George Clinton,84683370-5eae-418b-acd8-883ac028a8a0,291329,40,false,
guitarist,Q366584,George Strait,5ab2cf34-517e-48eb-b3a5-34e1cbcd600a,96353,40,false,
guitarist,Q44780,Howlin' Wolf,ca5b38c2-f39d-45a4-ad3d-daf4448846ef,,40,false,
guitarist,Q717626,James Arthur,56f62fe8-d3a0-46e0-b5df-a64a8b4b4274,193502798,40,false,
guitarist,Q317784,Jermaine Jackson,ccbdc2ab-1055-44d5-8417-a6b4898bf91b,46827,40,false,
guitarist,Q230454,k.d. lang,675c1c5e-5625-4a5e-97a2-b02aab5db2fc,147205,40,false,
guitarist,Q230601,KT Tunstall,951d2103-9c7d-4849-ae60-88bf6aa4790b,,40,false,
guitarist,Q371403,Kyle Gass,7ce8600c-41af-4ae2-b20a-c1122cd108c0,,40,false,
guitarist,Q6456303,LP,6301cda3-f614-4501-a1c4-b19b27c2efac,516169807,40,false,
guitarist,Q231233,Miranda Lambert,4eca1aa0-c79f-481b-af8a-4a2d6c41aa5c,18732261,40,false,
guitarist,Q213887,Pat Metheny,7daac7f9-8fcc-485f-a14f-f8091d98cf25,,40,false,
guitarist,Q295542,Paul Stanley,a2567452-7d11-45a7-98ff-1cbbc8ba0910,128936,40,false,
guitarist,Q312276,Randy Rhoads,19dccaac-efa8-413f-9042-28006792e0f2,,40,false,
guitarist,Q248207,Rick James,cba9cec2-be8d-41bd-91b4-a1cd7de39b0c,101367,40,false,
guitarist,Q265179,Rita Lee,3f962bf0-42a0-45a0-830f-07b66301d35f,6710846,40,false,
guitarist,Q318374,Ry Cooder,a4e2650b-938b-4b72-95bc-6e229cd34601,,40,false,
guitarist,Q1047474,Brendon Urie,fa9b664a-cfd0-4088-8ed4-a4d7045d351f,293940247,39,false,
guitarist,Q1076962,Chris Hadfield,73daf3fc-1e3f-4d2e-9e51-3f397d4e556f,,39,false,
guitarist,Q314319,Cody Simpson,afa02917-17ce-439d-8e8d-09980d82d7cf,343196171,39,false,
guitarist,Q82311,Gene Vincent,f491f5ad-0946-40a6-bab9-da319c3f3995,,39,false,
guitarist,Q343075,Greg Lake,6e2fdea5-8960-46ec-8a05-41b7eec3b2a9,,39,false,
guitarist,Q281034,Harry Nilsson,e5963d26-01fa-40f5-b200-e0127f410a45,216403,39,false,
guitarist,Q314358,Jeff Lynne,372304d0-5e6a-4030-bc2b-09bdb0ee8abb,471532,39,false,
guitarist,Q215835,John Entwistle,384d6827-3b17-43bc-acf6-92e618b8ec83,,39,false,
guitarist,Q15772548,Kira Kosarin,508be898-d61f-4787-bc91-c8c145ccb30e,771137526,39,false,
guitarist,Q352087,Lee Ranaldo,6eb1f3f8-5c5a-41c2-a390-f397a2b824a3,,39,false,
guitarist,Q233971,Lenny Kuhr,64ce0b93-22c7-4a0a-8660-b02fcea9bfb7,,39,false,
guitarist,Q505493,Marco Hietala,7244f99c-e056-412c-836d-b3933bb51229,27796350,39,false,
guitarist,Q4271,Mark Hoppus,fcb45d6d-bf32-4c92-8211-c47f6ed3ce75,,39,false,
guitarist,Q491583,Martin Gore,e08ac443-f1d2-4666-abd1-fa5859592981,,39,true,72
guitarist,Q280657,Paul Kantner,bfe46b8e-0c14-41c3-9ffe-c7ce3b53d226,254315,39,false,
guitarist,Q505677,Thurston Moore,8ba48525-d922-42ee-9775-97b7b8f9712e,19843217,39,false,
guitarist,Q239202,Chrissie Hynde,a5d79c54-81c3-4a73-af6a-ad5c143d3f21,,38,false,
guitarist,Q311050,Dimebag Darrell,bded4d70-f13f-41ee-86b9-8c4514086acf,,38,false,
guitarist,Q842850,Ed O'Brien,309d9809-cf74-493a-b56b-1378258f20fd,,38,false,
guitarist,Q332035,Facundo Cabral,d78185b7-a45e-4df5-ade0-9bae97f90d7e,,38,false,
guitarist,Q503264,Gregg Allman,679a4fa1-f7f3-44ca-b440-ad6fb163b10d,,38,false,
guitarist,Q44315,Hide,9d4d2609-c861-45cf-850e-0b76ee610038,,38,false,
guitarist,Q312885,James Marsters,037b9b4e-ddce-4607-9b63-2fb54df432c1,,38,false,
guitarist,Q316282,John Mayall,18c1e06b-fe76-4802-b070-53a2f6b707bd,44649,38,false,
guitarist,Q61973202,Laufey,21a89505-10a9-4ac0-8388-833bc07b9f86,,38,false,
guitarist,Q380147,Lucky Dube,97aeedc1-f252-4cfa-a8d8-c895c490532f,,38,false,
guitarist,Q287514,Marc Bolan,ce0630f0-3f89-49c1-b5f0-acd88dfc9353,3185460,38,false,
guitarist,Q234428,Marit Larsen,7445bc31-8998-4cc1-bba2-b86c15b7c872,121206905,38,false,
guitarist,Q230395,Meaghan Jette Martin,87e5313f-2a25-4317-bc5e-e144ddd4dea3,,38,false,
guitarist,Q69474,Nicole,330e16fb-be7d-4b39-834d-d83b4c62a71a,1206477096,38,false,
guitarist,Q165644,Paul Landers,438cfe24-e99c-4b74-94ff-7289ede0bb46,,38,false,
guitarist,Q313098,Paul Rodgers,723f72bc-b000-42cb-a20d-9f43fee17456,163444,38,false,
guitarist,Q473580,Sergey Bezrukov,f9f8b6a7-856f-4df6-9b57-b24b3e25e99a,,38,false,
guitarist,Q28864768,Sigrid,73183948-2489-41cb-9a2d-8be5071971a5,1206070304,38,false,
guitarist,Q1894125,Sixto Rodriguez,8898cd01-b0c5-41bd-9699-0845fc73efc1,410655634,38,false,
guitarist,Q713829,Sly Stone,a833e001-7c3b-491f-b7d4-2ef367837b95,,38,false,
guitarist,Q342526,Synyster Gates,1a514796-a056-4b62-b54e-363f6fa39ce5,,38,false,
guitarist,Q336222,Tito Jackson,19a3943b-19fb-4781-a585-afe9f46fd6d1,,38,false,
guitarist,Q364131,Bob Seger,4382b934-64c3-47ac-98db-65f26d845c48,26211744,37,false,
guitarist,Q39639,Brad Paisley,6cfd7ffc-824f-4219-8e27-4b9417700f44,203739,37,false,
guitarist,Q242535,Caterina Valente,f8914fed-92f4-4aad-b087-aa29ed509452,,37,false,
guitarist,Q318694,Cliff Williams,44bb6793-2fa2-40be-9377-0bd0242368da,,37,false,
guitarist,Q842267,Colin Greenwood,f23074f4-2c06-477a-bf1d-12fa66e087ee,,37,false,
guitarist,Q313820,Duane Allman,bb45bbe4-172e-4d1d-9d43-9708504f150f,,37,false,
guitarist,Q130242447,Emily Armstrong,1cc9d454-9ee8-4d29-bc8e-c4190cf352f6,497644548,37,false,
guitarist,Q13132,Erik Mongrain,e1626c85-984c-4a25-a9fd-40c6ac28b181,,37,true,66
guitarist,Q220010,Glen Hansard,57f89cad-d2ef-48df-9119-8287b106716a,99200052,37,false,
guitarist,Q44709,Jean-Jacques Goldman,0b3819e6-3fa1-4a50-a84c-f2a62643185d,678728,37,false,
guitarist,Q438542,Ken Hensley,10ee6f43-d884-41c7-b0aa-337b54e5dc8a,,37,false,
guitarist,Q120260,Martin O'Malley,273dc9e0-d747-4982-97d7-d5c46360400e,,37,false,
guitarist,Q297462,Marty Friedman,e43bc702-b387-44eb-865b-3e4f93461c44,,37,false,
guitarist,Q270669,Melissa Etheridge,b3ae82c2-e60b-4551-a76d-6620f1b456aa,117519,37,false,
guitarist,Q237633,Odetta,e81906c6-cba2-44ec-9e39-29737754d809,,37,false,
guitarist,Q313704,Paolo Nutini,24ea074c-59cc-41c5-a5de-f68c2952965f,156669286,37,false,
guitarist,Q312801,Per Gessle,843238f1-ecfa-4a26-9e47-ce52e4ea1e31,23951631,37,false,
guitarist,Q298930,Phil Lynott,6af15841-1d62-495a-8b52-74eb6d603c5f,,37,false,
guitarist,Q117249,Robbie Robertson,a0920ae6-2968-4f92-ac14-67448452bd18,,37,false,
guitarist,Q314397,Steve Winwood,885f90ef-6bd9-409a-b2df-e165e553c68e,84552,37,false,
guitarist,Q17306112,Tyler Joseph,bd5caf6c-647f-4905-9426-70013d5b97b9,,37,false,
guitarist,Q363371,Yegor Letov,cfb3d32e-d095-4d63-946d-9daf06932180,,37,false,
guitarist,Q319610,Ace Frehley,33d700ce-064f-44f6-ab9e-60f9eed0fca1,128869,36,false,
guitarist,Q165634,Al Di Meola,09c0f334-f9de-4970-b9ee-ef799cd093be,814570,36,false,
guitarist,Q344983,Babyface,7fa62c0b-2c74-491e-a2a1-17c3b043f326,12113,36,false,
guitarist,Q204804,Beth Hart,3fe817fc-966e-4ece-b00a-76be43e7e73c,155294,36,false,
guitarist,Q311382,Billy Corgan,3cbfd3e3-6d9b-4327-84ba-42cf646c98f9,,36,false,
guitarist,Q265252,Buckethead,b5179744-f217-4455-9d8b-17b8d4fdeb93,,36,true,92
guitarist,Q297232,Clint Mansell,fc015f11-be38-4b7d-b3e8-5d809242ecec,7239849,36,false,
guitarist,Q254110,Fernando Sor,8ff25779-eb1d-4d24-bf91-3118bdfb4225,,36,false,
guitarist,Q723430,Frank Iero,358db9a2-3c78-4afb-93b5-d18b34b86eab,335060934,36,false,
guitarist,Q44606,GACKT,e7a8e086-16df-44a7-91e4-640986bcff72,257553898,36,false,
guitarist,Q310749,Glenn Hughes,78692212-af57-402a-a291-3938ca356500,932047,36,false,
guitarist,Q320621,Izzy Stradlin,d8433dee-d1a8-4b40-b27c-40bc53481167,,36,false,
guitarist,Q317262,Johnny Ramone,d0fbf734-a7cb-41f2-9194-2cad1220f962,,36,false,
guitarist,Q332635,Johnny Winter,8300d0fa-d120-47f6-a84e-91f140c74767,474961,36,false,
guitarist,Q254576,Judy Collins,06f9c474-0547-40fc-be3d-1ae6ce38abd7,193870,36,false,
guitarist,Q689968,Luca Hänni,f27db7be-0c89-4e60-b245-295180feec90,luca-hänni/522425814,36,false,
guitarist,Q653086,Passenger,186e216a-2f8a-41a1-935f-8e30c018a8fe,396255033,36,false,
guitarist,Q379802,Phil Ochs,80cd255d-995c-47f1-a5bc-cc34669a37a0,35636,36,false,
guitarist,Q311900,Robby Krieger,b553f0ad-4543-46f2-88ea-1dc94a11c91a,,36,true,80
guitarist,Q332525,Shannon Leto,ff7ddfbc-e2da-4e2e-95d1-e6242bb44a84,,36,false,
guitarist,Q238795,St. Vincent,a76e1638-fe14-4b5a-a191-d216dd2312e9,198271209,36,false,
guitarist,Q353023,Taj Mahal,4f48167c-29b8-4bde-a749-6803ce0a3922,10735,36,false,
guitarist,Q356487,Tim McGraw,7e5cfc9a-e9e1-46f1-b81a-861b12049488,3496236,36,false,
guitarist,Q540134,Trini Lopez,52086001-fe0e-42ee-884e-49a0881bf8c8,,36,false,
guitarist,Q249719,Yui,80d1d7e0-fdab-4009-8375-54bd63d74c0e,,36,false,
guitarist,Q319907,Can Bonomo,f58c1a6a-6450-4b81-a409-1a6b6266ee88,,35,false,
guitarist,Q294723,Chad Kroeger,a59edb65-fae2-4344-b77a-5232516d4d7a,,35,false,
guitarist,Q472535,Desi Arnaz,d16b8052-e213-4a61-bc57-eea94886141d,,35,false,
guitarist,Q335629,Devin Townsend,93e8c41e-8e4f-4d08-bbf5-bc1a903b2423,30462631,35,false,
guitarist,Q505486,Emppu Vuorinen,bbb36859-0d26-4d55-8e4d-423ba075cd00,,35,false,
guitarist,Q15459513,George Ezra,2c5e2a98-d9ea-46b5-9618-d9bb4863a920,705812852,35,false,
guitarist,Q186924,Hillel Slovak,e9abbfc9-6140-4fdc-ba65-eb6592533134,,35,false,
guitarist,Q442830,Ivan Urgant,c43e03a3-029f-4f88-9a34-ce40dd4d8d09,,35,false,
guitarist,Q17811637,James Bay,6a997121-0919-482b-a91b-c6fe1b55a4b9,369659529,35,false,
guitarist,Q20744456,JC Gonzalez,,,35,false,
guitarist,Q354033,Joe Walsh,c6f5969f-1f65-465c-8603-ec2d1e31e39d,34507,35,true,78
guitarist,Q315650,Jónsi,af00f655-402f-4d80-bb83-de525cde7a8d,330298452,35,false,
guitarist,Q237548,Kate Nash,49018fd2-95ef-4f7e-92bb-813159909314,213167944,35,false,
guitarist,Q315547,Keith Urban,f45da029-7b00-4bf3-962c-0eeb20309cc4,549836,35,false,
guitarist,Q240570,Kim Gordon,19301485-ac9c-4dad-885b-cd8e8c8b4184,27266002,35,false,
guitarist,Q252248,Link Wray,1c1c86a2-7850-47ac-8771-ae6359bae2b7,,35,false,
guitarist,Q314424,Mark Salling,8a51cac0-9326-4c40-a820-4560124d18a8,398005474,35,false,
guitarist,Q312696,Mick Taylor,c7a99436-6da3-4190-8ce7-9cd44d62fcd4,,35,false,
guitarist,Q314877,Patrick Stump,563abe5e-06b1-430d-99d4-7abf981c6e5a,,35,false,
guitarist,Q337089,Peter Frampton,638206ee-0e3d-47cf-9769-d73330b15a87,106848,35,false,
guitarist,Q234104,Shirley Manson,aec47016-842a-48cd-b939-159b2b91f8e8,,35,false,
guitarist,Q503886,Sterling Morrison,af1b9cbb-bba5-4601-b4e3-9b06617ace21,,35,false,
guitarist,Q311601,Tom Dice,87915554-90a4-4194-b5f1-88a4814ea4a6,,35,false,
guitarist,Q298601,Wes Montgomery,663f8232-8c46-4851-803f-a91d31593b14,,35,false,
guitarist,Q342045,Đorđe Balašević,7e411606-59b6-4214-a12f-2798d2e4c683,,35,false,
guitarist,Q284017,Atahualpa Yupanqui,291aaf6f-3553-462a-92ed-0f91f19f75fb,,34,false,
guitarist,Q62557,August Diehl,acd90d4e-4854-44e5-adb3-3c91259d72d2,,34,false,
guitarist,Q380849,Ben Harper,1582a5b8-538e-45e7-9ae4-4099439a0e79,644708,34,false,
guitarist,Q467027,Buffy Sainte-Marie,7b1a3022-6f4d-4c6b-acb3-bfa8919222b9,182972,34,false,
guitarist,Q53714,Chord Overstreet,e1d30dc5-9096-4706-95dc-486b2ab52a89,466722238,34,false,
guitarist,Q261812,Drake Bell,094f10e7-27d5-400d-a145-331013e67229,49635456,34,false,
guitarist,Q311580,Eric Johnson,b53868c8-3654-41d3-91db-3c5a1237f0c3,,34,false,
guitarist,Q318871,Euronymous,5d9313c9-3ce4-49d7-8f53-3f9e44812765,,34,false,
guitarist,Q317469,Glenn Tipton,13b14a2e-470c-434c-8f89-c8763f849e2c,,34,false,
guitarist,Q317516,James Denton,,,34,false,
guitarist,Q356994,Jarvis Cocker,38550441-d437-4aff-867e-e79bf0c04142,4271636,34,false,
guitarist,Q313559,Jerry Cantrell,960eb93f-e73c-4df8-864d-08a06c2dcc11,462225,34,false,
guitarist,Q464277,Jim Croce,fcfa9543-e113-4ef9-9ef6-455ba4cbe7af,19523393,34,false,
guitarist,Q506592,John Phillips,1333db0b-41d1-42fa-8e7e-526b4cc70d64,,34,false,
guitarist,Q317742,Johnny Marr,ff621094-2a76-401f-8398-b75b5fd2be24,,34,true,76
guitarist,Q313749,Jon Anderson,24202038-7b02-4444-96c2-cf2fc7b81308,,34,false,
guitarist,Q216927,Kris Allen,9ce29a24-b118-41a3-9297-2618f26b124d,,34,false,
guitarist,Q435306,Lindsey Buckingham,5d12875c-a197-43b2-8f29-41dc0ad895c3,201419,34,false,
guitarist,Q163211,Lita Ford,f20ba447-269a-445a-9347-c1ec8632c455,31253,34,false,
guitarist,Q319277,Mark Lanegan,a9126556-f555-4920-9617-6e013f8228a7,484831,34,false,
guitarist,Q352540,Michael Pitt,efcab137-a6fd-49d5-8d3e-31dbffe36f03,,34,false,
guitarist,Q316878,Mike Patton,6e891631-d99c-4768-8bc2-5e5feb42881c,,34,false,
guitarist,Q311875,Pete Doherty,94f6def3-dbfe-403b-bb40-d324c8c13fbb,68159775,34,false,
guitarist,Q505285,Richie Havens,b45ea9f4-d0a1-45e1-b3a8-bf4fe509b8d0,345378,34,false,
guitarist,Q157707,Rudolf Schenker,690c8bf1-9499-4c9c-9b5e-9758378cb5c7,,34,false,
guitarist,Q312060,Simon Le Bon,6ef12fc1-40f4-41ea-ac52-f487840255bd,,34,false,
guitarist,Q438106,Sister Rosetta Tharpe,f5625c87-5a62-4b3b-a375-fe08a71acddc,83567,34,true,88
guitarist,Q352999,Son House,8c87dda0-be58-4e48-a3b5-2626f26364c7,,34,false,
guitarist,Q354496,Stephen Stills,5642774a-72c0-4099-8da4-7c1ab36378a8,199959,34,false,
guitarist,Q315811,Steve Hackett,f4eb8346-052d-4a5c-8393-cba3aeadb4d9,14551412,34,true,96
guitarist,Q251068,Wang Leehom,ae0fd83f-8e50-4cb4-935e-ac7c0b7d7d17,,34,false,
guitarist,Q144746,Zakk Wylde,b109e75a-89d9-4fb2-843c-c0418b755d4c,476269,34,false,
guitarist,Q552925,Arlo Guthrie,b8efe8ac-45db-4a71-bb51-c1503986172f,,33,false,
guitarist,Q313849,Ben Moody,0d00b498-512d-4a4d-9234-a4d710f37e6d,6489947,33,false,
guitarist,Q542101,Boris Grebenshchikov,2fccd72c-a3ba-4ca6-a89b-4024358c4f78,728366157,33,false,
guitarist,Q365042,Bret Michaels,4d4af9d3-3775-4f87-8f7c-abc198a64018,,33,false,
guitarist,Q354519,Charley Patton,c71b4f57-29da-4bf2-bccb-9dc81cd2d905,,33,false,
guitarist,Q445438,Christopher Cross,883e4ba4-8ccc-47ed-81df-df51e41792a9,,33,false,
guitarist,Q311964,Damien Rice,2119beb8-6ac5-4f21-82a4-b831c90c0024,2249490,33,false,
guitarist,Q317095,Dexter Holland,dbdf3e41-1978-49ba-8e23-2d09fe15347a,,33,false,
guitarist,Q2355665,Douwe Bob,67c17b17-7c22-4d15-ba6c-4ca675bb60b3,563141591,33,false,
guitarist,Q232035,Francesca Caccini,eb14f97b-6b71-4fb7-af08-65481fd2c7f2,,33,false,
guitarist,Q22964146,Freddie,87016a68-0877-43cc-9ded-219b2f1abaf0,,33,false,
guitarist,Q436209,Freddie King,d6ae4b23-965f-485a-b2c2-66c43ffaef20,,33,false,
guitarist,Q357211,Graham Nash,2ed8ecda-5bb9-4d9f-8c99-0bf9b85b3624,,33,false,
guitarist,Q533284,Gustavo Cerati,979d01bc-a4da-4c80-8cc1-be40bd35cd5e,,33,false,
guitarist,Q258750,India.Arie,38c7a3b2-17fb-4166-b964-4e445d69efdd,92325,33,false,
guitarist,Q151304,Jack Antonoff,1155a7a9-a7b4-46ba-ba27-6b6c98be487e,45397259,33,false,
guitarist,Q713477,Jacques Dutronc,a65f4f19-9f4c-4a44-906f-87aa4ceee900,2952255,33,false,
guitarist,Q1320912,Jake Bugg,0d9905e6-add6-4713-94ca-9f686f9b5e9b,445598869,33,false,
guitarist,Q232193,Joan Osborne,746916c9-fd36-44e6-823d-03185e596f58,,33,false,
guitarist,Q347717,Joe Bonamassa,984f8239-8fe1-4683-9c54-10ffb14439e9,878402,33,false,
guitarist,Q219638,Josh Klinghoffer,3f6e1477-03dc-4117-ac15-ec53b776e9a0,,33,false,
guitarist,Q355397,K. K. Downing,e6fbb8f7-9545-4f3f-b835-2fed39022f89,,33,false,
guitarist,Q242608,Kathleen Hanna,4638653b-a279-42d6-bd8c-b2bcb9a19f77,,33,false,
guitarist,Q311181,Miyavi,63ba8239-cac4-402c-bef6-f26da4881da4,76063095,33,true,77
guitarist,Q231015,Orianthi,15674cab-ca9c-4704-b15f-c601d2f4409b,253190707,33,false,
guitarist,Q315092,Paul Gilbert,453321a7-3a77-47b0-8125-7bd385f3a730,,33,false,
guitarist,Q349461,Randy Jackson,593abf14-4292-4d62-b365-79c7674cd1a5,,33,false,
guitarist,Q377956,Silvio Rodríguez,42e1a761-429e-403c-971a-e85c2f748cfa,303508,33,false,
guitarist,Q236370,Souad Massi,0f7a9866-5644-4a45-9781-b87e60eb3269,13453210,33,false,
guitarist,Q453406,Stanley Clarke,5ab6ca23-9e17-43f2-ad92-869d28bdbf11,544227,33,false,
guitarist,Q318483,Steve Lukather,bd268536-b428-4e8f-b358-77b0622b62ff,,33,false,
guitarist,Q379824,Tadanobu Asano,772e7307-c0eb-4f90-9795-5a70344ed07e,,33,false,
guitarist,Q334670,Ted Nugent,e491fae8-3a5a-438e-8368-925753fb41a1,462527,33,false,
guitarist,Q559819,Toby Keith,2f951906-5629-4fef-a260-5033151c162a,,33,false,
guitarist,Q46132,Alvin Lee,0ddd15e3-d39f-475e-a91f-2e82377d3804,,32,false,
guitarist,Q454260,Amandine Bourgeois,b0b2edd3-36a6-440f-87fe-e8a78ce3ac2b,314556401,32,false,
guitarist,Q1195390,Andrew Ridgeley,6a07c595-3096-43c2-99f2-509c0762b822,,32,false,
guitarist,Q2227698,Andrey Makarevich,2619c907-4ae9-4c98-b464-31d7cb71f54f,658212865,32,false,
guitarist,Q170042,Bill Monroe,2a2be593-6984-4640-8cf1-717ec7a6e18b,,32,false,
guitarist,Q369898,Billy Gibbons,f2c2f494-c2c3-42f9-85a8-576da85f9b90,185563,32,false,
guitarist,Q511259,Chris Norman,197889a0-15b6-40bc-89b1-8859137bf823,7595134,32,false,
guitarist,Q352473,Dave Navarro,ae21a40c-e6de-4419-9295-d4fddcc0d215,564500,32,false,
guitarist,Q310580,David Cook,966e1095-b172-415c-bae5-53f8041fd050,,32,false,
guitarist,Q933598,D’Angelo,b66771cc-45fa-4a32-b14f-5337d7223d7a,640286,32,false,
guitarist,Q256856,Elisabeth Andreassen,c21c35ac-8228-4500-9c70-d03bdf971d05,68372704,32,false,
guitarist,Q707255,Fatoumata Diawara,6f5064bb-7dbb-4a44-bac5-04c467394817,466213610,32,false,
guitarist,Q45116,Herman Li,7f97247b-54dc-4be5-900e-962c0fd08fee,,32,false,
guitarist,Q316301,James Morrison,88a8d8a9-7c9b-4f7b-8700-7f0f7a503688,2473332,32,false,
guitarist,Q314245,Jason Becker,5cec93ac-6c6e-4902-b791-c3227742db15,,32,false,
guitarist,Q561596,Johnny Clegg,961498e7-b097-4341-891d-781235a8aebd,14198090,32,true,72
guitarist,Q160778,Kai Hansen,73dcbc17-9c8b-435c-a2b2-4c20ce6ccefc,,32,false,
guitarist,Q3784982,Lesley Roy,a077e472-f288-4005-bf10-6ddd1090f04b,,32,false,
guitarist,Q26294,Logan Henderson,c94f1ab4-1c65-4b88-8975-cd79ebc879aa,474858267,32,false,
guitarist,Q544641,Mikhail Boyarsky,60ed79e0-159c-4b81-ac6c-fa86498f7e3c,633401107,32,false,
guitarist,Q43571872,Mikolas Josef,386d7d50-62ef-4d3b-9a4c-60ce31072775,,32,false,
guitarist,Q542847,Milton Nascimento,1bfa27e3-0376-4206-a772-4586e25a64f5,10453,32,false,
guitarist,Q371986,Paul Weller,c4406045-e640-4cfe-8b88-4732cce314d4,247285,32,false,
guitarist,Q366807,Phil Campbell,9886202d-1197-408c-9edf-581a9531e71d,,32,false,
guitarist,Q343069,Rivers Cuomo,87b6344f-c874-49ce-a8b3-e467ed6e05d0,24938402,32,false,
guitarist,Q501996,Scatman Crothers,e021f6ba-a90f-4401-b223-b639fb5fb3ef,,32,false,
guitarist,Q272374,Susanna Hoffs,75936880-d5bd-47a3-b167-00d67c82a6c5,827022,32,false,
guitarist,Q16547791,Tomo Miličević,9aefdc6e-d6b5-4c66-9717-484abfc65dab,,32,false,
guitarist,Q315850,Akira Yamaoka,23a32153-7314-4359-a5cd-9e584fe83504,262028864,31,false,
guitarist,Q448837,André 3000,f563a1a9-069b-41ed-8b3b-e1b1a6f5b34b,,31,false,
guitarist,Q315758,Andy Summers,7d81816f-200c-47d3-a71d-4421b3185d45,271685,31,false,
guitarist,Q232348,Cat Power,05755bf1-380c-487f-983f-d1a02401fa28,2959120,31,false,
guitarist,Q16390683,Courtney Barnett,55111838-f001-494a-a1b5-9d818db85810,479276137,31,false,
guitarist,Q380381,Dave Matthews,2fa95b32-3c11-42d7-b495-12fc6be0a024,5192163,31,false,
guitarist,Q314130,Dmitry Koldun,f7f3e5e5-8d4f-4a4a-9b66-15772635dfdc,,31,false,
guitarist,Q713099,Dwight Yoakam,0fb711af-c7ba-4bdc-b0b6-b8495fc0a590,,31,false,
guitarist,Q324981,Francis Cabrel,9476ee3c-ede2-46e8-ae24-ce2db54b5df3,296102,31,false,
guitarist,Q466120,Freddy Quinn,9f23b139-e3b7-49c4-b17c-460c5d50ae52,7667482,31,false,
guitarist,Q472578,John Martyn,e821a756-487f-4931-a02f-27cf11cec7bf,84297,31,false,
guitarist,Q158753,Juan Luis Guerra,c3dcad1b-1380-4a94-98d8-3f8272f19df6,6786499,31,false,
guitarist,Q542886,Jørgen Ingmann,67e5cdc2-7bf2-4942-930a-c8e3f308429f,,31,false,
guitarist,Q435965,Kenny Loggins,15042d2b-2d4c-4451-a96a-6f547642de13,59300023,31,false,
guitarist,Q233977,Lene Marlin,2a141b9a-d109-4f4d-8085-781e7b194bca,15028263,31,false,
guitarist,Q233793,Lenna Kuurmaa,b3e5b5a8-31c3-4609-bda6-1910a8ad6ea3,,31,false,
guitarist,Q319374,Leon Russell,d4cc0ed5-0f76-4188-9e14-2a23ca12188a,34503,31,false,
guitarist,Q380261,Little Walter,5545a012-0977-46ff-9d69-39bf5952616f,,31,false,
guitarist,Q28573952,Manel Navarro,b084d62f-9f17-429e-89fd-0c8840b741b3,1224779135,31,false,
guitarist,Q504658,Marty Balin,dd0fffb5-de0e-4a4a-a279-e4c52a76f516,,31,false,
guitarist,Q61334,Matthias Jabs,0ed00f32-560d-4333-9093-c406c02d03ac,,31,false,
guitarist,Q1242168,Michael Schulte,5ea48d60-26c9-406c-aed3-a450bb5d8e86,368983470,31,false,
guitarist,Q315199,Mick Thomson,294ae9b7-1ea7-431a-997f-8f28690f3c08,,31,false,
guitarist,Q321092,Mike Rutherford,661288a1-6d34-46aa-900b-77d18aa82d21,,31,false,
guitarist,Q289003,Myles Kennedy,2e0fffcf-0ed2-4661-9c38-f67be9cca9b0,471321,31,false,
guitarist,Q348436,Naoki Urasawa,11ebff31-420a-4ce0-bf4b-78a32983b461,,31,false,
guitarist,Q497759,Nile Rodgers,c6d571dd-c0ae-4ac8-9500-780b1b9b25e5,722791,31,false,
guitarist,Q346801,Peter Buck,2bab20bf-8dab-4af8-b7b0-ba8e30860261,,31,false,
guitarist,Q488603,Scott Walker,99524243-dc2e-4bf3-82c0-72395391d21f,13432236,31,false,
guitarist,Q435060,Steve Albini,a4d486bd-6020-4a36-9c7d-bf5ce174bcd1,,31,false,
guitarist,Q312691,Steve Howe,9a4f2c10-60d6-4f78-9f8c-c0162424c41f,,31,false,
guitarist,Q354181,Steven Van Zandt,de53495e-ad5a-4c30-82ab-05e7e3ec7b4d,,31,false,
guitarist,Q256884,Thomas Ian Nicholas,e829ad03-91b4-4304-b0d1-a5db57bcc8d7,262198544,31,false,
guitarist,Q1622098,Tom Kaulitz,4032c572-8a57-4961-8a2c-ab6b7d83663c,,31,false,
guitarist,Q313670,Tommy Bolin,1edd8e9a-0deb-4548-a2a3-679af784f6c6,,31,false,
guitarist,Q310298,Tommy Emmanuel,50c629c6-6f22-4bf9-a3c2-f2855e6704be,657808,31,true,90
guitarist,Q313029,Tommy Thayer,fd1b6089-e607-4150-a072-001a6e74410d,30522546,31,false,
guitarist,Q235223,Wanda Jackson,550fbe01-42e9-4006-bcd0-6a1854dceb8f,7036716,31,false,
guitarist,Q44721,Wes Borland,6ed22d35-c6fd-4846-8108-1f71d1ee0f82,,31,false,
guitarist,Q459456,Yuri Landman,cfd2b2f0-9932-405c-9f79-b04580fbaa1a,,31,false,
guitarist,Q657604,Zacky Vengeance,e3df81c7-2ed9-4c35-90ca-6ec8069225aa,,31,false,
guitarist,Q234394,Åse Kleveland,2997dc59-3be9-47f0-997a-42523f48148e,,31,false,
guitarist,Q363019,Adrian Belew,73c3f499-60e2-44e1-81dd-7fe2191461fa,,30,false,
guitarist,Q348177,Alex Lifeson,3ccd2160-2d09-4835-8782-0aa68faa278e,,30,false,
guitarist,Q285254,Allan Holdsworth,a6396e33-9298-493e-9409-f0e1366b326b,31278220,30,false,
guitarist,Q944744,Bill Bailey,70ec1658-ffee-4c3c-9e76-3c32b034b513,,30,false,
guitarist,Q507734,Chino Moreno,e61400d1-9434-4abc-ac7a-4f1dad60cfc7,,30,false,
guitarist,Q28256,Chris Broderick,35831efe-a3ae-46a3-aeab-4c27672ea748,,30,false,
guitarist,Q231472,Corinne Bailey Rae,bc85c6f6-6b06-44c1-8754-ef32c1e6b824,64996022,30,false,
guitarist,Q433060,Daniel Johnston,8a7ca8b0-d23c-4eff-8fe9-6220ba5c9c76,,30,false,
guitarist,Q325389,David A. Stewart,183da50a-b033-408e-862b-cab1c2425cff,,30,false,
guitarist,Q434367,Denny Laine,c20b66ee-5f30-4346-b648-23979ddc61f8,31360926,30,false,
guitarist,Q366719,GG Allin,0c624637-4a2c-4df0-ba80-b4ddb25bb5e5,,30,false,
guitarist,Q235515,Janis Ian,b72f115c-8afa-4dc5-bc6c-11225a53708a,313376,30,false,
guitarist,Q313813,Jim Root,fe1f7d08-abbd-4fe2-91fe-fe3a803b3ac7,,30,false,
guitarist,Q366358,Jimmie Rodgers,394492c0-cecf-40a8-b676-0e5706317fab,,30,false,
guitarist,Q453583,Julian Bream,5bada1be-28e1-45b8-9d89-6e14700d82d9,,30,false,
guitarist,Q236735,Laura Marling,cd9713d6-6e5f-4143-9412-4d12b7bd47f2,267087057,30,false,
guitarist,Q236125,Linda Perry,26037b3e-064c-4e9d-9d88-ebcd35933272,,30,false,
guitarist,Q233393,Marion Raven,35c5203e-8e88-4f36-9e13-1ede9e059e43,,30,false,
guitarist,Q379560,Mauro Giuliani,fc6a0ffa-4780-4924-a263-0b41a1911057,,30,false,
guitarist,Q954997,Michael Nesmith,9c4df1e9-6092-4862-b493-0b72262d91c8,,30,false,
guitarist,Q57642,Michael Schenker,2bc078c7-bf5c-4d01-b255-6588f82f2ccf,60774093,30,false,
guitarist,Q355382,Midge Ure,24cac374-29bd-499f-a0f8-72165d2f2f43,4347481,30,false,
guitarist,Q737387,Pablo Alborán,c62936e1-7f2a-4c99-b09b-a5bc85d6c1f3,376461725,30,false,
guitarist,Q468815,Peter Cetera,cdcd53c9-f37c-48cc-b7e3-dfe34be22e92,,30,false,
guitarist,Q163063,Peter Hammill,3b972356-4410-4858-ab9c-6e3c3cf76609,,30,false,
guitarist,Q854258,Ray Toro,5438228e-9eb8-4564-9b05-b86aa3e5519d,,30,false,
guitarist,Q120406,Riki Lindhome,4b87bccb-d71b-4512-bb35-3fa302118da7,,30,false,
guitarist,Q347986,Steve Jones,0719f327-24e8-468e-bed0-44214a55a19c,,30,false,
guitarist,Q358538,T-Bone Walker,f1a3fb4a-fff6-4556-a290-3704b109da90,533197,30,false,
guitarist,Q3990695,Thomas McDonell,,,30,false,
guitarist,Q321332,Tony Banks,8b96b0d8-9c36-42d1-b525-627db897d82f,,30,false,
guitarist,Q983074,Toquinho,390ff98c-0614-4927-8b94-db7b40a92bbe,1105787,30,false,
guitarist,Q239587,Aimee Mann,db3c0a20-bf05-4b30-ac22-f294aea24172,115825,29,false,
guitarist,Q353366,Blackie Lawless,edb29eae-4538-45cd-94d8-574fc074d381,,29,false,
guitarist,Q331733,Brian Welch,c6f9dc60-8313-4a95-9edc-0b6913bf4159,,29,false,
guitarist,Q2940239,Carrie Brownstein,2b7d41d8-21d4-4410-a57b-5ddaeb131094,,29,false,
guitarist,Q1108634,Colin O'Donoghue,4ba556d3-6d6c-4bb1-b407-e6d1b09af1cc,,29,false,
guitarist,Q722395,Country Joe McDonald,eff6bb53-849d-44d3-b5cd-8d6e07891796,,29,false,
guitarist,Q323456,Del Shannon,2e885bfb-1f59-49cf-8d51-e743445e1b48,,29,false,
guitarist,Q223443,Devendra Banhart,0110e63e-0a9b-4818-af8e-41e180c20b9a,,29,false,
guitarist,Q455818,Duane Eddy,efc0ee36-ad69-45af-8602-991b254b7529,216289,29,false,
guitarist,Q980220,Eddie Clarke,28f344b7-2261-4bbe-8ce9-a8a31b7fd635,,29,false,
guitarist,Q356598,Elmore James,6fbd2cfb-5f9c-497c-8e06-3c6668367681,,29,false,
guitarist,Q559609,Francis Rossi,1b558654-5935-4b47-99c9-3162e7534c53,,29,false,
guitarist,Q438124,Gram Parsons,cbc83fb1-2c23-4ad1-9187-594b30da3f21,718175,29,false,
guitarist,Q506198,Henry Thomas,01d4eb20-fca7-44e3-9a59-a70e3fd8c75e,,29,false,
guitarist,Q130547,Jason Orange,b874cac5-a751-4b4b-a526-087a7626e709,,29,false,
guitarist,Q505517,Jeordie White,ab4625d4-9947-481c-af95-5955b0b13023,,29,false,
guitarist,Q433054,Jim Hall,8c12559e-ddcf-472a-8a8c-0f0c3fc91c6a,,29,false,
guitarist,Q435600,Jimmy Reed,018d8a5e-76c7-450d-a0a1-a97f8c26466f,,29,false,
guitarist,Q319297,Joe Lynn Turner,47cd459b-06c1-462f-8fdd-27721a03ef68,82593,29,false,
guitarist,Q443327,John Simm,57b92674-da25-4b8b-95dd-b2c9e20cc75a,,29,false,
guitarist,Q366747,John Wetton,50bfd9b9-b5a5-4f25-ad19-b0b129d14267,,29,false,
guitarist,Q958206,Jorge Blanco,b117d9c1-2dd4-45ec-a20d-36e95562742d,343739515,29,false,
guitarist,Q1708504,Josh Homme,dbecd515-aac9-4e7b-808e-bca22809c316,,29,false,
guitarist,Q17403398,Laura Rizzotto,16f5867a-f652-4a89-9682-9f30c587fc68,,29,false,
guitarist,Q73463,Miguel,285e1285-aecc-478f-a8da-0c8cf69e1217,29254083,29,false,
guitarist,Q364864,Mike Mills,525d2a4a-3d81-4d96-9581-3442feed3d2e,,29,false,
guitarist,Q382962,Mississippi John Hurt,802484e0-90de-4611-9fa4-f5ef0c7727b6,,29,false,
guitarist,Q263772,Nancy Wilson,d1153c78-ade9-44bb-b85c-1880dc7687f2,,29,false,
guitarist,Q436169,Narciso Yepes,2c960ed5-a832-4ad3-a8c5-10190e5e19d1,4315679,29,true,87
guitarist,Q742763,Omar Naber,ba5c8832-b93b-4560-9fc2-09063cacb86d,331112507,29,false,
guitarist,Q353973,Pat Smear,3da65013-dfdd-40c7-b9c7-e4c829862c66,,29,false,
guitarist,Q357455,Ray Davies,afac07f5-d4aa-43f4-bad3-6bc2bb474cba,,29,false,
guitarist,Q381022,Ray Parker Jr.,af9c073c-f230-4527-8fcd-2338fe1e129e,3867130,29,false,
guitarist,Q526406,Ric Ocasek,697d4510-c3fe-4e96-bcc9-34739bccde8f,1159915,29,false,
guitarist,Q368354,Richard Ashcroft,2d1d8985-47bc-4244-8cc3-577584e411f6,,29,false,
guitarist,Q436759,Roger Whittaker,80d07b5b-35b1-4d58-a72e-49ac98cba13f,252978,29,false,
guitarist,Q256065,Rokia Traoré,900fb180-4427-4e56-a99f-84adb74bd3bd,,29,false,
guitarist,Q1319593,Stevie Young,bf044a16-241d-498f-a00c-b456e7eb4242,,29,false,
guitarist,Q12375361,Stig Rästa,52986633-a861-4f3e-ae86-94633e048885,,29,false,
guitarist,Q1102269,Terry Balsamo,7c679635-a892-496b-82e7-84abe3eb5739,,29,false,
guitarist,Q364881,Trevor Rabin,884ee438-f185-4b2c-b23b-f96886bdc91f,2320787,29,false,
guitarist,Q439366,Wayne Static,7d4b7cd2-b6c7-473f-8ea3-f9948de34f45,,29,false,
guitarist,Q349551,Adam Gontier,90a85f32-9e63-42f0-9134-013ed8c399b0,,28,false,
guitarist,Q344784,Adam Yauch,0d3bf21a-5eec-443c-9a37-b305598b0840,,28,false,
guitarist,Q2072790,Adam Young,ad89407a-319f-48e1-852c-5e689230ce43,,28,false,
guitarist,Q256783,Ane Brun,d735497b-25f9-4503-8fb5-f50150730c18,24134087,28,false,
guitarist,Q433073,Axel Rudi Pell,c38da5b9-7dad-446c-ae3c-2050e41a3220,,28,false,
guitarist,Q792976,Benji Madden,d1673e08-c8d9-466d-a74b-4cae609f5849,,28,false,
guitarist,Q449239,Big Bill Broonzy,05bc49f8-3108-44c8-82b9-ac3254896a69,,28,false,
guitarist,Q508412,Billy Bragg,7cec4a03-0a83-4308-856a-afb8aa5db0fc,,28,false,
guitarist,Q388286,Bobby Womack,48e78462-2f0b-4a1a-9fa4-0585e2991e80,503682,28,false,
guitarist,Q324764,Bruce Kulick,0f823839-b38d-47a8-a11b-efaa276ca8ae,5297280,28,false,
guitarist,Q551478,Charlie Daniels,80d9e8d6-839d-4ac7-8216-09b58f58b8b2,,28,false,
guitarist,Q364890,Dave Davies,65710ace-d0ea-45eb-afb7-291e6b13bee5,,28,false,
guitarist,Q320915,David Gray,3e8bd859-7d82-49e0-b267-84fc46e2bf68,316381,28,false,
guitarist,Q339423,Fenriz,beeaac75-8fd7-4aee-adb2-4eacf54c4f49,,28,false,
guitarist,Q335184,Graham Coxon,fb56cc34-2ab1-4621-ac18-9bf2895e5f4f,,28,true,76
guitarist,Q349101,Jason White,f9b2a692-b74b-44c2-9bd8-db3119665b33,,28,false,
guitarist,Q712914,Jerry Reed,44419ff2-0251-49ba-933b-b09733ff9adb,,28,false,
guitarist,Q263194,Joan Armatrading,fa598e78-5cc5-4a8b-a3b5-63934d4712c7,42409,28,false,
guitarist,Q370293,John Williams,8b8a38a9-a290-4560-84f6-3d4466e8d791,,28,true,91
guitarist,Q119015,Jorge Ben,19499124-36d4-4ccc-b28d-04dde3d2076f,274604393,28,false,
guitarist,Q280077,Kevin Ayers,ad4ba77a-2382-4367-b687-89d38c58e16d,,28,false,
guitarist,Q240509,Kim Deal,760e4df4-e851-46c8-b34d-afa2e9706831,,28,false,
guitarist,Q19592786,Kjetil Mørland,8d5c086c-cadf-4f28-8042-0752b006548d,,28,false,
guitarist,Q543637,Lyle Lovett,7241e3ed-5ad4-4849-94df-6858ea833472,,28,false,
guitarist,Q1141809,Masaharu Fukuyama,77d17c8b-4614-4a07-b399-b13411fc2c25,120889904,28,false,
guitarist,Q450285,Mikael Åkerfeldt,1a2b4f01-cdc8-406d-b34b-eef8603d104e,,28,false,
guitarist,Q29561472,Morgan Wallen,2077273e-eaa1-4f49-903c-f286ededecb9,829142092,28,false,
guitarist,Q320639,Noel Redding,32e805d4-d6da-4388-b1ad-60d234ce6122,,28,false,
guitarist,Q2994183,Oleg Gazmanov,4d4a6aa6-6ceb-44a0-8ecf-971f0a27b54a,455608815,28,false,
guitarist,Q335579,Omar Rodríguez-López,71297544-fd63-4c1f-8bac-5838ca201e3d,,28,false,
guitarist,Q711197,Otis Rush,40ee7c92-f44a-4d14-9aee-f87244465ee4,,28,false,
guitarist,Q449804,Paul Simonon,64c43453-f396-42b1-bff5-01644d710d94,,28,false,
guitarist,Q961671,Rick Parfitt,d31c63ca-1311-4e36-a33c-2186c9004e15,,28,false,
guitarist,Q455723,Robert Cray,7112c4bc-5b15-4180-bfd5-2ca76745e87c,38265,28,false,
guitarist,Q437970,Ryan Adams,c80f38a6-9980-485d-997c-5c1a9cbd0d64,1010602,28,false,
guitarist,Q7384395,Ryan O'Shaughnessy,cc93c612-0699-491e-b02e-c0394a43136f,,28,false,
guitarist,Q435780,Sammy Hagar,e68b06a4-d47f-432e-89d8-db43c48a2726,256787,28,false,
guitarist,Q430932,Scotty Moore,874219f5-21d4-4fca-be69-02421e638c16,81032673,28,false,
guitarist,Q11892778,Sebastian Rejman,ded8cf39-21eb-4218-ba78-5f809cb3f811,,28,false,
guitarist,Q380289,Skip James,f205743d-4441-471d-a3af-66f584738e29,,28,false,
guitarist,Q471811,Steve Cropper,4387a8ed-8a80-453c-a863-73dc0b23900c,436538413,28,false,
guitarist,Q366777,Stone Gossard,ca7e6e03-4973-45ef-8833-98774a2d4138,472487,28,false,
guitarist,Q430905,Tim McIlrath,157e6a4c-5233-42f8-83f5-e43b0c04641a,,28,false,
guitarist,Q156139,Uli Jon Roth,cc533920-6a69-4b14-96ff-27a4cac89365,,28,false,
guitarist,Q366758,Vivian Campbell,0832f927-9bc6-4bb2-b538-343b29bde2e9,,28,false,
guitarist,Q375792,Warren Zevon,970fb29f-e288-403e-a388-d2a7889bfa47,,28,false,
guitarist,Q257182,Yvonne Elliman,62b9eb3e-c470-462d-8d63-9b6cbac13d62,56359,28,false,
guitarist,Q349127,Adam Darski,1c89a037-2505-4c87-890a-53f681c4bc57,,27,false,
guitarist,Q498745,Barney Kessel,cf347470-d1d1-48b4-bda1-8171418ef5a7,,27,false,
guitarist,Q810695,Bat for Lashes,10000730-525f-4ed5-aaa8-92888f060f5f,145014446,27,false,
guitarist,Q816518,Ben Howard,534dda3c-b73f-408b-8889-bd68eae84df6,432957499,27,false,
guitarist,Q45001,Blind Lemon Jefferson,9481010a-db23-469d-87df-b04118850efb,,27,false,
guitarist,Q712586,Blind Willie Johnson,8a14c00b-4779-44e4-9b2e-4cc9dcd92e9b,,27,false,
guitarist,Q345373,Bob Klose,032a72ba-cf19-4521-bdf2-1d9678736d7d,,27,false,
guitarist,Q888316,Bob Weir,c8a63580-9e6b-4852-bf93-c09760035e76,6563017,27,false,
guitarist,Q272253,Bobbie Gentry,a5106366-6368-4a02-a580-73a3c02abb2f,,27,false,
guitarist,Q335598,Derek Sherinian,a5171273-7c17-4628-8bd2-c372e5cd9586,30456580,27,false,
guitarist,Q260649,Edie Brickell,070473e5-b214-4d6f-a7ca-bc7b84c94fca,,27,false,
guitarist,Q535444,Eugene Hütz,09c7432f-ad91-4203-9568-614242578091,,27,false,
guitarist,Q356792,Frank Klepacki,4f3d90f0-4ea5-489f-a7d5-4c9496949db4,,27,false,
guitarist,Q1153310,Gary Clark Jr.,c733c4e6-22a2-499d-ace7-17b832356aff,266463936,27,false,
guitarist,Q433661,Glenn Branca,7c0735b8-6444-47a3-a244-522fa7925834,,27,false,
guitarist,Q354654,Glenn Danzig,f0bec136-82e8-4fcb-8172-421d9c542d09,,27,false,
guitarist,Q1586454,Harry Chapin,ae4e3542-7838-4a6f-b753-08216be5a6bb,162212,27,false,
guitarist,Q560969,Hermeto Pascoal,c7a4c4a0-9544-44e3-87f2-5779d18b753f,,27,false,
guitarist,Q471774,Ismaël Lô,3a4de95b-22f9-4325-afd6-c4d648befcba,13494038,27,false,
guitarist,Q248981,Jad Fair,be4a8e65-a7ba-474c-989b-ed16e51c1a39,,27,false,
guitarist,Q314343,"James ""Munky"" Shaffer",4726dc2e-9aed-4592-9239-a0874f1d4c57,,27,false,
guitarist,Q326937,James Burton,85234d2c-599e-46a3-b3f0-a349a5a7266e,,27,false,
guitarist,Q320883,Joe Pass,2f43e416-f1bf-4f04-8853-a0019aa12441,,27,false,
guitarist,Q345431,John Mellencamp,0aad6b52-fd93-4ea4-9c5d-1f66e1bc9f0a,79969,27,false,
guitarist,Q337578,Jordan Galland,95234d43-b8dd-4943-92fa-8a892c45c2bc,,27,false,
guitarist,Q315107,José González,cd8c5019-5d75-4d5c-bc28-e1e26a7dd5c8,153417030,27,false,
guitarist,Q18637137,Kelsea Ballerini,779d1126-e48c-43f2-8b51-005f3b116d7e,382270241,27,false,
guitarist,Q443712,Kenji Kawai,c50e52e1-01f4-494d-b1ef-376fe3581d90,76058734,27,false,
guitarist,Q498715,Larry Coryell,5a8f286f-cb7c-4e31-b021-935173f160ed,,27,false,
guitarist,Q363320,Lee Ritenour,0c361ea5-98c6-4947-900b-201833f2dd84,137385,27,true,78
guitarist,Q435552,Lightnin' Hopkins,d5c55b61-78b8-40c9-be1b-de7517c3aebb,179321,27,false,
guitarist,Q437752,Loudon Wainwright III,3ddc1fe4-0abb-4af0-9392-e36720386842,483339,27,false,
guitarist,Q352737,Loukas Yorkas,bedd8858-72a7-4d88-8319-0cc9ec318a0d,425901213,27,false,
guitarist,Q166197,Luke Bryan,aab35942-f176-4f77-bbf9-1d6aa98ccf3f,20131064,27,false,
guitarist,Q51960,Marisa Monte,f81f19b9-c76e-43ac-8656-bb56071785fb,,27,false,
guitarist,Q919565,Marty Robbins,2c2add7c-9a99-4812-a20e-870d331f01fd,208369,27,false,
guitarist,Q240808,Maureen Tucker,66742cdb-d1c2-4546-8204-3ff36db12da9,,27,false,
guitarist,Q242605,Natalie Maines,4c47e18a-c034-4ab6-98a6-110e14b63965,,27,false,
guitarist,Q346794,Nick Simper,00929331-8a98-4651-9052-6feaf0458b81,,27,false,
guitarist,Q2365826,Nikolai Karachentsov,78a01249-3dd4-4298-9cf2-8cf03d1f0db1,,27,false,
guitarist,Q510361,Nina Nesbitt,2e759a02-63c2-437a-ace5-0c8dbc763684,484254148,27,false,
guitarist,Q505692,Peter Murphy,b78346af-e3ce-4b36-a0d5-032414de8a27,,27,false,
guitarist,Q380318,Quorthon,bf348cda-3377-4888-82dc-85bba1a2d50a,,27,false,
guitarist,Q436648,Richey Edwards,2b249e2f-e65e-4e30-a5cc-5a27d56623f2,,27,false,
guitarist,Q1076623,Richie Faulkner,49f4d882-cbeb-4e72-9b42-a043a64151ee,,27,false,
guitarist,Q449140,Roger McGuinn,6ec7336b-a56a-4b5d-bcec-575d2b8ed4e1,,27,false,
guitarist,Q365670,Roy Harper,8fc0c1d2-9be0-464f-98ee-ae7ae5b0086b,,27,false,
guitarist,Q360485,Scott Ian,40b0dfb0-d7e7-4a92-b0fa-12ed9af54993,,27,false,
guitarist,Q105823,Shagrath,f9aed495-59c5-4342-92e2-9c7be82454dd,,27,false,
guitarist,Q342686,Stefan Olsdal,d9a4caf6-9b71-4be1-901f-017f4b40b905,,27,false,
guitarist,Q367617,Steve Clark,bf9249e1-cc5d-4154-866e-afb99c6a09cf,,27,false,
guitarist,Q380125,Sungha Jung,a6c66fb5-c835-4b72-ac97-104cca0d24b1,480089701,27,false,
guitarist,Q235449,The Singing Nun,c26869b8-a6f1-49e3-a2e1-9cb70304f3fe,411097113,27,false,
guitarist,Q333335,"Tim ""Ripper"" Owens",5d61bd85-d2d1-4945-8982-6f85cb206dbc,137020910,27,false,
guitarist,Q1046612,Tom Chaplin,f68af171-56ab-49cb-a8c2-977738f1860e,20576774,27,false,
guitarist,Q505994,Tony Visconti,9472e6e4-3e13-430a-900d-6f075720a5c6,,27,false,
guitarist,Q54867,Trace Cyrus,d24b5b27-13ca-4535-9747-fea99df4766f,,27,false,
guitarist,Q355512,Victor Wooten,1d0ae4e0-384f-4854-a1b4-ebb4cc81414b,,27,false,
guitarist,Q205640,Vinnie Vincent,4eb43471-6a33-4b45-9887-ca85e7fa9114,,27,false,
guitarist,Q4661964,Aaron Dessner,1890e726-4817-42f4-92e7-ca78bef6692a,,26,false,
guitarist,Q453314,Al Jardine,b9bb7959-bdcf-45c2-a73a-0ac2e4333c2f,,26,false,
guitarist,Q1964661,Alexander Gradsky,be3cd5d7-ba60-4533-a42d-385b680d4884,571071316,26,false,
guitarist,Q234727,Ana Vidović,36b04c93-4bad-45e0-96ad-8cf7313ecce1,,26,false,
guitarist,Q527320,Andy Rourke,39ca91ba-e7b9-4e23-b0f0-1bed9d806810,,26,false,
guitarist,Q1524545,Bledar Sejko,d54c5633-24a4-493d-bae1-146ca392f06c,,26,false,
guitarist,Q316528,Blixa Bargeld,b6471e10-c91e-482d-8eb6-2bfe5cf737e5,,26,false,
guitarist,Q710695,Bobbejaan Schoepen,0f272089-81c4-4b83-8c93-a90ac88cf81a,272786582,26,false,
guitarist,Q1056320,Brad Whitford,31a619cb-ffed-4a15-ac2b-0934f40a82ce,,26,false,
guitarist,Q552479,Brendan Perry,406fa1ec-0f9f-47ac-b2a3-52eccf987af6,3031456,26,false,
guitarist,Q344013,Brett Anderson,a42d2c52-e224-4903-8c6e-fffb2f682fb7,,26,false,
guitarist,Q504920,Carl Wilson,aecfaa2c-d042-40b5-b4c4-05534acafd3a,,26,false,
guitarist,Q1066772,Charley Pride,1c1de177-984d-4208-9177-ca94f8776a39,,26,false,
guitarist,Q465636,Doc Watson,8aa38215-217d-432e-aca6-f2d85b05e843,,26,false,
guitarist,Q704399,Don Felder,49ee6f7f-2c69-42d8-9c06-253c408f72a8,,26,false,
guitarist,Q440048,Gaspar Sanz Celma,e1975032-7d64-417c-80c8-c9b7e95c3e07,,26,false,
guitarist,Q432743,Gavin Rossdale,d530dad4-81e5-4874-808a-d708039289fb,5633299,26,false,
guitarist,Q345348,Gem Archer,7ac9c157-960e-43bb-880d-da1f13fcc5c4,3899119,26,false,
guitarist,Q288560,George Thorogood,444e7c50-7f72-4954-b61c-1717332a27d1,,26,false,
guitarist,Q601427,Grant Green,1a88b270-d763-48d5-a62c-2bb9cabb140c,44688,26,false,
guitarist,Q559844,Haim Saban,8f4d1f98-5c93-4ed2-9e57-53b92b216a08,,26,false,
guitarist,Q365478,Hank Marvin,b66bed3d-3f32-4049-8db1-fa7143829450,13120284,26,false,
guitarist,Q455545,Ian MacKaye,c12f644b-1066-4ead-b0dd-d0c380f5cca2,,26,false,
guitarist,Q720005,Jahn Teigen,f9864e54-e73c-4eb8-8dbb-a7756624d840,,26,false,
guitarist,Q356305,Jamie Cullum,b10806de-2198-4313-af6a-13df4acb912f,6934831,26,false,
guitarist,Q195439,Jason Aldean,f24df11a-7e35-4979-a4db-a3b2a170ce27,63684710,26,false,
guitarist,Q431401,Jeff Healey,14cfaf3c-af7c-49e8-85d5-8097c7d0e675,,26,false,
guitarist,Q357176,John Scofield,8cbae88e-5f16-402e-a44d-bcc33171c250,137050,26,false,
guitarist,Q540283,John Taylor,11433f50-a7da-4dc2-8ca8-84b5d160e20e,,26,false,
guitarist,Q525716,Jonathan Jackson,0215c0ee-4184-4b33-9321-b2a5bc82488a,,26,false,
guitarist,Q526330,Justin Chancellor,201a7fc0-4c4d-4275-a62c-3c36873619a7,313279023,26,false,
guitarist,Q464171,Leisha Hailey,19a354f3-6e64-4d30-b4c7-e221306faabb,,26,false,
guitarist,Q434907,Loredana Bertè,160d593b-9539-4cdf-b80d-52bfbfef0304,33277455,26,false,
guitarist,Q504636,Marian Gold,b7718415-b72a-463f-86df-50e900a1e771,,26,false,
guitarist,Q347180,Mark St. John,8159effc-ff85-49e0-bb42-c7b9fc41b6e0,,26,false,
guitarist,Q254510,Melissa Auf der Maur,0a87ad5f-728a-4a0f-b461-5ab84f63cd94,6728552,26,false,
guitarist,Q464728,Memphis Minnie,ff748426-8873-4725-bdc7-c2b18b510d41,,26,false,
guitarist,Q1355431,Michael Kiwanuka,11f570ff-44d9-4e9c-8812-e6d56103c5c1,433457346,26,false,
guitarist,Q357515,Michael W. Smith,1f444240-5397-4e63-a3e8-a3eac2aace32,824592,26,false,
guitarist,Q3239689,Micky Dolenz,e97b6d05-3020-48e2-ac8b-29b71add512b,,26,false,
guitarist,Q919156,Mike Bloomfield,1be2e508-905c-4d90-9bf2-7ab55f78b3e6,897260,26,false,
guitarist,Q381797,Mike McCready,16cb4a74-225a-4262-a885-628083f12460,,26,false,
guitarist,Q1372387,Mikhail Krug,8523fe01-b990-45af-a8ab-aaa4fb3db907,,26,false,
guitarist,Q764843,Nathan East,aa82f6eb-ded9-4c0b-951d-2e638ca25c76,,26,false,
guitarist,Q306080,Olve Eikemo,d1bea5c1-0b05-4f8c-a9fd-75bb3e9f140b,,26,false,
guitarist,Q235095,Peaches,270acfee-1fbe-413e-a0a8-6a35a8b3b66c,3028600,26,false,
guitarist,Q597433,Peter Tork,4f87267a-928f-4955-aff1-d756b13ebea7,,26,false,
guitarist,Q235042,Piret Järvis,98fe3f83-3d37-4164-b982-9c947358bc6f,,26,false,
guitarist,Q352452,Robb Flynn,6abc0e83-0301-4079-a1a5-97035ad52e7e,,26,false,
guitarist,Q362406,Ronnie Drew,fc7f2df9-ad78-4243-a14a-c23520e29b11,,26,false,
guitarist,Q561053,Roy Buchanan,82ad256f-8036-4318-98cb-e9b1e36c39e6,,26,false,
guitarist,Q370928,Sacha Distel,ed1798ac-118a-4c3e-97d3-47aa1fa0a76a,,26,false,
guitarist,Q266080,Sara Tavares,ac35b735-3449-423a-a73d-1e5320e8112d,18720153,26,false,
guitarist,Q781634,Steve Earle,ec863030-7c13-45a3-a025-a69195d3a020,71239,26,false,
guitarist,Q378727,Timothy Buckley,8546949d-f46c-45ab-8391-85b26dda6b65,,26,false,
guitarist,Q337891,Vlatko Ilievski,97e0f8d9-d8ba-46cc-9ea8-229f36b6940b,,26,false,
guitarist,Q349892,Adam Jones,82856c21-c448-4432-bc79-97009b7eb853,,25,false,
guitarist,Q455605,Al Kooper,d6bee229-1957-4891-8d44-c56ac7ea259e,477578,25,false,
guitarist,Q2459284,Alexander Galich,39cf32bd-e869-4baa-a225-3b1d21215aec,621787057,25,false,
guitarist,Q463185,Allen Collins,3e8f2f3e-25d9-425e-9bd7-ee0b47bb1785,,25,false,
guitarist,Q709044,Arthur Crudup,8d835405-44cb-49ea-b223-d5f91e109b22,,25,false,
guitarist,Q129880,Ashba,6c66d5f7-9f14-4390-b574-333a1ca886f6,1525639173,25,false,
guitarist,Q684021,Baaba Maal,cec7447d-a39c-41c5-ba74-5d7057e5c731,31102,25,false,
guitarist,Q438885,Bernard Sumner,6fa2e161-200e-475a-8492-3755594581f9,,25,false,
guitarist,Q434968,Bill Frisell,a21318db-f228-4a4d-8bce-6947a62985a5,160518,25,false,
guitarist,Q11627,Black Francis,c63a33b6-1277-4ff0-8bc7-49a9fffe4e2e,,25,false,
guitarist,Q452411,Bootsy Collins,b0ca0d85-24a8-4a00-860d-357ff688b69c,,25,false,
guitarist,Q712353,Buck Owens,13cb0fb4-7f7f-4116-a282-905c675c39ef,,25,false,
guitarist,Q877858,Chris Daughtry,db377c15-8bec-4b59-ae37-e971d79d019c,,25,false,
guitarist,Q201047,Dan Fogelberg,b1a7ac99-2ea9-4d3e-b17f-1cad379e46ae,520291,25,false,
guitarist,Q935369,Daniel Lanois,ca0489a4-3a7b-4def-b66e-e00b2f579ae0,,25,false,
guitarist,Q935983,Dickey Betts,e4d2dfe4-35f2-4427-ad49-57c6d7b93e26,469818,25,false,
guitarist,Q1282910,Eddie Money,0e990816-cb3e-4930-a2eb-77909e42cd66,547156,25,false,
guitarist,Q454320,Elizabeth Cotten,907f53c2-f7d1-406a-8071-30262ba472ca,,25,false,
guitarist,Q2914736,Ezra Koenig,6900fc31-d624-422c-9aa8-b3e6c8cc25ea,,25,true,61
guitarist,Q332596,Ferdinando Carulli,d6127833-8fdc-420d-9f39-39dbdee0c1e7,,25,false,
guitarist,Q739660,Floyd Red Crow Westerman,82a3196a-f2f7-4c32-a0ca-3017f8395eb1,,25,false,
guitarist,Q20235,Franzl Lang,324fe6b9-a65d-4881-8342-a4bdd4ea38c6,,25,false,
guitarist,Q968498,Gary Holt,1b0c8eea-1972-4509-b1c2-9f863c74d735,,25,false,
guitarist,Q445448,Gary Rossington,15a5032b-70f2-4c00-bab9-5072b6fbba02,,25,false,
guitarist,Q337722,Gavin DeGraw,3f2a12e9-6398-42fd-b257-2f6abd4aa5fc,1776919,25,false,
guitarist,Q437255,Greg Graffin,046f8f41-f788-4da6-905d-26d1856f676d,27971875,25,false,
guitarist,Q552819,Hank Williams Jr.,1d8010a0-b642-4c8f-9c8d-8dc66b7bb81a,179566377,25,false,
guitarist,Q306122,Hyde,be702739-f872-413a-89fb-0a5afee100a9,576992116,25,false,
guitarist,Q361881,Iron & Wine,c3f28da8-662d-4f09-bdc7-3084bf685930,3274302,25,false,
guitarist,Q1680270,James Dean Bradfield,cf384395-7989-4d78-8fb1-8e9e1b6a712e,465050,25,false,
guitarist,Q317481,Jesper Strömblad,5693d74a-1278-41d8-9481-7c5f082469ca,,25,false,
guitarist,Q576535,Joey Santiago,a51cfe50-b22b-4d01-8720-b3cacfeb3c58,,25,false,
guitarist,Q520296,John Prine,e86492c1-0376-4df0-8042-8ba058c83960,157060,25,false,
guitarist,Q431060,John Sykes,978ae39b-edb8-449f-b53e-d0e7260f7ac5,,25,false,
guitarist,Q762673,Joyce Jonathan,90f40b06-41e1-45fd-96a8-599f847978d6,342296339,25,false,
guitarist,Q22003277,Julien Baker,e3bda984-f349-4924-b4b8-f72478bbb3f3,1033453223,25,false,
guitarist,Q255355,Kenny Burrell,a85b66d2-34df-4d5a-8c0d-d585b8a14ce1,,25,true,88
guitarist,Q16730833,Kiesza,87ff5ccd-64cd-45d6-bba3-ba2647e85d74,301580396,25,false,
guitarist,Q601977,Kiko Loureiro,9c889c79-f903-4f0d-8e1c-1d3a78f864d8,202098188,25,false,
guitarist,Q25658,Linde Lindström,9a58c72b-47df-46c8-ac9c-5661e7812400,,25,false,
guitarist,Q258761,Liz Phair,149326c2-b8a3-48e3-b3d2-9b5b9593127f,,25,false,
guitarist,Q27743,Lonnie Donegan,a021814d-8911-481d-903a-bbbfc6d24068,,25,false,
guitarist,Q957627,Luis Alberto Spinetta,1fc56cff-f0a0-4ce2-ab1f-ac49cf3b073f,98337639,25,false,
guitarist,Q377558,Mario Castelnuovo-Tedesco,2085b44c-f939-41cc-8745-9f7d63868118,,25,false,
guitarist,Q375040,Matt Heafy,6aef178d-db24-4f6b-b0b7-e8e4d3a78d5a,,25,false,
guitarist,Q855207,Matthew Tuck,519a2aae-01a9-4aff-ac48-50da5d6b190a,,25,false,
guitarist,Q237952,Meredith Brooks,6f033da5-396f-4381-a581-1f38c2d0a2d4,642709,25,false,
guitarist,Q468054,Mick Mars,40e4bac7-0ed5-41a2-9b65-b72756002256,,25,false,
guitarist,Q610267,Murray Head,071ab0f1-ac3f-48f6-9ee6-11b72eb73e57,56367,25,false,
guitarist,Q31959,Pat Martino,8b8b7c42-8210-4267-bb93-4c2df5b2c438,,25,false,
guitarist,Q362333,Phil Manzanera,0d2cf864-5e99-472e-845f-5d1579979eee,,25,false,
guitarist,Q219519,Phillip Phillips,838483d3-a803-4194-9754-ad634fba8553,199170038,25,false,
guitarist,Q1890642,Pyotr Todorovsky,507a57ad-fed9-49ff-84cb-bc99a80dd3c3,,25,false,
guitarist,Q1929135,Ray Price,c91823bc-3074-48f7-b6fe-ccda9310d2f5,,25,false,
guitarist,Q465196,Rex Brown,f98f937e-0e8d-41ab-89d2-03628c69a15e,30468285,25,false,
guitarist,Q539955,Richard Thompson,ecfeacaf-0399-470f-8207-d1c646569fd0,,25,false,
guitarist,Q335807,Ron Asheton,a10c8616-cdc3-4fd1-a0fa-bc35a6514168,,25,false,
guitarist,Q918484,Roy Wood,9b39603c-0bdf-4697-86d2-fdd3498b4c0e,,25,false,
guitarist,Q841247,Ryan Ross,f10f8200-9dec-4670-a1dd-eeba14f02def,,25,false,
guitarist,Q552384,Sananda Maitreya,91f603ca-b126-42a2-9c29-820ca687347c,14708444,25,false,
guitarist,Q14538,Sharon Van Etten,5a2e9cd3-010a-4aae-9f83-629253284202,314263775,25,false,
guitarist,Q731231,Slim Harpo,dcf7b2e3-d3aa-41e4-bba5-40515122f209,,25,false,
guitarist,Q2010571,Steve Miller,a54d9cd2-1359-4ea3-98a1-fe068fc66814,,25,false,
guitarist,Q285312,Tom Verlaine,b54065f0-61b3-4f6f-ba4a-ce15564fbd59,,25,false,
guitarist,Q983338,Tony Joe White,810af667-6a1f-40df-87a9-27f726cba4f3,181029,25,false,
guitarist,Q506453,Tony Sheridan,7f9a3245-df19-4681-8314-4a4c1281dc74,,25,false,
guitarist,Q124008,Urs Bühler,bc6af38f-6d77-4423-9183-6982c2d75b3f,,25,false,
guitarist,Q924232,Vince Gill,ec37ecfe-65b4-49a4-83c7-ee1ccaeec2e3,27175,25,false,
guitarist,Q921204,Walter Becker,8cc72457-488e-44e6-a5b3-d2da843b7245,,25,false,
guitarist,Q349799,Ad-Rock,e3fd8e3d-df64-43cb-b68e-cf6d65315e4b,,24,false,
guitarist,Q348658,Adam Ant,e188a520-9cb7-4f73-a3d7-2f70c6538e92,647739,24,false,
guitarist,Q371289,Al Pitrelli,3708099f-c130-443f-ba21-a1ce63631d9c,,24,false,
guitarist,Q741119,Albert Collins,73b8dddb-ec29-4d11-b449-d97fde73f07b,,24,false,
guitarist,Q455236,Alexis Korner,4d8a7964-df16-4db5-a892-e5bda99d84d2,,24,false,
guitarist,Q435786,Andrew Latimer,40a85fd4-497d-4c44-97e6-e3be777bb8ec,,24,false,
guitarist,Q234019,Anneke van Giersbergen,7ec864b4-660c-45d1-98af-bac9a8bf972d,268152253,24,false,
guitarist,Q332953,Bert Jansch,d7f95537-2b48-403d-9ac2-f1fc7aad0960,,24,false,
guitarist,Q1153370,Brian McKnight,bf75ef89-7b4c-4771-ac43-4d5c10617190,87447,24,false,
guitarist,Q2941198,Cassadee Pope,4b714531-2c81-48d2-b134-4197f820caa1,292026236,24,false,
guitarist,Q449525,Chas Chandler,4bae2acf-d7ca-4250-899c-39ea7e3f939a,,24,false,
guitarist,Q437476,Chris Barnes,fee5efcb-8692-40fe-95d0-215c237b3489,,24,false,
guitarist,Q46976,Chris Poland,de5d0b89-89e1-453f-9c75-b816f1a85f0e,,24,false,
guitarist,Q269624,Chris Shiflett,90e2c345-3fcc-4623-8cf8-80d206c01634,,24,false,
guitarist,Q540516,Cui Jian,d457f05e-8802-4888-83a6-b07d3df3bbf3,388335540,24,false,
guitarist,Q443007,Daevid Allen,77e112da-5529-44b9-b957-bec3c3105440,,24,false,
guitarist,Q17403213,Daniel Wayne Sermón,8f50dd9b-ff69-4699-973f-90005979cc0e,,24,false,
guitarist,Q1051550,Danny Jones,6ed59232-ebb1-488c-8e48-2f9c6fe873c1,,24,false,
guitarist,Q908569,Don Williams,741bd697-e595-4e47-a97d-688b4b9e0df2,27340,24,false,
guitarist,Q529942,Francis Bebey,fab6adab-b46f-45f8-8700-bc44408ba583,,24,false,
guitarist,Q959153,Frank Stallone,3c521c8f-0940-451c-85e3-f4310795dbcd,91734703,24,false,
guitarist,Q471979,Gene Clark,2b6f3780-6fb6-42c2-95bb-5e080772e38c,,24,false,
guitarist,Q503701,George Young,58f3848a-08da-4c0b-9379-c6dbb5186983,,24,false,
guitarist,Q2507186,Hilton Valentine,0ca28074-a983-4724-8560-81ac7106e009,,24,false,
guitarist,Q561127,Jacek Kaczmarski,654188a5-bbfc-41d8-aa27-86a946dfd757,,24,false,
guitarist,Q443395,Jason Everman,797dc323-fc39-4597-98cc-d10493f67326,,24,false,
guitarist,Q538543,Jimmie Vaughan,dac15690-cbad-4692-a6bf-3bb0ae05cfe1,485111,24,false,
guitarist,Q438092,John Abercrombie,80c75300-9cf2-4daf-bb23-5fe15964e671,3264818,24,false,
guitarist,Q708884,"Johnny ""Guitar"" Watson",defba3df-b0f3-4ef1-8e1f-4ef88cc8fc42,64362016,24,false,
guitarist,Q2468138,Johnny Yong Bosch,ef131452-371e-4a5a-955d-d540f119bca1,,24,false,
guitarist,Q164869,Jon Lajoie,f5408d6d-08cc-4000-b9b8-b9888e94d972,,24,false,
guitarist,Q713183,Jorma Kaukonen,9753dd7c-63d4-4022-a0ec-fee4966c8cdd,,24,false,
guitarist,Q357168,Kurt Nilsen,69f42d7f-0cac-4210-b6e6-270e286a82b4,6059198,24,false,
guitarist,Q237654,Lisa Loeb,22c5cef9-80e8-48d2-acd3-6d16f6c8a16d,,24,false,
guitarist,Q128828,Logan Miller,,,24,false,
guitarist,Q454075,Magne Furuholmen,1ac73985-2cfa-433a-a6f8-379480e87179,,24,false,
guitarist,Q1507654,Manitas de Plata,ee99eb64-8a0c-4256-82e9-2bdc617fe8c1,,24,false,
guitarist,Q370231,Mark Jansen,934e5eb6-e1b0-400b-a949-55ef2b2d7f24,260542644,24,false,
guitarist,Q454309,Martin Barre,6c68bf5a-88cb-4b46-ac06-306b327b03e1,,24,false,
guitarist,Q1339485,Melvil Poupaud,f62ae455-1e61-4108-b430-48befc865bca,,24,false,
guitarist,Q372797,Michael Weikath,04a8692f-b0fb-423a-81cb-83f59e0be6d3,,24,false,
guitarist,Q361677,Mick Ronson,5a150caa-fe13-4590-a50e-7778ee29b587,,24,false,
guitarist,Q379992,Mikel Laboa,b55655ce-0ed8-41c2-85c4-38aee43747dc,,24,false,
guitarist,Q547660,Mutt Lange,61f2ae93-ab59-4c59-aef6-43f5f9afceae,,24,false,
guitarist,Q345294,Nate Mendel,ba510f8c-f19d-41a2-921a-53afd27cfcbd,,24,false,
guitarist,Q389242,Neal Schon,58325670-9323-464a-8b20-3e8d7b26df60,,24,false,
guitarist,Q431591,Neko Case,e13d2935-8c42-4c0a-96d7-654062acf106,3647403,24,false,
guitarist,Q372278,Nuno Bettencourt,4ec9e51f-0467-4137-b2e7-f70402cb5565,,24,false,
guitarist,Q560953,Pablo Milanés,d7437c1b-08fd-4903-9b3a-ec7be866c38d,132280,24,false,
guitarist,Q1388730,Peret,796481a3-2977-45b6-84b3-eb06bb10a903,,24,false,
guitarist,Q381450,Peter Banks,f1022919-81ce-4e56-a5e6-d5e7b6434ad5,,24,false,
guitarist,Q366614,Peter Tägtgren,6b24611e-ebae-4c0b-811e-97fde366e697,,24,false,
guitarist,Q2033344,Peter Yarrow,737d22f0-d038-4b49-ae6d-3bbdf88269f0,,24,false,
guitarist,Q511488,Phil Collen,1999f41e-058f-4221-8c4b-d7379b00cceb,,24,false,
guitarist,Q1356665,Randy Meisner,1798d7ba-fc22-4cca-bbda-7542ab5a3c67,28950169,24,false,
guitarist,Q960809,Richard Grieco,66dde103-a3fd-4cd6-8128-655351030a81,,24,false,
guitarist,Q446627,Richard Hell,5c04c739-afeb-43de-a7cb-0991f625e1f6,,24,false,
guitarist,Q258846,Rickie Lee Jones,9cd9232e-7a3e-4eb9-8043-ee05c1e396ec,114704,24,false,
guitarist,Q380988,Roger Hodgson,210bf857-3387-4a7e-9301-7eb9c66800d6,,24,false,
guitarist,Q721819,Roy Clark,88f8eb8f-1da4-455b-8a7f-229e5c59ff52,,24,false,
guitarist,Q238020,Skin,91f3e61e-dec2-4b73-b195-a42251fd72b5,,24,false,
guitarist,Q450815,Snowy White,e3593976-7ab7-4961-96e9-55b171412db5,,24,false,
guitarist,Q506950,Steve Marriott,380181bc-9bcf-4933-97ac-38aee6940445,261540,24,false,
guitarist,Q360634,Toshi,927979a6-a4c6-4f51-a50e-cf561132ada2,442312098,24,false,
guitarist,Q1345338,Tyler Bates,03cfec4a-9885-444c-9e74-5fbab5861106,83093776,24,false,
guitarist,Q525698,Vic Chesnutt,b07cdbbe-421e-418a-bbb7-ce0d8d53bfa8,,24,false,
guitarist,Q732049,Wolf Hoffmann,24af4c43-a0ad-4d2a-b5a9-448df90ff45e,,24,true,72
guitarist,Q4170757,Yohio,a94ddea5-ef4a-4c26-bc57-b5b21cd78166,423750948,24,false,
guitarist,Q324431,Adam Taubitz,aa250ae8-adab-4a91-93e9-c9aa045bdeea,,23,false,
guitarist,Q399102,Agustín Pío Barrios,bc1ce4cf-374e-4b0f-93d2-53871e681e6f,,23,false,
guitarist,Q111603847,Aleksandra Skochilenko,,,23,false,
guitarist,Q458625,Alex Kapranos,262b08bd-539c-43b4-9dbf-1d85d25e79b8,,23,false,
guitarist,Q57700,Andi Deris,a34c7cc8-d831-4122-bc35-aec633444cef,,23,false,
guitarist,Q809077,Barry McGuire,43a5364c-7096-4f9b-ab63-b71d62af52bd,1398841,23,false,
guitarist,Q816502,Ben Gibbard,02031e5c-f9ab-4b4e-bc08-a61ea11a455d,263615108,23,false,
guitarist,Q181689,Blind Willie McTell,81e02e29-e46a-49cb-bf13-d204cbe86daa,,23,false,
guitarist,Q896109,Boz Scaggs,18a33653-bbaf-4aa7-884c-73f02a7a4515,205694,23,false,
guitarist,Q912394,Brian Hyland,1de9c97e-2409-409b-bf99-3ae711af6e4e,,23,false,
guitarist,Q544283,Carlos Puebla,5bc8a04e-e68e-4775-bd1e-6a5f1d761f80,,23,false,
guitarist,Q257267,Christy Moore,f931ccfa-5c64-4bee-94c0-32fb1a6876c3,16670131,23,false,
guitarist,Q22003474,Colin Brittain,3b49abe4-6b0e-47f8-a8db-1bdc538f6ca7,,23,false,
guitarist,Q451088,Dale Crover,9b93a71b-1484-4bea-b096-f660c1161f8a,,23,false,
guitarist,Q2418836,Dan Auerbach,fa4f4b89-3ddc-4e97-88fa-0e30121f986a,187520244,23,false,
guitarist,Q1802,Daniel Balavoine,2caf1462-9be7-4603-8090-3c511e846fa5,13502164,23,false,
guitarist,Q560354,David Edwards,940464ba-f8ac-482a-9cc1-0723e8b9707b,,23,false,
guitarist,Q370726,Derek Trucks,954a45e0-5e21-44ae-8d56-44b79b4f1cb3,,23,false,
guitarist,Q617932,Dierks Bentley,6bd7faa9-601f-44db-a2a6-239209f83156,3088872,23,false,
guitarist,Q259415,Dirk Verbeuren,aabca606-73ef-416b-8981-9cbed9f5e97d,,23,false,
guitarist,Q358732,Doug Aldrich,9e74d76d-bb5c-4454-9028-9b8f6e241d9b,,23,false,
guitarist,Q127548,Dweezil Zappa,7f83b479-2030-47c5-937e-d4a8f142f1b1,,23,false,
guitarist,Q1334244,Elvin Bishop,b1768592-294e-4e15-a892-eb8837dec3e4,137873,23,false,
guitarist,Q472663,F. R. David,2f9a4b9e-e36d-42a5-be45-0ba00a2c2409,,23,false,
guitarist,Q460325,Fred Frith,4801bad4-1b42-4c9e-84b1-bf61067ab67c,,23,false,
guitarist,Q343304,Gilby Clarke,d3f83561-cab4-4930-a5b1-18145c34ccff,,23,false,
guitarist,Q1010602,Giorgio Gaber,8547701d-0834-42ba-b08c-911b71eb1427,,23,false,
guitarist,Q524114,Guy Pratt,c6e89016-d3cb-4272-9945-de0ec123645e,,23,false,
guitarist,Q499662,Herb Ellis,33ddc4a0-2d48-4da5-91f4-180c3283d2f9,,23,false,
guitarist,Q629761,Hubert Sumlin,5bfa36d8-b208-400d-bfa1-8463c93c24ff,,23,false,
guitarist,Q722003,Jack Sherman,f26fee81-3c08-4782-9d05-daeed4a7f4c7,,23,false,
guitarist,Q1293637,Jack Wagner,d663c249-8456-4f22-96f5-098ef8d24acb,,23,false,
guitarist,Q946452,Jim Corr,d3105934-b8fe-4961-a0fe-d3257aa19e14,,23,false,
guitarist,Q1629524,John LeCompt,fa5f1642-48ad-4337-9bcf-21a1c47af406,,23,false,
guitarist,Q967761,John Sebastian,95f9b1a1-dc0c-4440-9cd3-225aaba246ee,675993,23,false,
guitarist,Q1702399,Johnny Rivers,83ae615f-b54a-4a80-8ab0-1de96820dd80,,23,false,
guitarist,Q379608,Jon Carin,98579141-0072-4bd7-9d59-a48feac5e838,,23,false,
guitarist,Q435679,Juice Newton,80f71f44-b3cd-4386-9768-b3398180f708,13623797,23,false,
guitarist,Q25770,Juliana Hatfield,f8bf63aa-9bc9-4c03-8673-396cfd5d3cab,,23,false,
guitarist,Q287309,Kate Pierson,e7998c31-e46a-4daf-8f01-583fffccda1b,,23,false,
guitarist,Q233946,Kate Voegele,5c0c9c6a-e85b-4544-a139-a8bb028ce69d,434789970,23,false,
guitarist,Q262294,Keren Ann,8bb436cd-8fbf-48c6-9fc8-a172c27e24ba,15025043,23,false,
guitarist,Q452227,Larry Carlton,f1f81989-dfa9-4bd3-805e-dcf3900c43e3,29989,23,false,
guitarist,Q1344554,Leslie West,a415f8c5-3b22-43bb-a1a8-cf9646ea21e0,,23,false,
guitarist,Q536198,Lisa Fischer,f1db3d2c-0585-40df-a451-5784aba72666,137402,23,false,
guitarist,Q236505,Lisa Miskovsky,2b1ec960-982a-450d-a27b-d7a77a1b40ac,1480692,23,false,
guitarist,Q561310,Liu Kang,f6523e82-be5b-40e8-bc02-f091e50aee8c,,23,false,
guitarist,Q369933,Luke Kelly,2cb7db77-60d1-4ce7-af44-21e5163d01eb,,23,false,
guitarist,Q269690,Maddalena Casulana,48a0bcc8-ad76-451e-b957-5d13723fdbe0,,23,false,
guitarist,Q448704,Mary Ford,c8e82599-5c11-4a73-ae88-6b4f2cc6e7e8,,23,false,
guitarist,Q538716,Matt Schulze,,,23,false,
guitarist,Q373669,Michael Amott,94e6c1ed-3ad3-4ac9-8fe9-7dc07283ddc5,,23,false,
guitarist,Q446286,Michael Romeo,79ebc310-4049-4b36-aaaa-f7e2e8fcaf8d,,23,false,
guitarist,Q529643,Mick Box,86b0ca1a-0ca6-4f06-b4ef-f5dda64c91a0,,23,false,
guitarist,Q713521,Mike Ness,45d7e6e8-c5bf-4c59-a79e-c7bb2e9b2cc9,,23,false,
guitarist,Q2836528,Mon Laferte,ab966c0f-e526-46ae-b492-82c27b87f81f,447436990,23,false,
guitarist,Q550436,Neil Finn,3b7c93ab-40a5-4745-ab6b-eaafed2308bb,282623,23,false,
guitarist,Q438518,Nocturno Culto,1a362783-ace7-40db-997b-d0b417796214,,23,false,
guitarist,Q521623,Ola Rapace,645a7157-981b-421c-88dc-6979dbde0e3c,,23,false,
guitarist,Q1988375,Oleh Skrypka,6ef153f6-e7e3-4422-b702-d3fa8b40e3e2,,23,false,
guitarist,Q655450,Pat O'Brien,049f0b5a-2aec-4350-a93b-cb72d64ef533,,23,false,
guitarist,Q707293,Paul Kossoff,9d69fcb9-b891-47b3-933b-342fd27bf4c3,,23,false,
guitarist,Q438175,Paul Waaktaar-Savoy,0ef9b4c4-4a41-4ad8-9c64-98c0419c0150,,23,false,
guitarist,Q1493339,Pete Ham,56afb708-1f0f-4629-a5fc-0c4b4ee6f50c,3693324,23,false,
guitarist,Q266911,Phoebe Snow,d3986756-f1dd-4635-9510-2d116c0deddd,205641,23,false,
guitarist,Q112275924,PVR Raja,12eb5719-c364-4f6b-8156-6f2532a7eef0,1509468464,23,false,
guitarist,Q2123902,R. L. Burnside,355eed00-6c40-4d33-940a-600b2597407a,65504832,23,false,
guitarist,Q539944,Rick Danko,39d5615d-1418-4b80-85aa-214eaac7cfb2,,23,false,
guitarist,Q959829,Robert Z'Dar,,,23,false,
guitarist,Q362056,Rocky Gray,250c291f-f7ea-4064-a8ff-d9aeb4bc3124,,23,false,
guitarist,Q1798526,Roy Khan,12002c3f-d095-419f-9de9-d6fafad0a9dd,263581262,23,false,
guitarist,Q51909953,Sam Fender,3478a5d1-bd96-4584-aa54-4d6e0a329658,1213989970,23,false,
guitarist,Q842070,Sami Vänskä,ce73ddc7-c2b9-429f-b697-fa9666c66d92,,23,false,
guitarist,Q921496,Sergey Shnurov,183c8ffa-8f77-44c9-929f-818f26ab4953,,23,false,
guitarist,Q953450,Seu Jorge,c73d651d-87c9-4c5e-8abb-4ec9c4077241,,23,false,
guitarist,Q235143,Sharon Corr,fee8e843-e411-487e-91e0-225e249d8d7e,,23,false,
guitarist,Q292092,Sophie B. Hawkins,fd7a8bc1-1b25-4b4c-b899-8f7b3343a229,186996,23,false,
guitarist,Q553861,Squarepusher,bd382dfb-881d-46de-b565-05b2fe158b06,,23,false,
guitarist,Q235931,Teena Marie,98cb2d05-0b47-4bc6-b345-792eecbe8449,86728,23,false,
guitarist,Q615123,Terje Rypdal,6a5e6105-b1c4-4c5c-97ae-5ee4b7f746b4,18309719,23,true,79
guitarist,Q719205,Tetsuya Komuro,de242082-2f3e-4ce5-99e1-7839559da089,256180517,23,false,
guitarist,Q503710,Tim Armstrong,beaecc2d-20c7-4221-8fd2-682c82f0faab,583672009,23,false,
guitarist,Q470408,Tim Staffell,4102a510-b01e-4e8c-9d58-4cdb37b665b7,,23,false,
guitarist,Q539116,Tom Fogerty,15bd502c-b620-4036-a3cb-69b946ccf43c,,23,false,
guitarist,Q540119,Tommy Ingebrigtsen,,,23,false,
guitarist,Q592483,Tracii Guns,57727779-9d33-40f8-afe5-74e955e845a5,,23,false,
guitarist,Q1155641,Tsunku,d997d399-355e-4c49-9c7b-75a93d76bc0e,278229445,23,false,
guitarist,Q520504,Vicente Espinel,,,23,false,
guitarist,Q293696,Vonda Shepard,31e82ae9-f414-4a68-a0bf-d2719368166d,6843754,23,false,
guitarist,Q998702,Yanka Dyagileva,ca9739ab-d1a3-474c-8061-903c28c07043,,23,false,
guitarist,Q2356011,Yuri Antonov,a34efb25-b0f1-4ac0-9d16-e33ea2f5357c,815046261,23,false,
guitarist,Q719520,Alan Wilson,a86e10f7-8ec8-457d-af00-9d584a738a1f,,22,false,
guitarist,Q597936,"Albert Hammond, Jr.",a0498514-c21c-4e85-8dbf-a1b92374a06b,3128863,22,false,
guitarist,Q443818,Alex Skolnick,47641f4f-f92a-4a68-bf4b-d94d9df9c5d7,,22,false,
guitarist,Q236523,Allison Iraheta,0c7f8ad2-fbef-4148-b86d-0ebff49ed36e,,22,false,
guitarist,Q471687,Andrius Mamontovas,663b0be4-8e49-4ca9-b771-58e169e4e628,165861357,22,false,
guitarist,Q353388,Andy Bell,5946e805-9ab4-4fd9-9c19-21a8f7dfef98,,22,false,
guitarist,Q455959,Arjen Lucassen,f3698376-35b6-4d16-a27d-448c31d454b3,521095794,22,false,
guitarist,Q792941,Benjamin Burnley,6b4d1e59-de1d-4292-af30-cb199d4fcb94,,22,false,
guitarist,Q465296,Beth Orton,214d84a5-e9e5-4432-af95-8c84da7ba4c0,187060,22,false,
guitarist,Q703767,Booker T. Jones,b0ee191c-7b75-445e-8416-b8f9918d3b6b,1452963588,22,false,
guitarist,Q1000366,Bucky Pizzarelli,12f29a13-aefd-4d49-8f2a-68bc12e52eda,,22,true,82
guitarist,Q642942,Christophe Barratier,a5a81e29-0671-4f6e-bb70-d688edf5db87,,22,false,
guitarist,Q1095533,Clarence White,88970b96-d093-4ab8-b194-c91479b4387e,,22,false,
guitarist,Q950376,Cliff Edwards,13c554b5-e1c1-4de9-8432-f4c66f7949f1,274976319,22,false,
guitarist,Q271795,Crystal Bowersox,23644c2d-7351-4690-81c0-0153e4652847,356754102,22,false,
guitarist,Q611349,Dhani Harrison,f75b39e7-05b3-40d7-892c-a1f14592adcb,,22,false,
guitarist,Q971422,Ed King,c2566277-e680-41bf-8e9d-6936d1fa4b0e,,22,false,
guitarist,Q540533,Eddie Hazel,98f3e150-95c3-4fa3-8f76-0f6cba4431aa,,22,false,
guitarist,Q514197,Gene Hoglan,b007f65c-c831-442c-bbf4-378638b236a4,,22,false,
guitarist,Q1059281,Glen Drover,54608928-7e29-4770-a959-f1b85f6eebd7,,22,false,
guitarist,Q145633,Graham Bonnet,e09e91de-c19f-4e7e-b431-8e9e0af1fc57,16323596,22,false,
guitarist,Q705784,Gábor Szabó,ee69197a-ca57-42ba-bd23-93b756391a5d,,22,false,
guitarist,Q80530,Hoyt Axton,2e359fac-9a6b-4436-9719-6170315e0072,182948,22,false,
guitarist,Q712678,Ian Hunter,09a67d90-b221-4d15-9bcf-707218108690,,22,false,
guitarist,Q464833,Ian McDonald,901b1b4d-3894-4589-b97e-112092f87d87,,22,false,
guitarist,Q3046138,Ivan Král,3095b79c-0f52-4ac8-a3c4-c1a15a61aa12,,22,false,
guitarist,Q6130043,James Bowen,,,22,false,
guitarist,Q445136,James Valentine,f8abfd32-73f9-49e7-9b88-3e47ea27a2cd,,22,false,
guitarist,Q66771,Jasmin Tabatabai,fd214d5a-8a2d-4f16-b430-cebe4ea682fc,14762698,22,false,
guitarist,Q707921,Jeremy Camp,bb0814de-3de2-4f00-811f-7c2d9ada7e51,574264,22,false,
guitarist,Q449658,John 5,66ac10d4-37cc-4b84-91dd-4863e3dc9a32,72181046,22,false,
guitarist,Q708396,John Illsley,041df3c5-6e9c-4906-8e9e-0b39949ad8c8,,22,false,
guitarist,Q3491402,John Konesky,795425dc-7eac-45ca-b92c-28ca02cbcb8e,,22,false,
guitarist,Q502896,John Norum,9954d98b-b93b-4188-8f20-5cf8eb0e8911,48575502,22,false,
guitarist,Q505072,Johnny Thunders,3b14b1a7-2235-4fcf-a718-383beb79e856,,22,false,
guitarist,Q709470,Jonathan Richman,bae34b81-9abd-416e-a720-fedc359df775,161374,22,false,
guitarist,Q1706810,Joseph Cross,,,22,false,
guitarist,Q451076,Josh Freese,1ba97964-8d70-4b33-a361-d1a4ed222672,7015779,22,false,
guitarist,Q153725,Jung Yong-hwa,daa21d16-172a-47e0-b9f8-133d83c747e7,469864783,22,false,
guitarist,Q552608,Justin Hawkins,eca728a8-f6d1-4fc9-bdf1-d99cd3f5f3ce,,22,false,
guitarist,Q2076087,Karen Elson,3780151c-8a94-4fd3-96d4-a9bcea866444,,22,false,
guitarist,Q465808,Karl Logan,82fe4a25-5cc1-4e6e-ac93-0bd8efbb0cc5,,22,false,
guitarist,Q362277,Kazunari Ninomiya,5a0f6d37-b097-40f5-8f64-86df961598c7,,22,false,
guitarist,Q1347072,Keb' Mo',280ddd36-ac7d-4446-8689-a548d6f3458e,483315,22,false,
guitarist,Q735736,Koffi Olomide,45d921dd-aaf9-4f72-9a8c-101ec24b9186,,22,false,
guitarist,Q454933,Leo Brouwer,55bcdfc0-dc50-4258-a96c-e20667f6b6f2,578961,22,false,
guitarist,Q514985,Les Claypool,0b9deb50-f518-4205-99e3-80ac3f35e7a3,,22,false,
guitarist,Q270239,Lissie,ae7dc88a-f3c7-4008-9eb8-2aafda1be759,219498294,22,false,
guitarist,Q1351751,Lonnie Johnson,dbfd61ef-fce1-4803-9f18-7bfdd3996508,,22,false,
guitarist,Q355411,Luca Turilli,e1fa99a5-b761-45ab-b0bd-71cd6f2718d4,319377155,22,false,
guitarist,Q15746737,Luke Hemmings,2ab4f061-bb6c-4fab-b469-7e4b25f34786,,22,false,
guitarist,Q285444,Madeleine Peyroux,7f260b9c-bea7-469b-9ba8-0daec7d2c85c,146232,22,false,
guitarist,Q534151,Mark Mancina,628abc89-3e26-4e2c-b33f-67544ccbb72c,,22,false,
guitarist,Q469912,Matteo Carcassi,790f4b61-8fbd-48fe-913a-fd3635742ec7,,22,false,
guitarist,Q72720,Meshell Ndegeocello,55a8b485-1cbf-47ee-ae15-d106200fafe8,22728,22,false,
guitarist,Q1929388,Michael Sembello,fcde7037-181e-437f-9417-60a38958c0fa,181968,22,false,
guitarist,Q220889,Mike Stern,38e82a3d-4e11-4e0b-92d5-6b3a3f93f276,,22,false,
guitarist,Q713880,Miles Kane,26afaedd-e99c-45b2-b7f9-6c4c2b33d90c,217975667,22,true,71
guitarist,Q61730,Mille Petrozza,24564f94-179c-461f-9725-64ede120cebe,,22,false,
guitarist,Q241715,Ole Beich,02a1df23-ef1b-4891-b4ee-81d2b85024aa,,22,false,
guitarist,Q983221,Oliver Mtukudzi,566fb0fe-cf3a-48d1-a4ea-e9e6aaf7236e,56551652,22,false,
guitarist,Q1986211,Paul Banks,71db5060-324e-4cc5-8ca6-0070220ae000,,22,true,61
guitarist,Q266006,Paz Lenchantin,45b1e8a0-0757-4b0f-99e2-bbba94af1557,,22,false,
guitarist,Q1350527,Phil Lesh,ea3d1341-bb3c-4784-bbf6-f71ebfd17e46,,22,false,
guitarist,Q383926,Pink Anderson,7570d536-f435-4f5b-9ae3-465138ab3ae4,,22,false,
guitarist,Q444021,Richard Fortus,8e58b11e-4b9e-4586-8100-29358bfc3685,,22,false,
guitarist,Q1143956,Rick Savage,aa85e56c-856d-4381-91f2-074c426d93a8,,22,false,
guitarist,Q838994,Robert Westerholt,cde59cd7-b111-46e5-8525-0d16bb2a565e,,22,false,
guitarist,Q337392,Robin Finck,30343313-1e24-4758-950f-4a96309d7893,,22,false,
guitarist,Q554025,Roland Orzabal,7c5b8865-d23c-4abf-884d-c68be0020991,,22,false,
guitarist,Q1784139,Sam Totman,d38955a8-ef1a-4040-a787-c7392b7b9e4a,,22,false,
guitarist,Q455536,Selda Bağcan,5e51e09d-0713-4595-b858-d7e887238825,371863282,22,false,
guitarist,Q60998,Shantel,fc79b760-fc4a-4efa-b0e5-f0387d7cd25f,,22,false,
guitarist,Q2014395,Shaun Morgan,6cf028d2-0366-4cb8-9198-c86569f5b0d4,164813869,22,false,
guitarist,Q267438,Shawn Colvin,42222090-c5e5-4243-8582-c29bc8b63ec6,278216,22,false,
guitarist,Q2144018,Spencer Davis,2736915a-76e6-43fe-af9a-2774c7720786,,22,false,
guitarist,Q15104233,Steven Price,ed275a18-d2e8-4abe-b8f2-0c6da9ad676f,307770801,22,false,
guitarist,Q459404,Sébastien Lefebvre,,,22,false,
guitarist,Q1046616,Tim Rice-Oxley,8756fffc-b91a-4e3e-9a14-12efcc8a94b5,,22,false,
guitarist,Q380304,Timo Tolkki,070e146f-9c86-4a25-a997-ad989591f295,17305111,22,false,
guitarist,Q944128,Timothy B. Schmit,48b7d40e-ab45-444d-a4d3-4d1de0f55b51,827504,22,false,
guitarist,Q1051540,Tom Fletcher,e4a6b640-0182-44ff-a882-418f97692fa8,,22,false,
guitarist,Q387896,Trevor Bolder,64c596f6-45a1-4834-8cff-25eddff998a3,,22,false,
guitarist,Q252200,Vinnie Moore,097c1b97-8a50-41b2-89c4-f1ec12d497d2,,22,false,
guitarist,Q442237,William DuVall,4d5447d7-5b2e-45bc-98e2-3abaebb90741,,22,false,
guitarist,Q8077002,Ásgeir Trausti,380429da-3827-43fd-9e67-558e4c6a91bf,670807813,22,false,
guitarist,Q302280,Aaron Lewis,86034d1d-f66e-426d-ad52-ca5511a9b428,1580961,21,false,
guitarist,Q16726249,Alana Haim,3e308b4a-c8d0-4883-8c38-e2953002a882,,21,false,
guitarist,Q577975,Albert Lee,ed0e3e7d-cc87-4f09-a5a7-f8d47cfac9cb,,21,false,
guitarist,Q206693,Alex Chilton,18b2f43a-fc98-4aab-b69c-eaaba41fecbc,19391,21,false,
guitarist,Q269379,Alison Mosshart,054f94f3-2a75-480b-b417-d817cdbcf6f6,128766788,21,false,
guitarist,Q453600,Anthony Phillips,e62f6374-7e6f-4492-bb4a-3a1c62366e61,,21,true,92
guitarist,Q259788,Asaf Avidan,5b9890b9-a2e8-4768-ad70-9f28bb81fc00,371736511,21,false,
guitarist,Q464993,Baden Powell,ba617653-44e4-404f-91cd-f74adce5687d,,21,false,
guitarist,Q127495,Bernie Leadon,839464fe-cd82-4aea-b866-cc2d29e31bb3,,21,false,
guitarist,Q640953,Billy Sherwood,7782442c-e71e-42b7-8197-fe15f513bb42,,21,false,
guitarist,Q2041904,Boz Burrell,8a051afa-9a05-402e-a2bb-32c877c812ee,,21,false,
guitarist,Q721474,Brad Delp,ab534a7b-e5a4-45d4-bcec-d2f932c97edf,,21,false,
guitarist,Q472487,Buddy Miles,575ce447-e37e-4810-a4a2-c3a346455048,,21,false,
guitarist,Q589781,Butch Walker,30e8e6e2-7b79-4eef-ba91-8435d4ba0fac,,21,false,
guitarist,Q711367,Buzz Osborne,9a911b22-f972-44ee-b2d3-d41297fe96e9,,21,false,
guitarist,Q434242,Carl Barât,de750df5-56b6-4e8e-8696-a5ca101531ec,,21,false,
guitarist,Q469262,Charlie Byrd,9d99c378-247c-47a3-94ea-753efa330023,54158,21,false,
guitarist,Q770668,Chris Hillman,068e411c-fa59-49b6-b3cb-6cd090812dcc,,21,false,
guitarist,Q861227,Chris Stein,7e6ac2a1-a462-4b63-b536-cff0c0ae4cc7,,21,false,
guitarist,Q1103721,Clyde McPhatter,3c562ee6-4855-4a11-8411-5e9e6c10586a,,21,false,
guitarist,Q550900,Conor Oberst,0eee89dc-7d86-4a15-97be-011652c49288,,21,false,
guitarist,Q460445,Corey Beaulieu,202219c2-7780-49a7-b616-50d05899cf6d,,21,false,
guitarist,Q1136149,Cosmo Jarvis,36a736a4-ddad-4173-a9a6-91fecd69b831,294611847,21,false,
guitarist,Q983410,Daniel Johns,8de61149-c821-4de6-b364-9f626a86297c,963243045,21,false,
guitarist,Q459220,Dave Baksh,78109727-f460-4779-9ecb-e284038b463a,,21,false,
guitarist,Q918535,Dave Mason,d70c2ae1-911a-4bea-8ef4-63564a150ff2,1094080346,21,false,
guitarist,Q472404,Dennis Stratton,efd56085-d74b-4375-8637-03458d38fd89,,21,false,
guitarist,Q2372665,Dmitry Kharatyan,0564ad17-8c05-4d05-ad33-c97e83ebe649,,21,false,
guitarist,Q1251900,Doug Yule,308f54f6-f8f6-4192-85e0-8dccc8bc8b1c,,21,false,
guitarist,Q1051531,Dougie Poynter,8ee81366-e45a-4d0b-9482-7042e8a20f08,,21,false,
guitarist,Q767972,Ed Quinn,,,21,false,
guitarist,Q1345949,Enver İzmaylov,c9e6ca2d-689d-43f8-8ef7-911acc3d3d68,,21,false,
guitarist,Q17254154,Estás Tonné,70b2bb3e-873e-4e32-bbc7-a401b4c88d48,,21,false,
guitarist,Q714602,Floyd Council,e07e43ca-96a5-4bf7-8bb4-11348628b0a2,,21,false,
guitarist,Q962043,Freddy Cannon,48c723b1-5044-4063-a934-b6a7602181b1,,21,false,
guitarist,Q609325,Geoff Nicholls,9ba762c5-91b7-4f58-bb04-adc26644078b,,21,false,
guitarist,Q442207,Gillian Welch,2ff49515-1701-4bac-a53a-04345893f3f3,1579339,21,false,
guitarist,Q559273,Glen Benton,aa00e639-71e0-45d4-980b-d22b52fa9427,,21,false,
guitarist,Q540655,Graham Gouldman,88795ca5-5bef-4253-ae0e-79a5d00e0388,,21,false,
guitarist,Q445367,Hal Sparks,b8a7d8bc-2c0f-4c75-a885-32d6359906e2,,21,false,
guitarist,Q1103528,Hamza Namira,740d185a-5d12-41a0-85c1-570f9ad61868,303039412,21,false,
guitarist,Q185468,Ian Stuart Donaldson,34998213-ac97-43d5-bab2-2acebe94ecf3,,21,false,
guitarist,Q23867507,Ilya Naishuller,,,21,false,
guitarist,Q943804,Jan Akkerman,e36f6749-cf76-469e-9dd9-f9195c326928,,21,false,
guitarist,Q432750,Jani Liimatainen,5954d192-5369-46de-90ec-afb344b42550,160030826,21,false,
guitarist,Q711078,Jason James Richter,,,21,false,
guitarist,Q2627462,Jennifer Nettles,3f13323d-8659-4aeb-978f-880694f3feea,27057710,21,false,
guitarist,Q255553,Joe Trohman,269d6e80-3186-4165-8586-2ccb64b446a4,,21,false,
guitarist,Q719681,John Hiatt,e78202c9-7717-435c-9aac-dd5ebc4e64d5,94328,21,false,
guitarist,Q63204,John Kay,0d833cff-1f5c-4684-8a4b-200bd96f814a,,21,false,
guitarist,Q456005,Jon Schaffer,f95eb239-5b84-40b7-91d9-b5691c77a0a8,1229667853,21,false,
guitarist,Q457060,Kele Okereke,20b93f37-ab3c-4ed0-bf70-b61978f00e99,300049424,21,false,
guitarist,Q464619,Kim Thayil,dd676aae-658e-42f3-b3d9-8660ea29198d,,21,false,
guitarist,Q435330,Kristin Hersh,0b461f11-c7af-4ddb-a30e-5cb0aabb3e7f,189793,21,false,
guitarist,Q440272,Lee DeWyze,4006c69a-c50f-483a-bd1f-4f55e32ea7c9,,21,false,
guitarist,Q242437,Lights,efdbd3b1-2d20-4cea-af46-dffbc1e7daba,275263062,21,false,
guitarist,Q2988170,Linnea Quigley,4774a606-4e30-4020-9631-21aa1b61a8e2,,21,false,
guitarist,Q236762,Marié Digby,d9f1f946-e34f-4616-9847-8adec274a6e8,250521399,21,false,
guitarist,Q547366,Mark Tremonti,bbb1e25d-5ae6-4cdc-82ee-6c47736e61ae,,21,false,
guitarist,Q1190397,Matt Berry,6ab9dd05-b18d-49c5-bb93-b6bd0ca64eb0,,21,false,
guitarist,Q925947,Matt Cardle,2410b985-9e8c-437b-83de-113e39565a55,396753787,21,false,
guitarist,Q433726,Michael Angelo Batio,cdb1cf13-1787-4107-96a1-1c512178e23c,,21,false,
guitarist,Q957956,Mick Abrahams,88503676-d31b-458f-80a7-c38d758688b2,,21,false,
guitarist,Q320726,Mick Ralphs,1d78f61c-8f8d-4b3b-9ec2-83f40b1602f7,,21,false,
guitarist,Q539432,Mike Starr,ea18134b-c9d7-454f-8407-8abe0eb5f423,,21,false,
guitarist,Q447032,Nanci Griffith,b9ffd0e7-7f95-46db-bc1c-8094d459f084,70638,21,false,
guitarist,Q955635,Nick Valensi,389b319e-43b9-4491-b5a3-e0aaafd49c5d,,21,false,
guitarist,Q504954,Nils Lofgren,a1ef6bc8-2644-4b6d-aa21-27b630acf751,361703,21,false,
guitarist,Q387655,Noddy Holder,f80f697c-823a-4f23-901e-90769c660ee3,,21,false,
guitarist,Q350481,Oscar Dronjak,a41fb049-49e3-409e-916a-b65043e71f69,,21,false,
guitarist,Q548449,Paul Carrack,fe4658a6-bb37-473d-b6f0-f075dda8d31c,6849081,21,false,
guitarist,Q1133611,Paul Stookey,50986f3f-f7f3-42bb-b14f-17e8c6bab222,,21,false,
guitarist,Q371232,Petri Lindroos,bc038f59-44be-4acf-b99e-1e2f60d2b873,,21,false,
guitarist,Q337601,Pier Gonella,11100a72-1941-4854-b71c-b3d2cae2c6c7,,21,false,
guitarist,Q2369235,Pyotr Mamonov,9079304f-3219-479d-9b3a-398b71038166,,21,false,
guitarist,Q532053,Ralph Towner,610b8b96-faf7-4633-afd6-d6c338a81144,6474039,21,false,
guitarist,Q580371,Robert de Visée,b7b0bda7-9ccc-4ca6-90cf-c5c397caff49,,21,false,
guitarist,Q358842,"Ron ""Bumblefoot"" Thal",cf6fd745-1035-4bad-b0ef-33ed822b00b7,,21,false,
guitarist,Q708236,Ronnie Lane,a84b016e-4c02-44ac-ba3f-fa8290a10e4d,,21,false,
guitarist,Q503770,Ross the Boss,07dff93c-1430-4443-a0e4-e2851110ba24,,21,false,
guitarist,Q948561,Ryo Kawasaki,549eb410-56c5-45ff-b3de-a1f4144ef740,4616331,21,false,
guitarist,Q16223171,Sam Hunt,b27229bb-5669-4e98-b4ce-0158b2451fe8,214150835,21,false,
guitarist,Q460682,Seasick Steve,231ff972-4e8e-4157-95e2-12f963cb478c,,21,false,
guitarist,Q983297,Shahin Najafi,b447afda-56c9-4bb3-b37b-304b78a70f3d,401277985,21,false,
guitarist,Q501429,Skip Spence,6be5b77c-654f-40f1-9c7b-1b9b143ab437,,21,false,
guitarist,Q291115,Stephen Carpenter,8823bbc2-9a2f-44b3-9983-29f6f0da84d6,,21,false,
guitarist,Q374962,Steve Stevens,51cc88e9-657b-4cda-bcb7-0a8faa753b02,,21,false,
guitarist,Q1225141,T Bone Burnett,b821dd8c-4583-4385-9293-6f1015b74ef9,,21,false,
guitarist,Q132070,Theuns Jordaan,f079e3ba-4d42-445d-8b82-55c1cb670f15,,21,false,
guitarist,Q30122853,Tom Walker,84354abd-2ead-48a3-9690-6627d917b605,1199669456,21,false,
guitarist,Q1284241,Tommy Steele,0810fa02-a70e-4c99-b7e3-295c0972c64a,,21,false,
guitarist,Q44078,Tony MacAlpine,1245270a-3548-43a1-9b88-3fbf625148fa,,21,false,
guitarist,Q1383923,Tor Endresen,e8ee82f6-df01-4814-91f4-b35e66e52b46,,21,false,
guitarist,Q274312,Zhanna Bichevskaya,ddfc0d58-b989-4d0a-a915-d8e56e4f1f36,,21,false,
guitarist,Q503783,Andrew Bird,081b133e-ce74-42ba-92c1-c18234acb532,3883114,20,false,
guitarist,Q6462653,Angel Olsen,185527bf-c293-4c24-8213-ed98fb8976be,426576022,20,false,
guitarist,Q264610,Anna Nalick,852fb986-b0d9-4529-adaf-4f38bc1b1040,21793469,20,false,
guitarist,Q944759,Aurelio Voltaire,f7a2f0f1-da44-40b3-8dff-ab421af08bcf,2066186,20,false,
guitarist,Q545516,Bertrand Cantat,8f26eb5c-8f37-4bae-97cb-08e862437b21,26259274,20,true,62
guitarist,Q380316,Björn Gelotte,ae233bde-9438-4c91-b3cb-239b5b9a97ee,,20,false,
guitarist,Q174478,Blind Boy Fuller,d9109c45-ddf6-4481-89ee-d6bee8306db3,,20,false,
guitarist,Q910472,Bret Harrison,,,20,false,
guitarist,Q918497,Bukka White,882af819-887e-4691-a4af-b14613058942,,20,false,
guitarist,Q727249,Carlinhos Brown,4c61c6e4-b8d2-45b5-b31a-ab064f5ef9f4,,20,false,
guitarist,Q2330684,Chris Dreja,97cc1c6b-d6e2-4fb8-875c-78da893773d1,,20,false,
guitarist,Q74908,Dan Donegan,7171ec25-a741-46d5-a4aa-2a0aba8b5b80,,20,false,
guitarist,Q1167073,Dario Moreno,839adac2-084f-4d31-92c5-40e83d8dd756,,20,false,
guitarist,Q718287,David Bedford,9ce57631-2ee4-4203-a801-cd205cf5d57c,,20,false,
guitarist,Q932959,David Gates,d51a9033-a21a-4975-90a2-86078287cd4b,,20,false,
guitarist,Q1226921,Dion DiMucci,89efeadd-8080-4cf9-af33-2e68a173df02,,20,false,
guitarist,Q456851,Dionisio Aguado y García,3826edaf-ffad-4619-b08e-48ec3b141b42,,20,false,
guitarist,Q599257,Dominic Miller,b65c975f-4eaa-4bd4-9d10-704a80e92548,482589,20,false,
guitarist,Q727090,Dorival Caymmi,bec2162c-6a15-4bfd-a69c-3e35c4fb1f19,,20,false,
guitarist,Q262772,Eliot Sumner,00e475f8-ada4-4c5d-b003-2f0ae23e1193,731897060,20,false,
guitarist,Q551621,Eric Peterson,97188040-e50f-4e3d-b50b-f73f039a0368,,20,false,
guitarist,Q726170,Erlend Øye,bdb8e865-98f6-4dd3-a8ac-74b9b7ae8abd,7303817,20,false,
guitarist,Q712873,Evan Taubenfeld,79399e68-2b8e-4c4f-88ee-b4128292d754,,20,false,
guitarist,Q3064804,Fally Ipupa,455a23c4-ec18-4e87-893d-db79514eb50b,208298824,20,false,
guitarist,Q1001491,Finn Kalvik,aca11e0f-9169-4df4-846e-09eca4a0f222,,20,false,
guitarist,Q739915,Fran Healy,6a72b3d2-7da1-4831-b439-6d8fcf7b4800,,20,false,
guitarist,Q964219,Fred McDowell,8d2651e1-f539-4492-957a-8b4dc4c5d9b9,2245844,20,false,
guitarist,Q511537,Gaby Moreno,4aec1363-ab7a-4de2-a253-c529eeec55bd,472697737,20,false,
guitarist,Q705424,Gary Lightbody,4365b045-388b-42a5-91b5-b860dbcbf9f7,,20,false,
guitarist,Q432302,George Winston,a6b93c3c-88bc-431c-a46c-155dee9371aa,12814,20,false,
guitarist,Q539911,Gordon Haskell,9ffd031f-df96-4b92-bcf8-4dd5c95c4474,,20,false,
guitarist,Q648366,Hank Snow,c328faea-ae26-4988-85f5-e9a8dc322bb1,238054,20,false,
guitarist,Q243014,Ida Maria,eb5f1f04-0174-4534-996f-e8d944ed2a77,,20,false,
guitarist,Q715626,Igor Presnyakov,d0f48c49-9c87-4466-a7d0-0dc62d02f649,,20,false,
guitarist,Q386992,Ihsahn,d0471ad5-6591-477c-8790-efdce698d3b6,152674496,20,false,
guitarist,Q242873,Ingrid Michaelson,1fc494a1-9109-4081-a455-2d05bea9d2bf,157692029,20,false,
guitarist,Q3156516,Izïa,ac5112f7-df94-4cf8-b76c-f3eb36f1845a,,20,false,
guitarist,Q739681,J Mascis,82315599-2215-4c3e-a36f-87be58d06ec0,,20,false,
guitarist,Q3107729,Jackson C. Frank,ffa665e1-79c0-44fc-b963-6740619b91f5,,20,false,
guitarist,Q519466,Jake E. Lee,3ee1d8cd-c79a-442f-a6ba-5ee5297d9019,,20,false,
guitarist,Q555426,Jakob Dylan,2f877714-727d-490b-94fb-a8d32ee4cea5,31576266,20,false,
guitarist,Q375957,James Bourne,2009525c-c784-4b35-a00e-a188560ed678,,20,false,
guitarist,Q2148580,Jamie Cook,bce3d50f-714d-4dd7-ba7b-3179830fdbd3,,20,false,
guitarist,Q258898,Jari Mäenpää,884439c2-019f-474a-816c-2055be82d58e,,20,false,
guitarist,Q2320887,Jason Wade,7e959acc-3f7f-434f-ae8f-aeadf92bad80,,20,false,
guitarist,Q37323,Jeff Young,40865fb9-0763-419b-afa1-85160bacef77,,20,false,
guitarist,Q553913,Jeffrey Hammond,bf2fdd63-37ff-4263-a32c-2833dc43a780,,20,false,
guitarist,Q555387,Jesse Hughes,4d761040-b152-44cf-ad88-6b601c4af8a1,,20,false,
guitarist,Q1523866,Joe Duplantier,fcd705d6-df6e-402f-bd70-7d0799137c9e,,20,false,
guitarist,Q1333939,Joe South,399fc572-6f08-4dee-b5fc-213c8a4d050b,,20,false,
guitarist,Q270341,Johanna Beisteiner,,,20,false,
guitarist,Q981505,Jorge Cafrune,f989d864-35c6-4287-bc37-5e535c90232a,,20,false,
guitarist,Q452682,Josh Turner,3c418647-3aa0-4f0b-b043-306f47855f52,,20,false,
guitarist,Q956275,Josh White,f0b3af36-a38b-4e5e-bf9a-d25ae11ca741,,20,false,
guitarist,Q3051102,Justin Gaston,535d979d-5190-4861-a101-ec603129fa4e,,20,false,
guitarist,Q984331,Kurt Vile,e07a111e-4e8a-4651-a849-01ac60551ab2,274234314,20,false,
guitarist,Q1378892,Luambo Makiadi,2bafab0b-b22f-44d7-a046-119fb1298a85,,20,false,
guitarist,Q932925,Luiz Bonfá,f926459e-1bd2-42a6-a174-8994ad950591,281115,20,false,
guitarist,Q775131,Luther Allison,11cb567e-ecac-4226-8944-f862440e8bca,,20,false,
guitarist,Q204385,Manny Charlton,1e4f7ae2-8b82-4a65-bee8-60e7c96bb2c9,,20,false,
guitarist,Q25554,Marcus Mumford,30415593-f831-42a1-ba3f-fbaef1272815,,20,false,
guitarist,Q456036,Markus Grosskopf,90b10306-ffc8-485e-a40d-ccc27caf4a5e,,20,false,
guitarist,Q470216,Matthias Reim,2e433b57-1e40-4a8f-b38d-7675fda5698a,13433373,20,false,
guitarist,Q1276598,Merle Travis,13da4ed2-7344-49aa-aa73-004826896c5c,,20,false,
guitarist,Q561190,Michel Polnareff,90330a83-5547-491e-b83c-d10858e6073f,19074438,20,false,
guitarist,Q981236,Paco Ibáñez,06110fec-532b-4e1b-8c77-cbcac347eebf,,20,false,
guitarist,Q2370283,Patrick Carney,49619623-d031-4cec-8893-c2025ab45256,1274656032,20,false,
guitarist,Q257083,Patti Scialfa,f09aa40c-b613-4ea2-a8cf-6056c2657a9a,,20,false,
guitarist,Q1403698,Pau Donés,dfa7480f-35af-4fab-8b9a-98a6651b1507,,20,false,
guitarist,Q607491,Philip Catherine,fb819206-21d9-4b80-91e7-233039337da6,372865,20,false,
guitarist,Q552341,Plan B,daf84e36-f78e-4c94-a032-6aed138c0d34,,20,false,
guitarist,Q164721,Reinhard Mey,3531715d-fee3-4c5b-82ff-5d85865b598b,14747630,20,false,
guitarist,Q159098,Reverend Gary Davis,f66eefea-ff87-46b5-947d-b595a4bac5c9,,20,false,
guitarist,Q716361,Richard Hawley,006f0783-c5a0-458b-a9da-f8551f7ebe77,665146028,20,false,
guitarist,Q547183,Richard Tandy,3c206a25-7a9f-4529-aa35-36ab1a041d7f,,20,false,
guitarist,Q956150,Robben Ford,9c17c956-de06-4463-9a87-234652c306dc,,20,false,
guitarist,Q1375663,Robert Hunter,e9b419b5-ab8f-425c-8214-a7259e6efe10,,20,false,
guitarist,Q518289,Scott Gorham,fd5b04d7-bc16-4893-8cd3-5a3ae5cadce9,,20,false,
guitarist,Q531978,Shannon Hoon,35288322-831f-49f9-96ec-66173c873f7e,,20,false,
guitarist,Q935245,Steve Hogarth,f4381c9f-a21d-4936-8417-b34f7007ba29,,20,false,
guitarist,Q366578,Sully Erna,0d4c8428-9355-44db-af56-ec8523f20258,27597828,20,false,
guitarist,Q275625,Susan Tedeschi,deabe097-2a03-49ce-9ae3-c9645bc778c7,217132,20,false,
guitarist,Q218031,Terry Bozzio,c4056664-378d-4c22-8402-b6a5c644f0e6,,20,false,
guitarist,Q692632,Terry Kath,2e4684b3-add3-4d00-9c2f-8792ef47cac1,,20,false,
guitarist,Q675108,Thomas Gabriel Fischer,44af2538-558d-4645-83a0-be58763248a6,,20,false,
guitarist,Q7793491,Thomas Rhett,bca8bfc0-9d5b-449b-b713-914596f88d56,502541718,20,false,
guitarist,Q62929,Tom Beck,f35d0fa7-8a57-41dc-a2e9-48d22a07ff4b,,20,false,
guitarist,Q1351527,Tom Paxton,1880815f-5f43-4eba-9038-96ba0380134d,,20,false,
guitarist,Q457595,Tomas Haugen,277d758b-41f7-4f8e-8a8f-45a226880f37,,20,false,
guitarist,Q965179,Tommy Johnson,b86d8c69-c57e-4b15-9ba5-9e7c62779271,,20,false,
guitarist,Q297486,Vashti Bunyan,31aa8446-3dbf-4d22-9504-0f1bd58bf785,,20,false,
guitarist,Q587628,Vernon Reid,6b429638-0cb7-44b1-8b2c-691ee0e52ef7,,20,false,
guitarist,Q505159,Vicente Amigo,6df45204-f43d-46b5-90f9-b908534e8ed4,,20,false,
guitarist,Q709464,Will Oldham,eb51090c-662a-47a1-967c-c63292d9831a,67291928,20,false,
guitarist,Q455762,Willy DeVille,b09775a9-957d-4101-aa88-da78b9c6ad36,,20,false,
guitarist,Q582152,Yuri Vizbor,b7d22e94-cdff-4139-bda9-2dceae4f0ffc,,20,false,
