musician_id,role,rank,confidence,source,source_reference,approved,notes
musician-jaco-pastorius,bassist,1,high,"Rolling Stone, Bass Player, MusicRadar Reader Poll, uDiscover",multi_source_core,true,
musician-john-entwistle,bassist,2,high,"Rolling Stone, Bass Player, MusicRadar Reader Poll, uDiscover",multi_source_core,true,
musician-paul-mccartney,bassist,3,high,"Rolling Stone, Bass Player, MusicRadar Reader Poll, uDiscover",multi_source_core,true,
musician-james-jamerson,bassist,4,high,"Rolling Stone, Bass Player, MusicRadar Reader Poll, uDiscover",multi_source_core,true,
musician-jack-bruce,bassist,5,high,"Rolling Stone, Bass Player, MusicRadar Reader Poll, uDiscover",multi_source_core,true,
musician-chris-squire,bassist,6,high,"Rolling Stone, Bass Player, MusicRadar Reader Poll, uDiscover",multi_source_core,true,
musician-geddy-lee,bassist,7,high,"Rolling Stone, Bass Player, MusicRadar Reader Poll, uDiscover",multi_source_core,true,
musician-stanley-clarke,bassist,8,high,"Rolling Stone, Bass Player, MusicRadar Reader Poll, uDiscover",multi_source_core,true,
musician-john-paul-jones,bassist,9,high,"Rolling Stone, Bass Player, MusicRadar Reader Poll, uDiscover",multi_source_core,true,
musician-carol-kaye,bassist,10,high,"Rolling Stone, Bass Player, MusicRadar Reader Poll, uDiscover",multi_source_core,true,
musician-larry-graham,bassist,11,high,"Rolling Stone, Bass Player, MusicRadar Reader Poll, uDiscover",multi_source_core,true,
musician-charles-mingus,bassist,12,high,"Rolling Stone, Bass Player, MusicRadar Reader Poll, uDiscover",multi_source_core,true,
musician-flea,bassist,13,high,"Rolling Stone, Bass Player, MusicRadar Reader Poll, uDiscover",multi_source_core,true,
musician-bootsy-collins,bassist,14,high,"Rolling Stone, Bass Player, MusicRadar Reader Poll, uDiscover",multi_source_core,true,
musician-ron-carter,bassist,15,high,"Rolling Stone, Bass Player, uDiscover",multi_source_core,true,
musician-geezer-butler,bassist,16,high,"Rolling Stone, Bass Player, MusicRadar Reader Poll, uDiscover",multi_source_core,true,
musician-les-claypool,bassist,17,high,"Rolling Stone, Bass Player, MusicRadar Reader Poll, uDiscover",multi_source_core,true,
musician-donald-duck-dunn,bassist,18,high,"Rolling Stone, Bass Player, MusicRadar Reader Poll, uDiscover",multi_source_core,true,
musician-lemmy,bassist,19,high,"Rolling Stone, Bass Player, MusicRadar Reader Poll, uDiscover",multi_source_core,true,
musician-cliff-burton,bassist,20,high,"Rolling Stone, Bass Player, MusicRadar Reader Poll, uDiscover",multi_source_core,true,
musician-victor-wooten,bassist,21,high,"Bass Player, MusicRadar Reader Poll, uDiscover",multi_source_core,true,
musician-charlie-haden,bassist,22,high,"Rolling Stone, Bass Player, uDiscover",multi_source_core,true,
musician-willie-dixon,bassist,23,high,"Rolling Stone, Bass Player, uDiscover",multi_source_core,true,
musician-aston-family-man-barrett,bassist,24,high,"Rolling Stone, Bass Player, uDiscover",multi_source_core,true,
musician-george-porter-jr,bassist,25,high,"Rolling Stone, Bass Player, uDiscover",multi_source_core,true,
musician-billy-sheehan,bassist,26,high,"Bass Player, MusicRadar Reader Poll, uDiscover",multi_source_core,true,
musician-phil-lesh,bassist,27,high,"Rolling Stone, Bass Player, uDiscover",multi_source_core,true,
musician-pino-palladino,bassist,28,high,"Rolling Stone, Bass Player, MusicRadar Reader Poll",multi_source_core,true,
musician-louis-johnson,bassist,29,high,"Rolling Stone, Bass Player, uDiscover",multi_source_core,true,
musician-steve-harris,bassist,30,high,"Bass Player, MusicRadar Reader Poll, uDiscover",multi_source_core,true,
musician-simon-gallup,bassist,31,editorial,MusicRadar Reader Poll,single_source_editorial,true,
musician-jack-casady,bassist,32,high,"Bass Player, uDiscover",multi_source_core,true,
musician-verdine-white,bassist,33,high,"Rolling Stone, Bass Player",multi_source_core,true,
musician-marcus-miller,bassist,34,high,"Bass Player, MusicRadar Reader Poll, uDiscover",multi_source_core,true,
musician-anthony-jackson,bassist,35,editorial,Bass Player,single_source_editorial,true,
musician-tony-levin,bassist,36,high,"Rolling Stone, Bass Player, MusicRadar Reader Poll",multi_source_core,true,
musician-ray-brown,bassist,37,editorial,Bass Player,single_source_editorial,true,
musician-jj-burnel,bassist,38,editorial,MusicRadar Reader Poll,single_source_editorial,true,
musician-chuck-rainey,bassist,39,high,"Bass Player, uDiscover",multi_source_core,true,
musician-bill-black,bassist,40,high,"Rolling Stone, Bass Player, uDiscover",multi_source_core,true,
musician-david-hood,bassist,41,high,"Rolling Stone, Bass Player, uDiscover",multi_source_core,true,
musician-israel-cachao-lopez,bassist,42,high,"Rolling Stone, Bass Player",multi_source_core,true,
musician-bernard-edwards,bassist,43,high,"Rolling Stone, Bass Player, MusicRadar Reader Poll",multi_source_core,true,
musician-scott-lafaro,bassist,44,editorial,Bass Player,single_source_editorial,true,
musician-sting,bassist,45,high,"Rolling Stone, Bass Player, uDiscover",multi_source_core,true,
musician-rocco-prestia,bassist,46,editorial,Bass Player,single_source_editorial,true,
musician-john-patitucci,bassist,47,editorial,Bass Player,single_source_editorial,true,
musician-leland-sklar,bassist,48,high,"Rolling Stone, Bass Player, MusicRadar Reader Poll",multi_source_core,true,
musician-peter-hook,bassist,49,high,"Rolling Stone, Bass Player, MusicRadar Reader Poll",multi_source_core,true,
musician-paul-chambers,bassist,50,editorial,Bass Player,single_source_editorial,true,
musician-robbie-shakespeare,bassist,51,high,"Rolling Stone, Bass Player",multi_source_core,true,
musician-nikki-sixx,bassist,52,editorial,MusicRadar Reader Poll,single_source_editorial,true,
musician-john-wetton,bassist,53,editorial,uDiscover,single_source_editorial,true,
musician-will-lee,bassist,54,editorial,Bass Player,single_source_editorial,true,
musician-oscar-pettiford,bassist,55,editorial,Bass Player,single_source_editorial,true,
musician-mike-watt,bassist,56,high,"Rolling Stone, Bass Player, uDiscover",multi_source_core,true,
musician-esperanza-spalding,bassist,57,high,"Rolling Stone, Bass Player, uDiscover",multi_source_core,true,
musician-meshell-ndegeocello,bassist,58,high,"Bass Player, uDiscover",multi_source_core,true,
musician-jimmy-blanton,bassist,59,editorial,Bass Player,single_source_editorial,true,
musician-mick-karn,bassist,60,high,"Bass Player, MusicRadar Reader Poll",multi_source_core,true,
musician-tina-weymouth,bassist,61,high,"Rolling Stone, uDiscover",multi_source_core,true,
musician-rick-danko,bassist,62,editorial,Rolling Stone,single_source_editorial,true,
musician-bill-wyman,bassist,63,high,"Rolling Stone, uDiscover",multi_source_core,true,
musician-mark-king,bassist,64,high,"Bass Player, MusicRadar Reader Poll",multi_source_core,true,
musician-suzi-quatro,bassist,65,editorial,MusicRadar Reader Poll,single_source_editorial,true,
musician-abraham-laboriel,bassist,66,editorial,Bass Player,single_source_editorial,true,
musician-joe-osborn,bassist,67,editorial,Bass Player,single_source_editorial,true,
musician-gene-simmons,bassist,68,editorial,MusicRadar Reader Poll,single_source_editorial,true,
musician-nathan-east,bassist,69,high,"Bass Player, MusicRadar Reader Poll",multi_source_core,true,
musician-paul-jackson,bassist,70,editorial,Bass Player,single_source_editorial,true,
musician-justin-chancellor,bassist,71,high,"Bass Player, MusicRadar Reader Poll",multi_source_core,true,
musician-berry-oakley,bassist,72,editorial,Bass Player,single_source_editorial,true,
musician-bernard-odum,bassist,73,editorial,uDiscover,single_source_editorial,true,
musician-eddie-gomez,bassist,74,editorial,Bass Player,single_source_editorial,true,
musician-john-deacon,bassist,75,high,"Bass Player, MusicRadar Reader Poll",multi_source_core,true,
musician-john-myung,bassist,76,high,"MusicRadar Reader Poll, uDiscover",multi_source_core,true,
musician-andrew-gouche,bassist,77,editorial,Bass Player,single_source_editorial,true,
musician-duff-mckagan,bassist,78,high,"Rolling Stone, MusicRadar Reader Poll",multi_source_core,true,
musician-willie-weeks,bassist,79,editorial,Bass Player,single_source_editorial,true,
musician-bakithi-kumalo,bassist,80,editorial,Bass Player,single_source_editorial,true,
musician-bob-babbitt,bassist,81,high,"Bass Player, uDiscover",multi_source_core,true,
musician-gary-willis,bassist,82,editorial,Bass Player,single_source_editorial,true,
musician-bob-moore,bassist,83,high,"Rolling Stone, Bass Player",multi_source_core,true,
musician-jeff-berlin,bassist,84,editorial,Bass Player,single_source_editorial,true,
musician-jerry-scheff,bassist,85,editorial,uDiscover,single_source_editorial,true,
musician-steve-swallow,bassist,86,editorial,Bass Player,single_source_editorial,true,
musician-john-taylor,bassist,87,editorial,MusicRadar Reader Poll,single_source_editorial,true,
musician-kim-gordon,bassist,88,high,"Rolling Stone, uDiscover",multi_source_core,true,
musician-percy-heath,bassist,89,editorial,uDiscover,single_source_editorial,true,
musician-edgar-meyer,bassist,90,editorial,Bass Player,single_source_editorial,true,
musician-jerry-jemmott,bassist,91,editorial,Bass Player,single_source_editorial,true,
musician-stu-hamm,bassist,92,high,"Bass Player, MusicRadar Reader Poll",multi_source_core,true,
musician-matt-garrison,bassist,93,editorial,Bass Player,single_source_editorial,true,
musician-oteil-burbridge,bassist,94,editorial,Bass Player,single_source_editorial,true,
musician-richard-bona,bassist,95,editorial,Bass Player,single_source_editorial,true,
musician-phil-lynott,bassist,96,editorial,MusicRadar Reader Poll,single_source_editorial,true,
musician-niels-henning-rsted-pedersen,bassist,97,editorial,Bass Player,single_source_editorial,true,
musician-doug-wimbish,bassist,98,editorial,Bass Player,single_source_editorial,true,
musician-richard-davis,bassist,99,editorial,Rolling Stone,single_source_editorial,true,
musician-dave-holland,bassist,100,editorial,Bass Player,single_source_editorial,true,
musician-mike-rutherford,bassist,101,editorial,uDiscover,single_source_editorial,true,
musician-roger-waters,bassist,102,editorial,MusicRadar Reader Poll,single_source_editorial,true,
musician-jimmy-johnson,bassist,103,editorial,Bass Player,single_source_editorial,true,
musician-thundercat,bassist,104,high,"Rolling Stone, Bass Player",multi_source_core,true,
musician-christian-mcbride,bassist,105,editorial,Bass Player,single_source_editorial,true,
musician-robert-trujillo,bassist,106,editorial,MusicRadar Reader Poll,single_source_editorial,true,
musician-victor-bailey,bassist,107,editorial,Bass Player,single_source_editorial,true,
musician-bruce-thomas,bassist,108,editorial,uDiscover,single_source_editorial,true,
musician-michael-manring,bassist,109,editorial,Bass Player,single_source_editorial,true,
musician-bruce-foxton,bassist,110,editorial,MusicRadar Reader Poll,single_source_editorial,true,
musician-john-mcvie,bassist,111,editorial,Rolling Stone,single_source_editorial,true,
musician-dee-murray,bassist,112,editorial,Bass Player,single_source_editorial,true,
musician-kasim-sulton,bassist,113,editorial,uDiscover,single_source_editorial,true,
musician-joey-spampinato,bassist,114,editorial,uDiscover,single_source_editorial,true,
musician-dave-pegg,bassist,115,editorial,uDiscover,single_source_editorial,true,
musician-chris-wolstenholme,bassist,116,editorial,MusicRadar Reader Poll,single_source_editorial,true,
musician-tim-bogert,bassist,117,editorial,Bass Player,single_source_editorial,true,
musician-nick-lowe,bassist,118,editorial,uDiscover,single_source_editorial,true,
musician-jonas-hellborg,bassist,119,editorial,Bass Player,single_source_editorial,true,
musician-gail-ann-dorsey,bassist,120,editorial,uDiscover,single_source_editorial,true,
musician-red-mitchell,bassist,121,editorial,Bass Player,single_source_editorial,true,
musician-michael-rhodes,bassist,122,editorial,Bass Player,single_source_editorial,true,
musician-colin-moulding,bassist,123,editorial,MusicRadar Reader Poll,single_source_editorial,true,
musician-joseph-makwela,bassist,124,editorial,Rolling Stone,single_source_editorial,true,
musician-bobby-rodriguez,bassist,125,editorial,Bass Player,single_source_editorial,true,
musician-mel-schacher,bassist,126,editorial,uDiscover,single_source_editorial,true,
musician-hadrien-feraud,bassist,127,editorial,Bass Player,single_source_editorial,true,
musician-bobby-vega,bassist,128,editorial,Bass Player,single_source_editorial,true,
musician-bill-laswell,bassist,129,editorial,Bass Player,single_source_editorial,true,
musician-roger-glover,bassist,130,editorial,MusicRadar Reader Poll,single_source_editorial,true,
musician-kim-deal,bassist,131,editorial,Rolling Stone,single_source_editorial,true,
musician-ron-baker,bassist,132,editorial,Bass Player,single_source_editorial,true,
musician-leroy-slam-stewart,bassist,133,editorial,Bass Player,single_source_editorial,true,
musician-walter-page,bassist,134,editorial,Bass Player,single_source_editorial,true,
musician-mike-dirnt,bassist,135,editorial,MusicRadar Reader Poll,single_source_editorial,true,
musician-percy-jones,bassist,136,editorial,Bass Player,single_source_editorial,true,
musician-carl-cox,dj,1,high,"DJ Mag, MusicRadar, Skiddle",multi_source_core,true,
musician-david-guetta,dj,2,high,"DJ Mag, Skiddle",multi_source_core,true,
musician-armin-van-buuren,dj,3,high,"DJ Mag, Skiddle",multi_source_core,true,
musician-charlotte-de-witte,dj,4,high,"DJ Mag, Skiddle",multi_source_core,true,
musician-peggy-gou,dj,5,high,"DJ Mag, Skiddle",multi_source_core,true,
musician-calvin-harris,dj,6,high,"DJ Mag, Skiddle",multi_source_core,true,
musician-black-coffee,dj,7,high,"DJ Mag, Skiddle",multi_source_core,true,
musician-tiesto,dj,8,high,"DJ Mag, Skiddle",multi_source_core,true,
musician-skrillex,dj,9,high,"DJ Mag, Skiddle",multi_source_core,true,
musician-fred-again,dj,10,high,"DJ Mag, Skiddle",multi_source_core,true,
musician-martin-garrix,dj,11,editorial,DJ Mag,single_source_editorial,true,
musician-alok,dj,12,editorial,DJ Mag,single_source_editorial,true,
musician-eric-prydz,dj,13,high,"DJ Mag, Skiddle",multi_source_core,true,
musician-amelie-lens,dj,14,high,"DJ Mag, Skiddle",multi_source_core,true,
musician-timmy-trumpet,dj,15,editorial,DJ Mag,single_source_editorial,true,
musician-fisher,dj,16,editorial,DJ Mag,single_source_editorial,true,
musician-afrojack,dj,17,editorial,DJ Mag,single_source_editorial,true,
musician-anyma,dj,18,editorial,DJ Mag,single_source_editorial,true,
musician-vintage-culture,dj,19,editorial,DJ Mag,single_source_editorial,true,
musician-don-diablo,dj,20,editorial,DJ Mag,single_source_editorial,true,
musician-steve-aoki,dj,21,editorial,DJ Mag,single_source_editorial,true,
musician-hardwell,dj,22,editorial,DJ Mag,single_source_editorial,true,
musician-lost-frequencies,dj,23,editorial,DJ Mag,single_source_editorial,true,
musician-reinier-zonneveld,dj,24,editorial,DJ Mag,single_source_editorial,true,
musician-kshmr,dj,25,editorial,DJ Mag,single_source_editorial,true,
musician-alan-walker,dj,26,editorial,DJ Mag,single_source_editorial,true,
musician-oliver-heldens,dj,27,editorial,DJ Mag,single_source_editorial,true,
musician-jamie-jones,dj,28,editorial,DJ Mag,single_source_editorial,true,
musician-r3hab,dj,29,editorial,DJ Mag,single_source_editorial,true,
musician-nicky-romero,dj,30,editorial,DJ Mag,single_source_editorial,true,
musician-claptone,dj,31,editorial,DJ Mag,single_source_editorial,true,
musician-joel-corry,dj,32,editorial,DJ Mag,single_source_editorial,true,
musician-indira-paganotto,dj,33,editorial,DJ Mag,single_source_editorial,true,
musician-paul-van-dyk,dj,34,editorial,DJ Mag,single_source_editorial,true,
musician-dj-snake,dj,35,editorial,DJ Mag,single_source_editorial,true,
musician-dom-dolla,dj,36,editorial,DJ Mag,single_source_editorial,true,
musician-marshmello,dj,37,editorial,DJ Mag,single_source_editorial,true,
musician-zedd,dj,38,editorial,DJ Mag,single_source_editorial,true,
musician-john-summit,dj,39,editorial,DJ Mag,single_source_editorial,true,
musician-quintino,dj,40,editorial,DJ Mag,single_source_editorial,true,
musician-michael-bibi,dj,41,editorial,DJ Mag,single_source_editorial,true,
musician-deadmau5,dj,42,high,"DJ Mag, Skiddle",multi_source_core,true,
musician-boris-brejcha,dj,43,editorial,DJ Mag,single_source_editorial,true,
musician-korolova,dj,44,editorial,DJ Mag,single_source_editorial,true,
musician-alesso,dj,45,editorial,DJ Mag,single_source_editorial,true,
musician-james-hype,dj,46,editorial,DJ Mag,single_source_editorial,true,
musician-maddix,dj,47,editorial,DJ Mag,single_source_editorial,true,
musician-hugel,dj,48,editorial,DJ Mag,single_source_editorial,true,
musician-solomun,dj,49,editorial,DJ Mag,single_source_editorial,true,
musician-mochakk,dj,50,editorial,DJ Mag,single_source_editorial,true,
musician-lilly-palmer,dj,51,editorial,DJ Mag,single_source_editorial,true,
musician-nora-en-pure,dj,52,editorial,DJ Mag,single_source_editorial,true,
musician-atb,dj,53,editorial,DJ Mag,single_source_editorial,true,
musician-deborah-de-luca,dj,54,editorial,DJ Mag,single_source_editorial,true,
musician-sara-landry,dj,55,editorial,DJ Mag,single_source_editorial,true,
musician-honey-dijon,dj,56,high,"DJ Mag, Skiddle",multi_source_core,true,
musician-kolsch,dj,57,editorial,DJ Mag,single_source_editorial,true,
musician-dj-cash-money,dj,58,high,"XXL, MusicRadar",multi_source_core,true,
musician-dj-kool-herc,dj,59,high,"XXL, Skiddle",multi_source_core,true,
musician-dj-qbert,dj,60,high,"XXL, MusicRadar",multi_source_core,true,
musician-grandmaster-flash,dj,61,high,"XXL, MusicRadar",multi_source_core,true,
musician-jam-master-jay,dj,62,high,"XXL, MusicRadar",multi_source_core,true,
musician-nico-moreno,dj,63,editorial,DJ Mag,single_source_editorial,true,
musician-gordo,dj,64,editorial,DJ Mag,single_source_editorial,true,
musician-pawsa,dj,65,editorial,DJ Mag,single_source_editorial,true,
musician-liu,dj,66,editorial,DJ Mag,single_source_editorial,true,
musician-mike-williams,dj,67,editorial,DJ Mag,single_source_editorial,true,
musician-kaaze,dj,68,editorial,DJ Mag,single_source_editorial,true,
musician-miss-monique,dj,69,editorial,DJ Mag,single_source_editorial,true,
musician-burak-yeter,dj,70,editorial,DJ Mag,single_source_editorial,true,
musician-mau-p,dj,71,editorial,DJ Mag,single_source_editorial,true,
musician-i-hate-models,dj,72,editorial,DJ Mag,single_source_editorial,true,
musician-chris-stussy,dj,73,editorial,DJ Mag,single_source_editorial,true,
musician-wukong,dj,74,editorial,DJ Mag,single_source_editorial,true,
musician-fedde-le-grand,dj,75,editorial,DJ Mag,single_source_editorial,true,
musician-ferry-corsten,dj,76,editorial,DJ Mag,single_source_editorial,true,
musician-plastik-funk,dj,77,editorial,DJ Mag,single_source_editorial,true,
musician-b-jones,dj,78,editorial,DJ Mag,single_source_editorial,true,
musician-giuseppe-ottaviani,dj,79,editorial,DJ Mag,single_source_editorial,true,
musician-cuebrick,dj,80,editorial,DJ Mag,single_source_editorial,true,
musician-mariana-bo,dj,81,editorial,DJ Mag,single_source_editorial,true,
musician-fantasm,dj,82,editorial,DJ Mag,single_source_editorial,true,
musician-chris-lake,dj,83,editorial,DJ Mag,single_source_editorial,true,
musician-faustix,dj,84,editorial,DJ Mag,single_source_editorial,true,
musician-nils-van-zandt,dj,85,editorial,DJ Mag,single_source_editorial,true,
musician-topic,dj,86,editorial,DJ Mag,single_source_editorial,true,
musician-a-trak,dj,87,editorial,XXL,single_source_editorial,true,
musician-adam-beyer,dj,88,editorial,Skiddle,single_source_editorial,true,
musician-afrika-bambaataa,dj,89,editorial,XXL,single_source_editorial,true,
musician-andrew-weatherall,dj,90,editorial,Skiddle,single_source_editorial,true,
musician-andy-c,dj,91,editorial,Skiddle,single_source_editorial,true,
musician-avicii,dj,92,editorial,Skiddle,single_source_editorial,true,
musician-ben-klock,dj,93,editorial,Skiddle,single_source_editorial,true,
musician-brucie-b,dj,94,editorial,XXL,single_source_editorial,true,
musician-cosmic-kev,dj,95,editorial,XXL,single_source_editorial,true,
musician-cut-chemist,dj,96,editorial,MusicRadar,single_source_editorial,true,
musician-david-mancuso,dj,97,editorial,MusicRadar,single_source_editorial,true,
musician-david-rodigan,dj,98,editorial,MusicRadar,single_source_editorial,true,
musician-dj-alfredo,dj,99,editorial,MusicRadar,single_source_editorial,true,
musician-dj-andy-smith,dj,100,editorial,MusicRadar,single_source_editorial,true,
musician-dj-babu,dj,101,editorial,XXL,single_source_editorial,true,
musician-dj-chuck-chillout,dj,102,editorial,XXL,single_source_editorial,true,
musician-dj-chuckie,dj,103,editorial,MusicRadar,single_source_editorial,true,
musician-dj-clark-kent,dj,104,editorial,XXL,single_source_editorial,true,
musician-dj-clue,dj,105,editorial,XXL,single_source_editorial,true,
musician-dj-doo-wop,dj,106,editorial,XXL,single_source_editorial,true,
musician-dj-drama,dj,107,editorial,XXL,single_source_editorial,true,
musician-dj-enuff,dj,108,editorial,XXL,single_source_editorial,true,
musician-dj-envy,dj,109,editorial,XXL,single_source_editorial,true,
musician-dj-ez,dj,110,editorial,Skiddle,single_source_editorial,true,
musician-dj-green-lantern,dj,111,editorial,XXL,single_source_editorial,true,
musician-dj-greg-street,dj,112,editorial,XXL,single_source_editorial,true,
musician-dj-hollywood,dj,113,editorial,XXL,single_source_editorial,true,
musician-dj-jazzy-jeff,dj,114,editorial,XXL,single_source_editorial,true,
musician-dj-jazzy-joyce,dj,115,editorial,XXL,single_source_editorial,true,
musician-dj-kay-slay,dj,116,editorial,XXL,single_source_editorial,true,
musician-dj-khaled,dj,117,editorial,XXL,single_source_editorial,true,
musician-dj-marky,dj,118,editorial,MusicRadar,single_source_editorial,true,
musician-dj-paulette,dj,119,editorial,Skiddle,single_source_editorial,true,
musician-dj-premier,dj,120,editorial,XXL,single_source_editorial,true,
musician-dj-scratch,dj,121,editorial,XXL,single_source_editorial,true,
musician-dj-screw,dj,122,editorial,XXL,single_source_editorial,true,
musician-dj-whoo-kid,dj,123,editorial,XXL,single_source_editorial,true,
musician-dj-yoda,dj,124,editorial,MusicRadar,single_source_editorial,true,
musician-dj-z-trip,dj,125,editorial,MusicRadar,single_source_editorial,true,
musician-frankie-knuckles,dj,126,editorial,Skiddle,single_source_editorial,true,
musician-funkmaster-flex,dj,127,editorial,XXL,single_source_editorial,true,
musician-grand-wizzard-theodore,dj,128,editorial,XXL,single_source_editorial,true,
musician-grandmaster-flowers,dj,129,editorial,XXL,single_source_editorial,true,
musician-jeff-mills,dj,130,editorial,Skiddle,single_source_editorial,true,
musician-kid-capri,dj,131,editorial,XXL,single_source_editorial,true,
musician-kid-koala,dj,132,editorial,MusicRadar,single_source_editorial,true,
musician-king-tech,dj,133,editorial,XXL,single_source_editorial,true,
musician-kool-dj-red-alert,dj,134,editorial,XXL,single_source_editorial,true,
musician-larry-levan,dj,135,editorial,Skiddle,single_source_editorial,true,
musician-lil-jon,dj,136,editorial,XXL,single_source_editorial,true,
musician-marley-marl,dj,137,editorial,XXL,single_source_editorial,true,
musician-marlon-hoffstadt,dj,138,editorial,DJ Mag,single_source_editorial,true,
musician-michael-5000-watts,dj,139,editorial,XXL,single_source_editorial,true,
musician-mister-cee,dj,140,editorial,XXL,single_source_editorial,true,
musician-mr-magic,dj,141,editorial,XXL,single_source_editorial,true,
musician-mr-scruff,dj,142,editorial,MusicRadar,single_source_editorial,true,
musician-norman-jay-mbe,dj,143,editorial,MusicRadar,single_source_editorial,true,
musician-paul-oakenfold,dj,144,editorial,Skiddle,single_source_editorial,true,
musician-pete-rock,dj,145,editorial,XXL,single_source_editorial,true,
musician-richie-hawtin,dj,146,editorial,Skiddle,single_source_editorial,true,
musician-roc-raida,dj,147,editorial,XXL,single_source_editorial,true,
musician-roger-sanchez,dj,148,editorial,Skiddle,single_source_editorial,true,
musician-ron-g,dj,149,editorial,XXL,single_source_editorial,true,
musician-ron-hardy,dj,150,editorial,Skiddle,single_source_editorial,true,
musician-sir-spyro,dj,151,editorial,Skiddle,single_source_editorial,true,
musician-spinderella,dj,152,editorial,XXL,single_source_editorial,true,
musician-statik-selektah,dj,153,editorial,XXL,single_source_editorial,true,
musician-stretch-armstrong,dj,154,editorial,XXL,single_source_editorial,true,
musician-terminator-x,dj,155,editorial,XXL,single_source_editorial,true,
musician-theo-parrish,dj,156,editorial,Skiddle,single_source_editorial,true,
musician-tim-westwood,dj,157,editorial,XXL,single_source_editorial,true,
musician-tony-touch,dj,158,editorial,XXL,single_source_editorial,true,
musician-youngsta,dj,159,editorial,Skiddle,single_source_editorial,true,
musician-john-bonham,drummer,1,high,Consequence | Drumeo | MusicRadar Reader Poll | Rolling Stone,multi_source_core,true,
musician-neil-peart,drummer,2,high,Consequence | Drumeo | MusicRadar Reader Poll | Rolling Stone,multi_source_core,true,
musician-buddy-rich,drummer,3,high,Consequence | Drumeo | MusicRadar Reader Poll | Rolling Stone,multi_source_core,true,
musician-keith-moon,drummer,4,high,Consequence | Drumeo | MusicRadar Reader Poll | Rolling Stone,multi_source_core,true,
musician-stewart-copeland,drummer,5,high,Consequence | Drumeo | MusicRadar Reader Poll | Rolling Stone,multi_source_core,true,
musician-mitch-mitchell,drummer,6,high,Consequence | Drumeo | MusicRadar Reader Poll | Rolling Stone,multi_source_core,true,
musician-ringo-starr,drummer,7,high,Consequence | Drumeo | MusicRadar Reader Poll | Rolling Stone,multi_source_core,true,
musician-ginger-baker,drummer,8,high,Consequence | Drumeo | MusicRadar Reader Poll | Rolling Stone,multi_source_core,true,
musician-gene-krupa,drummer,9,high,Consequence | Drumeo | MusicRadar Reader Poll | Rolling Stone,multi_source_core,true,
musician-dave-grohl,drummer,10,high,Consequence | Drumeo | MusicRadar Reader Poll | Rolling Stone,multi_source_core,true,
musician-vinnie-colaiuta,drummer,11,high,Consequence | Drumeo | MusicRadar Reader Poll | Rolling Stone,multi_source_core,true,
musician-steve-gadd,drummer,12,high,Consequence | Drumeo | MusicRadar Reader Poll | Rolling Stone,multi_source_core,true,
musician-danny-carey,drummer,13,high,Consequence | Drumeo | MusicRadar Reader Poll | Rolling Stone,multi_source_core,true,
musician-tony-williams,drummer,14,high,Consequence | Drumeo | Rolling Stone,multi_source_core,true,
musician-elvin-jones,drummer,15,high,Consequence | Drumeo | MusicRadar Reader Poll | Rolling Stone,multi_source_core,true,
musician-phil-collins,drummer,16,high,Consequence | Drumeo | MusicRadar Reader Poll | Rolling Stone,multi_source_core,true,
musician-billy-cobham,drummer,17,high,Consequence | Drumeo | MusicRadar Reader Poll | Rolling Stone,multi_source_core,true,
musician-charlie-watts,drummer,18,high,Consequence | Drumeo | MusicRadar Reader Poll | Rolling Stone,multi_source_core,true,
musician-terry-bozzio,drummer,19,high,Consequence | Drumeo | MusicRadar Reader Poll | Rolling Stone,multi_source_core,true,
musician-steve-smith,drummer,20,high,Consequence | Drumeo | MusicRadar Reader Poll | Rolling Stone,multi_source_core,true,
musician-hal-blaine,drummer,21,high,Consequence | Drumeo | Rolling Stone,multi_source_core,true,
musician-dave-weckl,drummer,22,high,Consequence | Drumeo | MusicRadar Reader Poll,multi_source_core,true,
musician-ian-paice,drummer,23,high,Consequence | Drumeo | MusicRadar Reader Poll | Rolling Stone,multi_source_core,true,
musician-bill-bruford,drummer,24,high,Consequence | Drumeo | Rolling Stone,multi_source_core,true,
musician-levon-helm,drummer,25,high,Consequence | Drumeo | Rolling Stone,multi_source_core,true,
musician-jeff-porcaro,drummer,26,high,Consequence | Drumeo | MusicRadar Reader Poll | Rolling Stone,multi_source_core,true,
musician-carmine-appice,drummer,27,high,Consequence | Drumeo | MusicRadar Reader Poll | Rolling Stone,multi_source_core,true,
musician-mike-portnoy,drummer,28,high,Consequence | Drumeo | MusicRadar Reader Poll,multi_source_core,true,
musician-bernard-purdie,drummer,29,high,Consequence | MusicRadar Reader Poll | Rolling Stone,multi_source_core,true,
musician-travis-barker,drummer,30,high,Consequence | Drumeo | MusicRadar Reader Poll | Rolling Stone,multi_source_core,true,
musician-carl-palmer,drummer,31,high,Consequence | Drumeo | MusicRadar Reader Poll,multi_source_core,true,
musician-max-roach,drummer,32,high,Consequence | Drumeo,multi_source_core,true,
musician-bill-ward,drummer,33,high,Consequence | Drumeo | Rolling Stone,multi_source_core,true,
musician-dennis-chambers,drummer,34,high,Consequence | Drumeo | Rolling Stone,multi_source_core,true,
musician-art-blakey,drummer,35,high,Consequence | Drumeo | MusicRadar Reader Poll,multi_source_core,true,
musician-dave-lombardo,drummer,36,high,Consequence | Drumeo | Rolling Stone,multi_source_core,true,
musician-jack-dejohnette,drummer,37,high,Consequence | Drumeo | Rolling Stone,multi_source_core,true,
musician-joey-jordison,drummer,38,high,Consequence | Drumeo | MusicRadar Reader Poll,multi_source_core,true,
musician-joe-morello,drummer,39,high,Consequence | Drumeo,multi_source_core,true,
musician-jim-keltner,drummer,40,high,Consequence | Drumeo | Rolling Stone,multi_source_core,true,
musician-chad-smith,drummer,41,high,Consequence | MusicRadar Reader Poll | Rolling Stone,multi_source_core,true,
musician-cindy-blackman-santana,drummer,42,high,Consequence | Drumeo,multi_source_core,true,
musician-nicko-mcbrain,drummer,43,high,Consequence | Drumeo | MusicRadar Reader Poll,multi_source_core,true,
musician-alex-van-halen,drummer,44,high,Consequence | Drumeo | Rolling Stone,multi_source_core,true,
musician-clyde-stubblefield-and-john-8220-jabo-8221-starks,drummer,45,editorial,Rolling Stone,single_source_editorial,true,
musician-james-gadson,drummer,46,high,Consequence | Rolling Stone,multi_source_core,true,
musician-benny-benjamin,drummer,47,high,Consequence | Rolling Stone,multi_source_core,true,
musician-david-garibaldi,drummer,48,high,Consequence | Drumeo,multi_source_core,true,
musician-tomas-haake,drummer,49,high,Consequence | Drumeo | MusicRadar Reader Poll | Rolling Stone,multi_source_core,true,
musician-sheila-e,drummer,50,high,Consequence | Drumeo | Rolling Stone,multi_source_core,true,
musician-lars-ulrich,drummer,51,high,Consequence | Drumeo | MusicRadar Reader Poll,multi_source_core,true,
musician-al-jackson-jr,drummer,52,high,Consequence | Rolling Stone,multi_source_core,true,
musician-bernard-pretty-purdie,drummer,53,editorial,Drumeo,single_source_editorial,true,
musician-dj-fontana,drummer,54,editorial,Rolling Stone,single_source_editorial,true,
musician-jabo-starks,drummer,55,editorial,Consequence,single_source_editorial,true,
musician-carter-beauford,drummer,56,high,Drumeo | Rolling Stone,multi_source_core,true,
musician-clyde-stubblefield,drummer,57,high,Consequence | Drumeo,multi_source_core,true,
musician-thomas-lang,drummer,58,editorial,MusicRadar Reader Poll,single_source_editorial,true,
musician-steve-jordan,drummer,59,high,Consequence | Drumeo | Rolling Stone,multi_source_core,true,
musician-joseph-8220-zigaboo-8221-modeliste,drummer,60,editorial,Rolling Stone,single_source_editorial,true,
musician-roger-hawkins,drummer,61,high,Consequence | Rolling Stone,multi_source_core,true,
musician-phil-rudd,drummer,62,high,Consequence | Drumeo | Rolling Stone,multi_source_core,true,
musician-tony-allen,drummer,63,high,Consequence | Rolling Stone,multi_source_core,true,
musician-louis-bellson,drummer,64,high,Consequence | Drumeo,multi_source_core,true,
musician-peter-erskine,drummer,65,high,Consequence | Drumeo,multi_source_core,true,
musician-karen-carpenter,drummer,66,editorial,Consequence,single_source_editorial,true,
musician-roy-haynes,drummer,67,high,Consequence | Drumeo,multi_source_core,true,
musician-chris-adler,drummer,68,high,Consequence | Drumeo | MusicRadar Reader Poll,multi_source_core,true,
musician-earl-palmer,drummer,69,editorial,Rolling Stone,single_source_editorial,true,
musician-tre-cool,drummer,70,high,Drumeo | MusicRadar Reader Poll,multi_source_core,true,
musician-kenny-aronoff,drummer,71,high,Consequence | Drumeo | Rolling Stone,multi_source_core,true,
musician-carlton-barrett,drummer,72,editorial,Rolling Stone,single_source_editorial,true,
musician-jojo-mayer,drummer,73,high,Drumeo | MusicRadar Reader Poll,multi_source_core,true,
musician-clifton-james,drummer,74,editorial,Rolling Stone,single_source_editorial,true,
musician-zigaboo-modeliste,drummer,75,editorial,Consequence,single_source_editorial,true,
musician-philly-joe-jones,drummer,76,editorial,Drumeo,single_source_editorial,true,
musician-roger-taylor,drummer,77,editorial,Drumeo,single_source_editorial,true,
musician-charlie-benante,drummer,78,editorial,Consequence,single_source_editorial,true,
musician-matt-cameron,drummer,79,high,Drumeo | MusicRadar Reader Poll | Rolling Stone,multi_source_core,true,
musician-mickey-hart-and-bill-kreutzmann,drummer,80,editorial,Rolling Stone,single_source_editorial,true,
musician-questlove,drummer,81,editorial,Consequence,single_source_editorial,true,
musician-fred-below,drummer,82,editorial,Rolling Stone,single_source_editorial,true,
musician-john-jr-robinson,drummer,83,high,Consequence | Drumeo,multi_source_core,true,
musician-manu-katche,drummer,84,high,Drumeo | Rolling Stone,multi_source_core,true,
musician-dale-crover,drummer,85,high,Consequence | Rolling Stone,multi_source_core,true,
musician-ahmir-uestlove-thompson,drummer,86,editorial,Drumeo,single_source_editorial,true,
musician-ramon-8220-tiki-8221-fullwood,drummer,87,editorial,Rolling Stone,single_source_editorial,true,
musician-jon-theodore,drummer,88,high,Consequence | Rolling Stone,multi_source_core,true,
musician-jimmy-chamberlin,drummer,89,high,Drumeo | Rolling Stone,multi_source_core,true,
musician-bill-kreutzmann,drummer,90,editorial,Consequence,single_source_editorial,true,
musician-vinny-appice,drummer,91,editorial,Consequence,single_source_editorial,true,
musician-papa-jo-jones,drummer,92,editorial,Drumeo,single_source_editorial,true,
musician-jerry-allison,drummer,93,editorial,Rolling Stone,single_source_editorial,true,
musician-tony-royster-jr,drummer,94,high,Consequence | MusicRadar Reader Poll,multi_source_core,true,
musician-janet-weiss,drummer,95,high,Consequence | Rolling Stone,multi_source_core,true,
musician-josh-freese,drummer,96,high,Consequence | Drumeo,multi_source_core,true,
musician-matt-garstka,drummer,97,high,Consequence | Drumeo,multi_source_core,true,
musician-michael-shrieve,drummer,98,high,Drumeo | Rolling Stone,multi_source_core,true,
musician-dave-garibaldi,drummer,99,editorial,Rolling Stone,single_source_editorial,true,
musician-max-weinberg,drummer,100,high,Drumeo | Rolling Stone,multi_source_core,true,
musician-tommy-lee,drummer,101,high,MusicRadar Reader Poll | Rolling Stone,multi_source_core,true,
musician-john-8220-drumbo-8221-french,drummer,102,editorial,Rolling Stone,single_source_editorial,true,
musician-danny-seraphine,drummer,103,editorial,Drumeo,single_source_editorial,true,
musician-clem-burke,drummer,104,high,Consequence | Rolling Stone,multi_source_core,true,
musician-mark-guiliana,drummer,105,high,Consequence | Drumeo,multi_source_core,true,
musician-cozy-powell,drummer,106,editorial,Rolling Stone,single_source_editorial,true,
musician-omar-hakim,drummer,107,editorial,Drumeo,single_source_editorial,true,
musician-brann-dailor,drummer,108,editorial,MusicRadar Reader Poll,single_source_editorial,true,
musician-gavin-harrison,drummer,109,editorial,Drumeo,single_source_editorial,true,
musician-alex-acuna,drummer,110,editorial,Drumeo,single_source_editorial,true,
musician-kenny-clarke,drummer,111,editorial,Consequence,single_source_editorial,true,
musician-ahmir-8220-questlove-8221-thompson,drummer,112,editorial,Rolling Stone,single_source_editorial,true,
musician-larry-mullen-jr,drummer,113,high,Drumeo | Rolling Stone,multi_source_core,true,
musician-tony-thompson,drummer,114,high,Consequence | Rolling Stone,multi_source_core,true,
musician-mario-duplantier,drummer,115,editorial,Consequence,single_source_editorial,true,
musician-richie-hayward,drummer,116,editorial,Rolling Stone,single_source_editorial,true,
musician-jimmy-cobb,drummer,117,editorial,Drumeo,single_source_editorial,true,
musician-gene-hoglan,drummer,118,editorial,Drumeo,single_source_editorial,true,
musician-moe-tucker,drummer,119,high,Consequence | Rolling Stone,multi_source_core,true,
musician-jim-gordon,drummer,120,editorial,Rolling Stone,single_source_editorial,true,
musician-tommy-aldridge,drummer,121,editorial,Drumeo,single_source_editorial,true,
musician-mick-fleetwood,drummer,122,editorial,Rolling Stone,single_source_editorial,true,
musician-terri-lyne-carrington,drummer,123,high,Consequence | Drumeo,multi_source_core,true,
musician-antonio-sanchez,drummer,124,editorial,Drumeo,single_source_editorial,true,
musician-brian-blade,drummer,125,high,Consequence | Drumeo,multi_source_core,true,
musician-dominic-howard,drummer,126,editorial,MusicRadar Reader Poll,single_source_editorial,true,
musician-jerry-carrigan,drummer,127,editorial,Consequence,single_source_editorial,true,
musician-sly-dunbar,drummer,128,editorial,Rolling Stone,single_source_editorial,true,
musician-meg-white,drummer,129,high,Consequence | Rolling Stone,multi_source_core,true,
musician-greg-errico,drummer,130,editorial,Rolling Stone,single_source_editorial,true,
musician-viola-smith,drummer,131,editorial,Consequence,single_source_editorial,true,
musician-abe-cunningham,drummer,132,editorial,Consequence,single_source_editorial,true,
musician-jerome-8220-bigfoot-8221-brailey,drummer,133,editorial,Rolling Stone,single_source_editorial,true,
musician-chris-daddy-dave,drummer,134,high,Drumeo | MusicRadar Reader Poll,multi_source_core,true,
musician-john-blackwell-jr,drummer,135,editorial,Drumeo,single_source_editorial,true,
musician-mel-lewis,drummer,136,editorial,Consequence,single_source_editorial,true,
musician-simon-phillips,drummer,137,editorial,Drumeo,single_source_editorial,true,
musician-tommy-ramone,drummer,138,editorial,Rolling Stone,single_source_editorial,true,
musician-butch-trucks-and-jaimoe,drummer,139,editorial,Rolling Stone,single_source_editorial,true,
musician-joseph-ziggy-modeliste,drummer,140,editorial,Drumeo,single_source_editorial,true,
musician-steve-white,drummer,141,editorial,MusicRadar Reader Poll,single_source_editorial,true,
musician-horacio-el-negro-hernandez,drummer,142,editorial,Drumeo,single_source_editorial,true,
musician-james-8220-diamond-8221-williams,drummer,143,editorial,Rolling Stone,single_source_editorial,true,
musician-pete-thomas,drummer,144,editorial,Rolling Stone,single_source_editorial,true,
musician-russ-kunkel,drummer,145,editorial,Consequence,single_source_editorial,true,
musician-earl-hudson,drummer,146,editorial,Rolling Stone,single_source_editorial,true,
musician-earl-young,drummer,147,editorial,Rolling Stone,single_source_editorial,true,
musician-mike-mangini,drummer,148,editorial,Drumeo,single_source_editorial,true,
musician-micky-waller,drummer,149,editorial,Rolling Stone,single_source_editorial,true,
musician-mick-avory,drummer,150,editorial,Rolling Stone,single_source_editorial,true,
musician-thomas-pridgen,drummer,151,editorial,MusicRadar Reader Poll,single_source_editorial,true,
musician-igor-cavalera,drummer,152,editorial,Consequence,single_source_editorial,true,
musician-todd-sucherman,drummer,153,editorial,Drumeo,single_source_editorial,true,
musician-jr-robinson,drummer,154,editorial,Rolling Stone,single_source_editorial,true,
musician-virgil-donati,drummer,155,editorial,Drumeo,single_source_editorial,true,
musician-the-rev,drummer,156,editorial,MusicRadar Reader Poll,single_source_editorial,true,
musician-glenn-kotche,drummer,157,editorial,Rolling Stone,single_source_editorial,true,
musician-gregg-bissonette,drummer,158,editorial,Drumeo,single_source_editorial,true,
musician-louis-cole,drummer,159,editorial,Consequence,single_source_editorial,true,
musician-colin-cozy-powell,drummer,160,editorial,Drumeo,single_source_editorial,true,
musician-papa-joe-jones,drummer,161,editorial,Consequence,single_source_editorial,true,
musician-ronald-shannon-jackson,drummer,162,editorial,Rolling Stone,single_source_editorial,true,
musician-john-stanier,drummer,163,editorial,Rolling Stone,single_source_editorial,true,
musician-jonathan-sugarfoot-moffett,drummer,164,editorial,Drumeo,single_source_editorial,true,
musician-marco-minnemann,drummer,165,editorial,Drumeo,single_source_editorial,true,
musician-stanton-moore,drummer,166,editorial,MusicRadar Reader Poll,single_source_editorial,true,
musician-benny-greb,drummer,167,editorial,Drumeo,single_source_editorial,true,
musician-george-hurley,drummer,168,editorial,Rolling Stone,single_source_editorial,true,
musician-larnell-lewis,drummer,169,editorial,Drumeo,single_source_editorial,true,
musician-bill-stevenson,drummer,170,editorial,Rolling Stone,single_source_editorial,true,
musician-matt-halpern,drummer,171,editorial,Consequence,single_source_editorial,true,
musician-brian-bennett,drummer,172,editorial,MusicRadar Reader Poll,single_source_editorial,true,
musician-brian-chippendale,drummer,173,editorial,Rolling Stone,single_source_editorial,true,
musician-jon-fishman,drummer,174,editorial,Consequence,single_source_editorial,true,
musician-andols-herrick,drummer,175,editorial,MusicRadar Reader Poll,single_source_editorial,true,
musician-abe-laboriel-jr,drummer,176,editorial,Drumeo,single_source_editorial,true,
musician-ralph-molina,drummer,177,editorial,Rolling Stone,single_source_editorial,true,
musician-stella-mozgawa,drummer,178,editorial,Consequence,single_source_editorial,true,
musician-topper-headon,drummer,179,editorial,Consequence,single_source_editorial,true,
musician-alex-rodriguez,drummer,180,editorial,MusicRadar Reader Poll,single_source_editorial,true,
musician-robert-wyatt,drummer,181,editorial,Consequence,single_source_editorial,true,
musician-chris-dave,drummer,182,editorial,Rolling Stone,single_source_editorial,true,
musician-taylor-hawkins,drummer,183,editorial,Consequence,single_source_editorial,true,
musician-will-calhoun,drummer,184,editorial,Drumeo,single_source_editorial,true,
musician-gina-schock,drummer,185,editorial,Consequence,single_source_editorial,true,
musician-cindy-blackman,drummer,186,editorial,Rolling Stone,single_source_editorial,true,
musician-steven-adler,drummer,187,editorial,Rolling Stone,single_source_editorial,true,
musician-anika-nilles,drummer,188,editorial,Drumeo,single_source_editorial,true,
musician-christian-vander,drummer,189,editorial,Rolling Stone,single_source_editorial,true,
musician-jimmy-the-rev-sullivan,drummer,190,editorial,Drumeo,single_source_editorial,true,
musician-mikkey-dee,drummer,191,editorial,Consequence,single_source_editorial,true,
musician-prince,guitarist,1,high,Guitar World | Rolling Stone | SPIN | uDiscover,multi_source_core,true,
musician-jimi-hendrix,guitarist,2,high,Guitar World | Rolling Stone | uDiscover,multi_source_core,true,
musician-chuck-berry,guitarist,3,high,Guitar World | Rolling Stone | uDiscover,multi_source_core,true,
musician-bb-king,guitarist,4,high,Guitar World | Rolling Stone | uDiscover,multi_source_core,true,
musician-jimmy-page,guitarist,5,high,Guitar World | Rolling Stone | uDiscover,multi_source_core,true,
musician-frank-zappa,guitarist,6,high,Guitar World | Rolling Stone | SPIN | uDiscover,multi_source_core,true,
musician-jeff-beck,guitarist,7,high,Guitar World | Rolling Stone | uDiscover,multi_source_core,true,
musician-thurston-moore,guitarist,8,high,Guitar World | Rolling Stone | SPIN | uDiscover,multi_source_core,true,
musician-kurt-cobain,guitarist,9,high,Guitar World | Rolling Stone | SPIN | uDiscover,multi_source_core,true,
musician-duane-allman,guitarist,10,high,Guitar World | Rolling Stone | uDiscover,multi_source_core,true,
musician-eric-clapton,guitarist,11,high,Guitar World | Rolling Stone | uDiscover,multi_source_core,true,
musician-tony-iommi,guitarist,12,high,Guitar World | Rolling Stone | SPIN | uDiscover,multi_source_core,true,
musician-lee-ranaldo,guitarist,13,high,Guitar World | Rolling Stone | SPIN,multi_source_core,true,
musician-eddie-van-halen,guitarist,14,high,Guitar World | Rolling Stone | uDiscover,multi_source_core,true,
musician-george-harrison,guitarist,15,high,Guitar World | Rolling Stone | uDiscover,multi_source_core,true,
musician-johnny-ramone,guitarist,16,high,Guitar World | Rolling Stone | SPIN,multi_source_core,true,
musician-brian-may,guitarist,17,high,Guitar World | Rolling Stone | uDiscover,multi_source_core,true,
musician-kevin-shields,guitarist,18,high,Guitar World | Rolling Stone | SPIN,multi_source_core,true,
musician-j-mascis,guitarist,19,high,Guitar World | Rolling Stone | SPIN,multi_source_core,true,
musician-wes-montgomery,guitarist,20,high,Guitar World | Rolling Stone | uDiscover,multi_source_core,true,
musician-keith-richards,guitarist,21,high,Guitar World | Rolling Stone | uDiscover,multi_source_core,true,
musician-stevie-ray-vaughan,guitarist,22,high,Guitar World | Rolling Stone | uDiscover,multi_source_core,true,
musician-eddie-hazel,guitarist,23,high,Rolling Stone | SPIN | uDiscover,multi_source_core,true,
musician-jack-white,guitarist,24,high,Guitar World | Rolling Stone | SPIN,multi_source_core,true,
musician-jonny-greenwood,guitarist,25,high,Guitar World | Rolling Stone | SPIN,multi_source_core,true,
musician-tom-morello,guitarist,26,high,Guitar World | Rolling Stone | SPIN,multi_source_core,true,
musician-johnny-marr,guitarist,27,high,Guitar World | Rolling Stone | SPIN,multi_source_core,true,
musician-neil-young,guitarist,28,high,Rolling Stone | SPIN | uDiscover,multi_source_core,true,
musician-carlos-santana,guitarist,29,high,Guitar World | Rolling Stone | uDiscover,multi_source_core,true,
musician-robert-johnson,guitarist,30,high,Guitar World | Rolling Stone | uDiscover,multi_source_core,true,
musician-buddy-guy,guitarist,31,high,Guitar World | Rolling Stone | uDiscover,multi_source_core,true,
musician-pete-townshend,guitarist,32,high,Guitar World | Rolling Stone | uDiscover,multi_source_core,true,
musician-joni-mitchell,guitarist,33,high,Guitar World | Rolling Stone,multi_source_core,true,
musician-slash,guitarist,34,high,Guitar World | Rolling Stone | uDiscover,multi_source_core,true,
musician-sister-rosetta-tharpe,guitarist,35,high,Rolling Stone | uDiscover,multi_source_core,true,
musician-scotty-moore,guitarist,36,high,Guitar World | Rolling Stone | uDiscover,multi_source_core,true,
musician-freddie-king,guitarist,37,high,Guitar World | Rolling Stone,multi_source_core,true,
musician-randy-rhoads,guitarist,38,high,Guitar World | Rolling Stone,multi_source_core,true,
musician-albert-king,guitarist,39,high,Guitar World | Rolling Stone,multi_source_core,true,
musician-james-hetfield,guitarist,40,high,Guitar World | Rolling Stone,multi_source_core,true,
musician-john-fahey,guitarist,41,high,Rolling Stone | SPIN,multi_source_core,true,
musician-steve-howe,guitarist,42,high,Guitar World | Rolling Stone | uDiscover,multi_source_core,true,
musician-john-frusciante,guitarist,43,high,Guitar World | Rolling Stone,multi_source_core,true,
musician-robert-fripp,guitarist,44,high,Rolling Stone | SPIN | uDiscover,multi_source_core,true,
musician-john-mclaughlin,guitarist,45,high,Guitar World | Rolling Stone | SPIN,multi_source_core,true,
musician-richard-thompson,guitarist,46,high,Guitar World | Rolling Stone | uDiscover,multi_source_core,true,
musician-the-edge,guitarist,47,high,Rolling Stone | SPIN | uDiscover,multi_source_core,true,
musician-les-paul,guitarist,48,high,Guitar World | Rolling Stone | uDiscover,multi_source_core,true,
musician-jimmy-nolen,guitarist,49,high,Rolling Stone | SPIN,multi_source_core,true,
musician-tom-verlaine,guitarist,50,high,Rolling Stone | SPIN,multi_source_core,true,
musician-steve-cropper,guitarist,51,high,Rolling Stone | uDiscover,multi_source_core,true,
musician-malcolm-young,guitarist,52,high,Guitar World | Rolling Stone,multi_source_core,true,
musician-david-gilmour,guitarist,53,high,Guitar World | Rolling Stone | uDiscover,multi_source_core,true,
musician-chet-atkins,guitarist,54,high,Rolling Stone | uDiscover,multi_source_core,true,
musician-django-reinhardt,guitarist,55,high,Guitar World | Rolling Stone | uDiscover,multi_source_core,true,
musician-nile-rodgers,guitarist,56,high,Rolling Stone | SPIN,multi_source_core,true,
musician-pj-harvey,guitarist,57,high,Rolling Stone | SPIN,multi_source_core,true,
musician-alex-lifeson,guitarist,58,high,Guitar World | Rolling Stone | uDiscover,multi_source_core,true,
musician-dimebag-darrell,guitarist,59,high,Guitar World | Rolling Stone | SPIN,multi_source_core,true,
musician-charlie-christian,guitarist,60,high,Rolling Stone | uDiscover,multi_source_core,true,
musician-lou-reed,guitarist,61,high,Rolling Stone | SPIN,multi_source_core,true,
musician-kerry-king,guitarist,62,high,Rolling Stone | SPIN,multi_source_core,true,
musician-angus-young,guitarist,63,high,Guitar World | Rolling Stone | uDiscover,multi_source_core,true,
musician-sonny-sharrock,guitarist,64,high,Rolling Stone | SPIN,multi_source_core,true,
musician-bert-jansch,guitarist,65,high,Guitar World | Rolling Stone | SPIN,multi_source_core,true,
musician-rory-gallagher,guitarist,66,high,Guitar World | Rolling Stone | uDiscover,multi_source_core,true,
musician-mark-knopfler,guitarist,67,high,Guitar World | Rolling Stone | uDiscover,multi_source_core,true,
musician-ritchie-blackmore,guitarist,68,high,Guitar World | Rolling Stone | uDiscover,multi_source_core,true,
musician-elizabeth-cotten,guitarist,69,high,Rolling Stone | uDiscover,multi_source_core,true,
musician-richard-lloyd,guitarist,70,editorial,SPIN,single_source_editorial,true,
musician-bob-mould,guitarist,71,high,Rolling Stone | SPIN | uDiscover,multi_source_core,true,
musician-mother-maybelle-carter,guitarist,72,editorial,Rolling Stone,single_source_editorial,true,
musician-link-wray,guitarist,73,high,Rolling Stone | uDiscover,multi_source_core,true,
musician-carrie-brownstein,guitarist,74,high,Rolling Stone | SPIN,multi_source_core,true,
musician-adrian-smith,guitarist,75,high,Guitar World | Rolling Stone,multi_source_core,true,
musician-muddy-waters,guitarist,76,high,Guitar World | Rolling Stone,multi_source_core,true,
musician-larry-carlton,guitarist,77,high,Guitar World | Rolling Stone,multi_source_core,true,
musician-ron-asheton,guitarist,78,high,Rolling Stone | SPIN,multi_source_core,true,
musician-andy-gill,guitarist,79,editorial,SPIN,single_source_editorial,true,
musician-stephen-malkmus,guitarist,80,high,Rolling Stone | SPIN,multi_source_core,true,
musician-jeff-hanneman,guitarist,81,editorial,SPIN,single_source_editorial,true,
musician-jerry-garcia,guitarist,82,editorial,Rolling Stone,single_source_editorial,true,
musician-robert-quine,guitarist,83,high,Rolling Stone | SPIN,multi_source_core,true,
musician-ali-farka-toure,guitarist,84,high,Rolling Stone | SPIN,multi_source_core,true,
musician-james-burton,guitarist,85,high,Rolling Stone | uDiscover,multi_source_core,true,
musician-peter-green,guitarist,86,high,Rolling Stone | uDiscover,multi_source_core,true,
musician-adrian-belew,guitarist,87,high,Rolling Stone | SPIN | uDiscover,multi_source_core,true,
musician-billy-gibbons,guitarist,88,high,Guitar World | Rolling Stone,multi_source_core,true,
musician-bo-diddley,guitarist,89,editorial,Rolling Stone,single_source_editorial,true,
musician-sterling-morrison,guitarist,90,editorial,SPIN,single_source_editorial,true,
musician-dick-dale,guitarist,91,high,Rolling Stone | uDiscover,multi_source_core,true,
musician-ed-o-brien,guitarist,92,editorial,Rolling Stone,single_source_editorial,true,
musician-ry-cooder,guitarist,93,high,Rolling Stone | uDiscover,multi_source_core,true,
musician-joe-satriani,guitarist,94,high,Guitar World | Rolling Stone | uDiscover,multi_source_core,true,
musician-d-boon,guitarist,95,high,Rolling Stone | SPIN,multi_source_core,true,
musician-lindsey-buckingham,guitarist,96,high,Guitar World | Rolling Stone,multi_source_core,true,
musician-curtis-mayfield,guitarist,97,editorial,Rolling Stone,single_source_editorial,true,
musician-nels-cline,guitarist,98,high,Rolling Stone | SPIN,multi_source_core,true,
musician-elmore-james,guitarist,99,editorial,Rolling Stone,single_source_editorial,true,
musician-king-sunny-ade,guitarist,100,high,Rolling Stone | SPIN,multi_source_core,true,
musician-martin-carthy,guitarist,101,editorial,uDiscover,single_source_editorial,true,
musician-john-lee-hooker,guitarist,102,editorial,Rolling Stone,single_source_editorial,true,
musician-trey-anastasio,guitarist,103,editorial,Rolling Stone,single_source_editorial,true,
musician-greg-ginn,guitarist,104,high,Rolling Stone | SPIN,multi_source_core,true,
musician-bonnie-raitt,guitarist,105,editorial,Rolling Stone,single_source_editorial,true,
musician-mick-taylor,guitarist,106,editorial,Rolling Stone,single_source_editorial,true,
musician-joe-walsh,guitarist,107,high,Guitar World | Rolling Stone | uDiscover,multi_source_core,true,
musician-vernon-reid,guitarist,108,high,Rolling Stone | SPIN,multi_source_core,true,
musician-robin-guthrie,guitarist,109,editorial,SPIN,single_source_editorial,true,
musician-steve-albini,guitarist,110,editorial,SPIN,single_source_editorial,true,
musician-steve-vai,guitarist,111,high,Guitar World | Rolling Stone | uDiscover,multi_source_core,true,
musician-kirk-hammett,guitarist,112,high,Rolling Stone | uDiscover,multi_source_core,true,
musician-john-mayer,guitarist,113,editorial,Rolling Stone,single_source_editorial,true,
musician-albert-collins,guitarist,114,high,Rolling Stone | uDiscover,multi_source_core,true,
musician-robert-white,guitarist,115,editorial,uDiscover,single_source_editorial,true,
musician-t-bone-walker,guitarist,116,editorial,Rolling Stone,single_source_editorial,true,
musician-nita-strauss,guitarist,117,high,Guitar World | Rolling Stone,multi_source_core,true,
musician-st-vincent,guitarist,118,high,Rolling Stone | SPIN,multi_source_core,true,
musician-albert-lee,guitarist,119,editorial,uDiscover,single_source_editorial,true,
musician-robbie-robertson,guitarist,120,editorial,Rolling Stone,single_source_editorial,true,
musician-franco-luambo,guitarist,121,editorial,Rolling Stone,single_source_editorial,true,
musician-clarence-white,guitarist,122,high,Rolling Stone | uDiscover,multi_source_core,true,
musician-hubert-sumlin,guitarist,123,editorial,Rolling Stone,single_source_editorial,true,
musician-mick-ronson,guitarist,124,high,Rolling Stone | SPIN,multi_source_core,true,
musician-joe-perry,guitarist,125,high,Guitar World | Rolling Stone,multi_source_core,true,
musician-king-buzzo,guitarist,126,editorial,SPIN,single_source_editorial,true,
musician-rowland-s-howard,guitarist,127,high,Rolling Stone | SPIN,multi_source_core,true,
musician-joan-jett,guitarist,128,editorial,Rolling Stone,single_source_editorial,true,
musician-derek-bailey,guitarist,129,editorial,SPIN,single_source_editorial,true,
musician-willie-nelson,guitarist,130,editorial,Rolling Stone,single_source_editorial,true,
musician-junior-marvin,guitarist,131,editorial,uDiscover,single_source_editorial,true,
musician-ernie-isley,guitarist,132,editorial,Rolling Stone,single_source_editorial,true,
musician-johnny-thunders,guitarist,133,high,Rolling Stone | SPIN,multi_source_core,true,
musician-glen-campbell,guitarist,134,editorial,uDiscover,single_source_editorial,true,
musician-dave-murray,guitarist,135,editorial,Rolling Stone,single_source_editorial,true,
musician-justin-broadrick,guitarist,136,high,Rolling Stone | SPIN,multi_source_core,true,
musician-leo-nocentelli,guitarist,137,high,Rolling Stone | uDiscover,multi_source_core,true,
musician-kim-thayil,guitarist,138,high,Rolling Stone | SPIN,multi_source_core,true,
musician-john-fogerty,guitarist,139,high,Rolling Stone | uDiscover,multi_source_core,true,
musician-george-benson,guitarist,140,editorial,uDiscover,single_source_editorial,true,
musician-glenn-branca,guitarist,141,high,Rolling Stone | SPIN,multi_source_core,true,
musician-pat-metheny,guitarist,142,high,Rolling Stone | uDiscover,multi_source_core,true,
musician-roger-mcguinn,guitarist,143,high,Rolling Stone | uDiscover,multi_source_core,true,
musician-dr-know,guitarist,144,editorial,SPIN,single_source_editorial,true,
musician-poison-ivy,guitarist,145,editorial,Rolling Stone,single_source_editorial,true,
musician-kelley-deal,guitarist,146,high,Rolling Stone | SPIN,multi_source_core,true,
musician-kim-deal,guitarist,147,high,Rolling Stone | SPIN,multi_source_core,true,
musician-marc-ribot,guitarist,148,high,Rolling Stone | SPIN,multi_source_core,true,
musician-mdou-moctar,guitarist,149,editorial,Rolling Stone,single_source_editorial,true,
musician-derek-trucks,guitarist,150,high,Rolling Stone | uDiscover,multi_source_core,true,
musician-cat-coore,guitarist,151,editorial,Rolling Stone,single_source_editorial,true,
musician-wata,guitarist,152,editorial,Rolling Stone,single_source_editorial,true,
musician-yvette-young,guitarist,153,high,Guitar World | Rolling Stone,multi_source_core,true,
musician-james-blood-ulmer,guitarist,154,high,Rolling Stone | SPIN,multi_source_core,true,
musician-billy-corgan,guitarist,155,high,Guitar World | SPIN,multi_source_core,true,
musician-mary-timony,guitarist,156,editorial,Rolling Stone,single_source_editorial,true,
musician-tim-henson,guitarist,157,high,Guitar World | Rolling Stone,multi_source_core,true,
musician-tosin-abasi,guitarist,158,editorial,Rolling Stone,single_source_editorial,true,
musician-nancy-wilson,guitarist,159,editorial,Rolling Stone,single_source_editorial,true,
musician-johnny-winter,guitarist,160,high,Guitar World | Rolling Stone,multi_source_core,true,
musician-warren-haynes,guitarist,161,high,Rolling Stone | uDiscover,multi_source_core,true,
musician-stone-gossard,guitarist,162,high,Rolling Stone | SPIN,multi_source_core,true,
musician-peter-buck,guitarist,163,editorial,Rolling Stone,single_source_editorial,true,
musician-merle-travis,guitarist,164,editorial,Rolling Stone,single_source_editorial,true,
musician-marissa-paternoster,guitarist,165,high,Rolling Stone | SPIN,multi_source_core,true,
musician-kelly-johnson,guitarist,166,editorial,Rolling Stone,single_source_editorial,true,
musician-rhys-chatham,guitarist,167,editorial,SPIN,single_source_editorial,true,
musician-fred-sonic-smith,guitarist,168,high,Rolling Stone | SPIN,multi_source_core,true,
musician-wayne-kramer,guitarist,169,high,Rolling Stone | SPIN,multi_source_core,true,
musician-allen-collins,guitarist,170,editorial,Rolling Stone,single_source_editorial,true,
musician-gary-rossington,guitarist,171,editorial,Rolling Stone,single_source_editorial,true,
musician-viv-albertine,guitarist,172,high,Rolling Stone | SPIN,multi_source_core,true,
musician-ana-da-silva,guitarist,173,editorial,Rolling Stone,single_source_editorial,true,
musician-donita-sparks,guitarist,174,editorial,Rolling Stone,single_source_editorial,true,
musician-greg-sage,guitarist,175,high,Rolling Stone | SPIN,multi_source_core,true,
musician-zoot-horn-rollo,guitarist,176,editorial,SPIN,single_source_editorial,true,
musician-hank-marvin,guitarist,177,high,Guitar World | uDiscover,multi_source_core,true,
musician-mike-mccready,guitarist,178,editorial,Rolling Stone,single_source_editorial,true,
musician-nils-lofgren,guitarist,179,high,Rolling Stone | uDiscover,multi_source_core,true,
musician-jerry-cantrell,guitarist,180,high,Guitar World | Rolling Stone,multi_source_core,true,
musician-robbie-basho,guitarist,181,editorial,SPIN,single_source_editorial,true,
musician-bob-stinson,guitarist,182,editorial,Rolling Stone,single_source_editorial,true,
musician-big-jim-sullivan,guitarist,183,editorial,uDiscover,single_source_editorial,true,
musician-ira-kaplan,guitarist,184,high,Rolling Stone | SPIN,multi_source_core,true,
musician-robert-cray,guitarist,185,editorial,Rolling Stone,single_source_editorial,true,
musician-euronymous,guitarist,186,editorial,SPIN,single_source_editorial,true,
musician-fred-frith,guitarist,187,editorial,SPIN,single_source_editorial,true,
musician-liz-phair,guitarist,188,editorial,Rolling Stone,single_source_editorial,true,
musician-christone-kingfish-ingram,guitarist,189,high,Guitar World | Rolling Stone,multi_source_core,true,
musician-teenie-hodges,guitarist,190,editorial,Rolling Stone,single_source_editorial,true,
musician-susan-tedeschi,guitarist,191,editorial,Rolling Stone,single_source_editorial,true,
musician-stephen-stills,guitarist,192,editorial,Rolling Stone,single_source_editorial,true,
musician-marnie-stern,guitarist,193,high,Rolling Stone | SPIN,multi_source_core,true,
musician-fredrik-thordendal,guitarist,194,editorial,Rolling Stone,single_source_editorial,true,
musician-doug-martsch,guitarist,195,editorial,SPIN,single_source_editorial,true,
musician-joao-gilberto,guitarist,196,editorial,Rolling Stone,single_source_editorial,true,
musician-eric-johnson,guitarist,197,high,Guitar World | Rolling Stone,multi_source_core,true,
musician-odetta,guitarist,198,editorial,Rolling Stone,single_source_editorial,true,
musician-syd-barrett,guitarist,199,editorial,SPIN,single_source_editorial,true,
musician-josh-homme,guitarist,200,high,Guitar World | SPIN,multi_source_core,true,
musician-dickey-betts,guitarist,201,editorial,Rolling Stone,single_source_editorial,true,
musician-keiji-haino,guitarist,202,high,Rolling Stone | SPIN,multi_source_core,true,
musician-mike-bloomfield,guitarist,203,editorial,Rolling Stone,single_source_editorial,true,
musician-curt-kirkwood,guitarist,204,editorial,SPIN,single_source_editorial,true,
musician-memphis-minnie,guitarist,205,editorial,Rolling Stone,single_source_editorial,true,
musician-ike-turner,guitarist,206,editorial,Rolling Stone,single_source_editorial,true,
musician-chuck-schuldiner,guitarist,207,editorial,SPIN,single_source_editorial,true,
musician-steve-hackett,guitarist,208,high,Rolling Stone | uDiscover,multi_source_core,true,
musician-pete-cosey,guitarist,209,editorial,Rolling Stone,single_source_editorial,true,
musician-shuggie-otis,guitarist,210,editorial,SPIN,single_source_editorial,true,
musician-ani-difranco,guitarist,211,editorial,Rolling Stone,single_source_editorial,true,
musician-guy-picciotto,guitarist,212,high,Guitar World | SPIN,multi_source_core,true,
musician-ian-mackaye,guitarist,213,high,Guitar World | SPIN,multi_source_core,true,
musician-otis-rush,guitarist,214,editorial,Rolling Stone,single_source_editorial,true,
musician-bill-frisell,guitarist,215,editorial,Rolling Stone,single_source_editorial,true,
musician-nick-zinner,guitarist,216,high,Rolling Stone | SPIN,multi_source_core,true,
musician-tony-maiden,guitarist,217,editorial,SPIN,single_source_editorial,true,
musician-carl-perkins,guitarist,218,editorial,Rolling Stone,single_source_editorial,true,
musician-kristin-hersh,guitarist,219,high,SPIN | uDiscover,multi_source_core,true,
musician-glenn-tipton,guitarist,220,high,Guitar World | Rolling Stone,multi_source_core,true,
musician-kk-downing,guitarist,221,high,Guitar World | Rolling Stone,multi_source_core,true,
musician-john-lennon,guitarist,222,editorial,Rolling Stone,single_source_editorial,true,
musician-wino,guitarist,223,editorial,SPIN,single_source_editorial,true,
musician-rosinha-de-valenca,guitarist,224,editorial,Rolling Stone,single_source_editorial,true,
musician-wah-wah-watson,guitarist,225,editorial,Rolling Stone,single_source_editorial,true,
musician-dave-davies,guitarist,226,editorial,Rolling Stone,single_source_editorial,true,
musician-mick-harvey,guitarist,227,editorial,SPIN,single_source_editorial,true,
musician-rokia-traore,guitarist,228,editorial,Rolling Stone,single_source_editorial,true,
musician-steve-jones,guitarist,229,high,Guitar World | Rolling Stone,multi_source_core,true,
musician-rick-nielsen,guitarist,230,editorial,uDiscover,single_source_editorial,true,
musician-james-williamson,guitarist,231,editorial,Rolling Stone,single_source_editorial,true,
musician-john-cipollina,guitarist,232,editorial,Rolling Stone,single_source_editorial,true,
musician-jessie-mae-hemphill,guitarist,233,editorial,Rolling Stone,single_source_editorial,true,
musician-ben-weinman,guitarist,234,editorial,SPIN,single_source_editorial,true,
musician-phil-manzanera,guitarist,235,editorial,Rolling Stone,single_source_editorial,true,
musician-chrissie-hynde,guitarist,236,editorial,Rolling Stone,single_source_editorial,true,
musician-eugene-chadbourne,guitarist,237,editorial,SPIN,single_source_editorial,true,
musician-paul-mccartney,guitarist,238,editorial,Rolling Stone,single_source_editorial,true,
musician-marty-stuart,guitarist,239,editorial,Rolling Stone,single_source_editorial,true,
musician-jerry-harrison,guitarist,240,editorial,SPIN,single_source_editorial,true,
musician-sadie-dupuis,guitarist,241,editorial,Rolling Stone,single_source_editorial,true,
musician-gabriela-quintero,guitarist,242,editorial,Rolling Stone,single_source_editorial,true,
musician-rodrigo-sanchez,guitarist,243,editorial,Rolling Stone,single_source_editorial,true,
musician-skip-james,guitarist,244,editorial,Rolling Stone,single_source_editorial,true,
musician-ernest-ranglin,guitarist,245,editorial,Rolling Stone,single_source_editorial,true,
musician-arto-lindsay,guitarist,246,editorial,SPIN,single_source_editorial,true,
musician-mike-campbell,guitarist,247,editorial,Rolling Stone,single_source_editorial,true,
musician-larissa-strickland,guitarist,248,editorial,Rolling Stone,single_source_editorial,true,
musician-earl-chinna-smith,guitarist,249,editorial,Rolling Stone,single_source_editorial,true,
musician-mick-barr,guitarist,250,editorial,SPIN,single_source_editorial,true,
musician-roy-buchanan,guitarist,251,editorial,Rolling Stone,single_source_editorial,true,
musician-eldon-shamblin,guitarist,252,editorial,Rolling Stone,single_source_editorial,true,
musician-lenny-kaye,guitarist,253,editorial,SPIN,single_source_editorial,true,
musician-peggy-jones,guitarist,254,editorial,Rolling Stone,single_source_editorial,true,
musician-steve-lukather,guitarist,255,editorial,Rolling Stone,single_source_editorial,true,
musician-bernard-sumner,guitarist,256,editorial,SPIN,single_source_editorial,true,
musician-lightnin-hopkins,guitarist,257,editorial,Rolling Stone,single_source_editorial,true,
musician-chalmers-edward-spanky-alford,guitarist,258,editorial,Rolling Stone,single_source_editorial,true,
musician-lita-ford,guitarist,259,editorial,Rolling Stone,single_source_editorial,true,
musician-david-lindley,guitarist,260,editorial,Rolling Stone,single_source_editorial,true,
musician-brian-robertson,guitarist,261,editorial,Rolling Stone,single_source_editorial,true,
musician-scott-gorham,guitarist,262,editorial,Rolling Stone,single_source_editorial,true,
musician-james-taylor,guitarist,263,editorial,Rolling Stone,single_source_editorial,true,
musician-nuno-bettencourt,guitarist,264,editorial,Rolling Stone,single_source_editorial,true,
musician-duane-denison,guitarist,265,editorial,SPIN,single_source_editorial,true,
musician-jerry-reed,guitarist,266,editorial,Rolling Stone,single_source_editorial,true,
musician-bombino,guitarist,267,editorial,Rolling Stone,single_source_editorial,true,
musician-dave-navarro,guitarist,268,editorial,SPIN,single_source_editorial,true,
musician-garry-diaper-man-shider,guitarist,269,editorial,Rolling Stone,single_source_editorial,true,
musician-vince-gill,guitarist,270,editorial,Rolling Stone,single_source_editorial,true,
musician-grant-green,guitarist,271,editorial,Rolling Stone,single_source_editorial,true,
musician-lynn-taitt,guitarist,272,editorial,Rolling Stone,single_source_editorial,true,
musician-hugh-mccracken,guitarist,273,editorial,Rolling Stone,single_source_editorial,true,
musician-amadou-bagayoko,guitarist,274,editorial,Rolling Stone,single_source_editorial,true,
musician-gary-clark-jr,guitarist,275,editorial,Rolling Stone,single_source_editorial,true,
musician-lydia-lunch,guitarist,276,editorial,SPIN,single_source_editorial,true,
musician-kaki-king,guitarist,277,editorial,Rolling Stone,single_source_editorial,true,
musician-jose-feliciano,guitarist,278,editorial,Rolling Stone,single_source_editorial,true,
musician-lucy-dacus,guitarist,279,editorial,Rolling Stone,single_source_editorial,true,
musician-kurt-vile,guitarist,280,editorial,Rolling Stone,single_source_editorial,true,
musician-thomas-mcclary,guitarist,281,editorial,Rolling Stone,single_source_editorial,true,
musician-lzzy-hale,guitarist,282,editorial,Rolling Stone,single_source_editorial,true,
musician-dylan-carlson,guitarist,283,editorial,SPIN,single_source_editorial,true,
musician-courtney-barnett,guitarist,284,editorial,Rolling Stone,single_source_editorial,true,
musician-molly-tuttle,guitarist,285,editorial,Rolling Stone,single_source_editorial,true,
musician-joseph-spence,guitarist,286,editorial,Rolling Stone,single_source_editorial,true,
musician-marv-tarplin,guitarist,287,editorial,Rolling Stone,single_source_editorial,true,
musician-trey-azagthoth,guitarist,288,editorial,SPIN,single_source_editorial,true,
musician-el-kempner,guitarist,289,editorial,Rolling Stone,single_source_editorial,true,
musician-barbara-lynn,guitarist,290,editorial,Rolling Stone,single_source_editorial,true,
musician-james-blackshaw,guitarist,291,editorial,SPIN,single_source_editorial,true,
musician-gustavo-cerati,guitarist,292,editorial,Rolling Stone,single_source_editorial,true,
musician-etta-baker,guitarist,293,editorial,Rolling Stone,single_source_editorial,true,
musician-david-williams,guitarist,294,editorial,Rolling Stone,single_source_editorial,true,
musician-her,guitarist,295,editorial,Rolling Stone,single_source_editorial,true,
musician-john-mcgeoch,guitarist,296,editorial,Rolling Stone,single_source_editorial,true,
musician-ibrahim-ag-alhabib,guitarist,297,editorial,SPIN,single_source_editorial,true,
musician-laura-marling,guitarist,298,editorial,Rolling Stone,single_source_editorial,true,
musician-don-felder,guitarist,299,editorial,uDiscover,single_source_editorial,true,
musician-jennifer-batten,guitarist,300,editorial,Rolling Stone,single_source_editorial,true,
musician-bill-steer,guitarist,301,editorial,SPIN,single_source_editorial,true,
musician-doug-gillard,guitarist,302,editorial,Rolling Stone,single_source_editorial,true,
musician-duane-eddy,guitarist,303,editorial,Rolling Stone,single_source_editorial,true,
musician-david-pajo,guitarist,304,editorial,SPIN,single_source_editorial,true,
musician-erin-smith,guitarist,305,editorial,Rolling Stone,single_source_editorial,true,
musician-keith-urban,guitarist,306,editorial,Rolling Stone,single_source_editorial,true,
musician-lindsey-jordan,guitarist,307,editorial,Rolling Stone,single_source_editorial,true,
musician-aaron-dessner,guitarist,308,editorial,Rolling Stone,single_source_editorial,true,
musician-bryce-dessner,guitarist,309,editorial,Rolling Stone,single_source_editorial,true,
musician-edilio-paredes,guitarist,310,editorial,Rolling Stone,single_source_editorial,true,
musician-mark-morgan,guitarist,311,editorial,SPIN,single_source_editorial,true,
musician-leslie-west,guitarist,312,editorial,Rolling Stone,single_source_editorial,true,
musician-paul-simon,guitarist,313,editorial,Rolling Stone,single_source_editorial,true,
musician-ricky-wilson,guitarist,314,editorial,Rolling Stone,single_source_editorial,true,
musician-paul-saulnier,guitarist,315,editorial,SPIN,single_source_editorial,true,
musician-robby-krieger,guitarist,316,editorial,Rolling Stone,single_source_editorial,true,
musician-brittany-howard,guitarist,317,editorial,Rolling Stone,single_source_editorial,true,
musician-albert-hammond-jr,guitarist,318,editorial,Guitar World,single_source_editorial,true,
musician-allan-holdsworth,guitarist,319,editorial,Guitar World,single_source_editorial,true,
musician-andy-summers,guitarist,320,editorial,Rolling Stone,single_source_editorial,true,
musician-billie-joe-armstrong,guitarist,321,editorial,Guitar World,single_source_editorial,true,
musician-buckethead,guitarist,322,editorial,Guitar World,single_source_editorial,true,
musician-buddy-holly,guitarist,323,editorial,Guitar World,single_source_editorial,true,
musician-dave-mustaine,guitarist,324,editorial,Guitar World,single_source_editorial,true,
musician-erja-lyytinen,guitarist,325,editorial,Guitar World,single_source_editorial,true,
musician-gabor-szabo,guitarist,326,editorial,uDiscover,single_source_editorial,true,
musician-gary-moore,guitarist,327,editorial,Guitar World,single_source_editorial,true,
musician-graham-coxon,guitarist,328,editorial,Guitar World,single_source_editorial,true,
musician-guthrie-govan,guitarist,329,editorial,Guitar World,single_source_editorial,true,
musician-ichika-nito,guitarist,330,editorial,Guitar World,single_source_editorial,true,
musician-jason-becker,guitarist,331,editorial,Guitar World,single_source_editorial,true,
musician-jason-richardson,guitarist,332,editorial,Guitar World,single_source_editorial,true,
musician-joe-bonamassa,guitarist,333,editorial,Guitar World,single_source_editorial,true,
musician-john-petrucci,guitarist,334,editorial,Guitar World,single_source_editorial,true,
musician-mark-tremonti,guitarist,335,editorial,Guitar World,single_source_editorial,true,
musician-mateus-asato,guitarist,336,editorial,Guitar World,single_source_editorial,true,
musician-matt-bellamy,guitarist,337,editorial,Guitar World,single_source_editorial,true,
musician-michael-angelo-batio,guitarist,338,editorial,Guitar World,single_source_editorial,true,
musician-mick-jones,guitarist,339,editorial,Guitar World,single_source_editorial,true,
musician-nick-drake,guitarist,340,editorial,Guitar World,single_source_editorial,true,
musician-nick-johnston,guitarist,341,editorial,Guitar World,single_source_editorial,true,
musician-nick-valensi,guitarist,342,editorial,Guitar World,single_source_editorial,true,
musician-paul-gilbert,guitarist,343,editorial,Guitar World,single_source_editorial,true,
musician-peter-frampton,guitarist,344,editorial,Guitar World,single_source_editorial,true,
musician-plini,guitarist,345,editorial,Guitar World,single_source_editorial,true,
musician-scott-lepage,guitarist,346,editorial,Guitar World,single_source_editorial,true,
musician-skrillex,guitarist,347,editorial,SPIN,single_source_editorial,true,
musician-synyster-gates,guitarist,348,editorial,Guitar World,single_source_editorial,true,
musician-yngwie-malmsteen,guitarist,349,editorial,Guitar World,single_source_editorial,true,
musician-zakk-wylde,guitarist,350,editorial,Guitar World,single_source_editorial,true,
musician-nas,mc,1,high,"Billboard/VIBE, Hip Hop Golden Age, Beats, Rhymes & Lists, Ranker",multi_source_core,true,
musician-rakim,mc,2,high,"Billboard/VIBE, Hip Hop Golden Age, Beats, Rhymes & Lists, Ranker",multi_source_core,true,
musician-tupac-shakur,mc,3,high,"Billboard/VIBE, Hip Hop Golden Age, Beats, Rhymes & Lists, Ranker",multi_source_core,true,
musician-jay-z,mc,4,high,"Billboard/VIBE, Hip Hop Golden Age, Beats, Rhymes & Lists, Ranker",multi_source_core,true,
musician-notorious-big,mc,5,high,"Billboard/VIBE, Hip Hop Golden Age, Beats, Rhymes & Lists, Ranker",multi_source_core,true,
musician-eminem,mc,6,high,"Billboard/VIBE, Hip Hop Golden Age, Beats, Rhymes & Lists, Ranker",multi_source_core,true,
musician-andre-3000,mc,7,high,"Billboard/VIBE, Hip Hop Golden Age, Beats, Rhymes & Lists, Ranker",multi_source_core,true,
musician-ice-cube,mc,8,high,"Billboard/VIBE, Hip Hop Golden Age, Beats, Rhymes & Lists, Ranker",multi_source_core,true,
musician-ll-cool-j,mc,9,high,"Billboard/VIBE, Hip Hop Golden Age, Beats, Rhymes & Lists, Ranker",multi_source_core,true,
musician-krs-one,mc,10,high,"Billboard/VIBE, Hip Hop Golden Age, Beats, Rhymes & Lists, Ranker",multi_source_core,true,
musician-scarface,mc,11,high,"Billboard/VIBE, Hip Hop Golden Age, Beats, Rhymes & Lists, Ranker",multi_source_core,true,
musician-big-daddy-kane,mc,12,high,"Billboard/VIBE, Hip Hop Golden Age, Beats, Rhymes & Lists, Ranker",multi_source_core,true,
musician-kendrick-lamar,mc,13,high,"Billboard/VIBE, Hip Hop Golden Age, Beats, Rhymes & Lists, Ranker",multi_source_core,true,
musician-black-thought,mc,14,high,"Billboard/VIBE, Hip Hop Golden Age, Beats, Rhymes & Lists, Ranker",multi_source_core,true,
musician-ghostface-killah,mc,15,high,"Billboard/VIBE, Hip Hop Golden Age, Beats, Rhymes & Lists, Ranker",multi_source_core,true,
musician-snoop-dogg,mc,16,high,"Billboard/VIBE, Hip Hop Golden Age, Beats, Rhymes & Lists, Ranker",multi_source_core,true,
musician-chuck-d,mc,17,high,"Billboard/VIBE, Hip Hop Golden Age, Beats, Rhymes & Lists, Ranker",multi_source_core,true,
musician-lil-wayne,mc,18,high,"Billboard/VIBE, Beats, Rhymes & Lists, Ranker",multi_source_core,true,
musician-drake,mc,19,high,"Billboard/VIBE, Beats, Rhymes & Lists, Ranker",multi_source_core,true,
musician-redman,mc,20,high,"Billboard/VIBE, Hip Hop Golden Age, Beats, Rhymes & Lists, Ranker",multi_source_core,true,
musician-mf-doom,mc,21,high,"Hip Hop Golden Age, Beats, Rhymes & Lists, Ranker",multi_source_core,true,
musician-q-tip,mc,22,high,"Billboard/VIBE, Hip Hop Golden Age, Beats, Rhymes & Lists, Ranker",multi_source_core,true,
musician-common,mc,23,high,"Billboard/VIBE, Hip Hop Golden Age, Beats, Rhymes & Lists, Ranker",multi_source_core,true,
musician-kanye-west,mc,24,high,"Billboard/VIBE, Beats, Rhymes & Lists, Ranker",multi_source_core,true,
musician-busta-rhymes,mc,25,high,"Billboard/VIBE, Hip Hop Golden Age, Beats, Rhymes & Lists, Ranker",multi_source_core,true,
musician-j-cole,mc,26,high,"Billboard/VIBE, Beats, Rhymes & Lists, Ranker",multi_source_core,true,
musician-50-cent,mc,27,high,"Billboard/VIBE, Beats, Rhymes & Lists, Ranker",multi_source_core,true,
musician-dmx,mc,28,high,"Billboard/VIBE, Beats, Rhymes & Lists, Ranker",multi_source_core,true,
musician-method-man,mc,29,high,"Billboard/VIBE, Beats, Rhymes & Lists, Ranker",multi_source_core,true,
musician-big-pun,mc,30,high,"Billboard/VIBE, Hip Hop Golden Age, Beats, Rhymes & Lists, Ranker",multi_source_core,true,
musician-kool-g-rap,mc,31,high,"Hip Hop Golden Age, Beats, Rhymes & Lists, Ranker",multi_source_core,true,
musician-ice-t,mc,32,high,"Billboard/VIBE, Hip Hop Golden Age, Beats, Rhymes & Lists, Ranker",multi_source_core,true,
musician-pusha-t,mc,33,high,"Billboard/VIBE, Beats, Rhymes & Lists, Ranker",multi_source_core,true,
musician-yasiin-bey,mc,34,high,"Billboard/VIBE, Hip Hop Golden Age, Beats, Rhymes & Lists, Ranker",multi_source_core,true,
musician-missy-elliott,mc,35,high,"Billboard/VIBE, Beats, Rhymes & Lists, Ranker",multi_source_core,true,
musician-raekwon,mc,36,high,"Beats, Rhymes & Lists, Ranker",multi_source_core,true,
musician-gza,mc,37,high,"Hip Hop Golden Age, Beats, Rhymes & Lists, Ranker",multi_source_core,true,
musician-guru,mc,38,high,"Hip Hop Golden Age, Beats, Rhymes & Lists, Ranker",multi_source_core,true,
musician-lupe-fiasco,mc,39,high,"Hip Hop Golden Age, Beats, Rhymes & Lists, Ranker",multi_source_core,true,
musician-big-l,mc,40,high,"Hip Hop Golden Age, Beats, Rhymes & Lists, Ranker",multi_source_core,true,
musician-lauryn-hill,mc,41,high,"Billboard/VIBE, Beats, Rhymes & Lists, Ranker",multi_source_core,true,
musician-pharoahe-monch,mc,42,high,"Hip Hop Golden Age, Beats, Rhymes & Lists, Ranker",multi_source_core,true,
musician-ti,mc,43,high,"Billboard/VIBE, Beats, Rhymes & Lists, Ranker",multi_source_core,true,
musician-ludacris,mc,44,high,"Billboard/VIBE, Beats, Rhymes & Lists, Ranker",multi_source_core,true,
musician-masta-ace,mc,45,high,"Hip Hop Golden Age, Beats, Rhymes & Lists, Ranker",multi_source_core,true,
musician-nicki-minaj,mc,46,high,"Billboard/VIBE, Beats, Rhymes & Lists, Ranker",multi_source_core,true,
musician-inspectah-deck,mc,47,high,"Hip Hop Golden Age, Beats, Rhymes & Lists, Ranker",multi_source_core,true,
musician-treach,mc,48,high,"Hip Hop Golden Age, Beats, Rhymes & Lists, Ranker",multi_source_core,true,
musician-future,mc,49,high,"Billboard/VIBE, Beats, Rhymes & Lists, Ranker",multi_source_core,true,
musician-big-boi,mc,50,high,"Beats, Rhymes & Lists, Ranker",multi_source_core,true,
musician-kool-keith,mc,51,high,"Hip Hop Golden Age, Beats, Rhymes & Lists, Ranker",multi_source_core,true,
musician-jadakiss,mc,52,high,"Billboard/VIBE, Beats, Rhymes & Lists, Ranker",multi_source_core,true,
musician-mc-lyte,mc,53,high,"Billboard/VIBE, Hip Hop Golden Age, Beats, Rhymes & Lists, Ranker",multi_source_core,true,
musician-eazy-e,mc,54,editorial,Ranker,single_source_editorial,true,
musician-a-ap-rocky,mc,55,editorial,Ranker,single_source_editorial,true,
musician-aesop-rock,mc,56,high,"Hip Hop Golden Age, Beats, Rhymes & Lists, Ranker",multi_source_core,true,
musician-travis-scott,mc,57,editorial,Ranker,single_source_editorial,true,
musician-e-40,mc,58,high,"Billboard/VIBE, Beats, Rhymes & Lists, Ranker",multi_source_core,true,
musician-prodigy,mc,59,high,"Beats, Rhymes & Lists, Ranker",multi_source_core,true,
musician-bun-b,mc,60,high,"Billboard/VIBE, Beats, Rhymes & Lists, Ranker",multi_source_core,true,
musician-royce-da-5-9,mc,61,high,"Beats, Rhymes & Lists, Ranker",multi_source_core,true,
musician-xxxtentacion,mc,62,editorial,Ranker,single_source_editorial,true,
musician-ol-dirty-bastard,mc,63,editorial,Ranker,single_source_editorial,true,
musician-donald-glover,mc,64,editorial,Ranker,single_source_editorial,true,
musician-tyler-the-creator,mc,65,editorial,Ranker,single_source_editorial,true,
musician-gucci-mane,mc,66,high,"Billboard/VIBE, Beats, Rhymes & Lists, Ranker",multi_source_core,true,
musician-nate-dogg,mc,67,editorial,Ranker,single_source_editorial,true,
musician-kid-cudi,mc,68,editorial,Ranker,single_source_editorial,true,
musician-kurupt,mc,69,high,"Beats, Rhymes & Lists, Ranker",multi_source_core,true,
musician-run-dmc,mc,70,editorial,Ranker,single_source_editorial,true,
musician-slick-rick,mc,71,high,"Beats, Rhymes & Lists, Ranker",multi_source_core,true,
musician-dr-dre,mc,72,high,"Billboard/VIBE, Ranker",multi_source_core,true,
musician-logic,mc,73,editorial,Ranker,single_source_editorial,true,
musician-tech-n9ne,mc,74,high,"Beats, Rhymes & Lists, Ranker",multi_source_core,true,
musician-chance-the-rapper,mc,75,editorial,Ranker,single_source_editorial,true,
musician-wiz-khalifa,mc,76,editorial,Ranker,single_source_editorial,true,
musician-joey-bada,mc,77,editorial,Ranker,single_source_editorial,true,
musician-juice-wrld,mc,78,editorial,Ranker,single_source_editorial,true,
musician-denzel-curry,mc,79,editorial,Ranker,single_source_editorial,true,
musician-lil-kim,mc,80,high,"Billboard/VIBE, Beats, Rhymes & Lists, Ranker",multi_source_core,true,
musician-mac-miller,mc,81,editorial,Ranker,single_source_editorial,true,
musician-21-savage,mc,82,editorial,Ranker,single_source_editorial,true,
musician-meek-mill,mc,83,editorial,Ranker,single_source_editorial,true,
musician-xzibit,mc,84,editorial,Ranker,single_source_editorial,true,
musician-big-sean,mc,85,editorial,Ranker,single_source_editorial,true,
musician-schoolboy-q,mc,86,editorial,Ranker,single_source_editorial,true,
musician-rza,mc,87,high,"Beats, Rhymes & Lists, Ranker",multi_source_core,true,
musician-2-chainz,mc,88,editorial,Ranker,single_source_editorial,true,
musician-nelly,mc,89,editorial,Ranker,single_source_editorial,true,
musician-joyner-lucas,mc,90,editorial,Ranker,single_source_editorial,true,
musician-lil-uzi-vert,mc,91,editorial,Ranker,single_source_editorial,true,
musician-rick-ross,mc,92,high,"Billboard/VIBE, Beats, Rhymes & Lists, Ranker",multi_source_core,true,
musician-warren-g,mc,93,editorial,Ranker,single_source_editorial,true,
musician-killer-mike,mc,94,high,"Beats, Rhymes & Lists, Ranker",multi_source_core,true,
musician-darryl-mcdaniels,mc,95,editorial,Ranker,single_source_editorial,true,
musician-jid,mc,96,editorial,Ranker,single_source_editorial,true,
musician-grandmaster-flash-and-the-furious-five,mc,97,editorial,Ranker,single_source_editorial,true,
musician-freddie-gibbs,mc,98,high,"Beats, Rhymes & Lists, Ranker",multi_source_core,true,
musician-the-game,mc,99,high,"Beats, Rhymes & Lists, Ranker",multi_source_core,true,
musician-talib-kweli,mc,100,high,"Beats, Rhymes & Lists, Ranker",multi_source_core,true,
musician-styles-p,mc,101,high,"Beats, Rhymes & Lists, Ranker",multi_source_core,true,
musician-roc-marciano,mc,102,high,"Hip Hop Golden Age, Beats, Rhymes & Lists",multi_source_core,true,
musician-quavo,mc,103,editorial,Ranker,single_source_editorial,true,
musician-fabolous,mc,104,high,"Beats, Rhymes & Lists, Ranker",multi_source_core,true,
musician-proof,mc,105,editorial,Ranker,single_source_editorial,true,
musician-coolio,mc,106,editorial,Ranker,single_source_editorial,true,
musician-young-thug,mc,107,editorial,Ranker,single_source_editorial,true,
musician-t-pain,mc,108,editorial,Ranker,single_source_editorial,true,
musician-ski-mask-the-slump-god,mc,109,editorial,Ranker,single_source_editorial,true,
musician-lil-baby,mc,110,editorial,Ranker,single_source_editorial,true,
musician-az,mc,111,high,"Beats, Rhymes & Lists, Ranker",multi_source_core,true,
musician-too-hort,mc,112,high,"Beats, Rhymes & Lists, Ranker",multi_source_core,true,
musician-ferg,mc,113,editorial,Ranker,single_source_editorial,true,
musician-ra-the-rugged-man,mc,114,editorial,Hip Hop Golden Age,single_source_editorial,true,
musician-polo-g,mc,115,editorial,Ranker,single_source_editorial,true,
musician-dj-quik,mc,116,high,"Beats, Rhymes & Lists, Ranker",multi_source_core,true,
musician-twista,mc,117,high,"Beats, Rhymes & Lists, Ranker",multi_source_core,true,
musician-jeezy,mc,118,high,"Beats, Rhymes & Lists, Ranker",multi_source_core,true,
musician-hopsin,mc,119,editorial,Ranker,single_source_editorial,true,
musician-kurtis-blow,mc,120,high,"Billboard/VIBE, Ranker",multi_source_core,true,
musician-offset,mc,121,editorial,Ranker,single_source_editorial,true,
musician-lil-dicky,mc,122,editorial,Ranker,single_source_editorial,true,
musician-will-smith,mc,123,editorial,Ranker,single_source_editorial,true,
musician-chief-keef,mc,124,high,"Beats, Rhymes & Lists, Ranker",multi_source_core,true,
musician-krayzie-bone,mc,125,high,"Beats, Rhymes & Lists, Ranker",multi_source_core,true,
musician-mc-ren,mc,126,editorial,Ranker,single_source_editorial,true,
musician-nf,mc,127,editorial,Ranker,single_source_editorial,true,
musician-queen-latifah,mc,128,high,"Billboard/VIBE, Ranker",multi_source_core,true,
musician-g-eazy,mc,129,editorial,Ranker,single_source_editorial,true,
musician-melle-mel,mc,130,high,"Billboard/VIBE, Hip Hop Golden Age, Ranker",multi_source_core,true,
musician-post-malone,mc,131,editorial,Ranker,single_source_editorial,true,
musician-juicy-j,mc,132,high,"Beats, Rhymes & Lists, Ranker",multi_source_core,true,
musician-phife-dawg,mc,133,high,"Beats, Rhymes & Lists, Ranker",multi_source_core,true,
musician-fat-joe,mc,134,editorial,Ranker,single_source_editorial,true,
musician-gift-of-gab,mc,135,high,"Hip Hop Golden Age, Beats, Rhymes & Lists",multi_source_core,true,
musician-king-von,mc,136,editorial,Ranker,single_source_editorial,true,
musician-el-p,mc,137,high,"Beats, Rhymes & Lists, Ranker",multi_source_core,true,
musician-pharrell-williams,mc,138,editorial,Ranker,single_source_editorial,true,
musician-yg,mc,139,editorial,Ranker,single_source_editorial,true,
musician-kodak-black,mc,140,editorial,Ranker,single_source_editorial,true,
musician-roddy-ricch,mc,141,editorial,Ranker,single_source_editorial,true,
musician-cam-ron,mc,142,high,"Beats, Rhymes & Lists, Ranker",multi_source_core,true,
musician-playboi-carti,mc,143,editorial,Ranker,single_source_editorial,true,
musician-dababy,mc,144,editorial,Ranker,single_source_editorial,true,
musician-canibus,mc,145,high,"Hip Hop Golden Age, Beats, Rhymes & Lists",multi_source_core,true,
musician-vince-staples,mc,146,editorial,Ranker,single_source_editorial,true,
musician-afroman,mc,147,editorial,Ranker,single_source_editorial,true,
musician-mc-hammer,mc,148,editorial,Ranker,single_source_editorial,true,
musician-the-doc,mc,149,editorial,Ranker,single_source_editorial,true,
musician-posdnuos,mc,150,high,"Hip Hop Golden Age, Beats, Rhymes & Lists",multi_source_core,true,
musician-earl-sweatshirt,mc,151,editorial,Ranker,single_source_editorial,true,
musician-ab-soul,mc,152,high,"Beats, Rhymes & Lists, Ranker",multi_source_core,true,
musician-benny-the-butcher,mc,153,editorial,Ranker,single_source_editorial,true,
musician-a-boogie-wit-da-hoodie,mc,154,editorial,Ranker,single_source_editorial,true,
musician-anderson-paak,mc,155,editorial,Ranker,single_source_editorial,true,
musician-obie-trice,mc,156,editorial,Ranker,single_source_editorial,true,
musician-nle-choppa,mc,157,editorial,Ranker,single_source_editorial,true,
musician-bob,mc,158,editorial,Ranker,single_source_editorial,true,
musician-mc-eiht,mc,159,editorial,"Beats, Rhymes & Lists",single_source_editorial,true,
musician-wyclef-jean,mc,160,editorial,Ranker,single_source_editorial,true,
musician-immortal-technique,mc,161,editorial,Ranker,single_source_editorial,true,
musician-gunna,mc,162,editorial,Ranker,single_source_editorial,true,
musician-phonte,mc,163,editorial,"Beats, Rhymes & Lists",single_source_editorial,true,
musician-del-the-funky-homosapien,mc,164,high,"Beats, Rhymes & Lists, Ranker",multi_source_core,true,
musician-biz-markie,mc,165,editorial,Ranker,single_source_editorial,true,
musician-rapsody,mc,166,high,"Beats, Rhymes & Lists, Ranker",multi_source_core,true,
musician-lil-tjay,mc,167,editorial,Ranker,single_source_editorial,true,
musician-ynw-melly,mc,168,editorial,Ranker,single_source_editorial,true,
musician-waka-flocka-flame,mc,169,editorial,Ranker,single_source_editorial,true,
musician-fetty-wap,mc,170,editorial,Ranker,single_source_editorial,true,
musician-billy-woods,mc,171,editorial,Hip Hop Golden Age,single_source_editorial,true,
musician-youngboy-never-broke-again,mc,172,editorial,Ranker,single_source_editorial,true,
musician-master-p,mc,173,editorial,Ranker,single_source_editorial,true,
musician-lil-jon,mc,174,editorial,Ranker,single_source_editorial,true,
musician-jay-rock,mc,175,editorial,Ranker,single_source_editorial,true,
musician-macklemore,mc,176,editorial,Ranker,single_source_editorial,true,
musician-mase,mc,177,high,"Beats, Rhymes & Lists, Ranker",multi_source_core,true,
musician-swae-lee,mc,178,editorial,Ranker,single_source_editorial,true,
musician-b-real,mc,179,editorial,Ranker,single_source_editorial,true,
musician-lloyd-banks,mc,180,editorial,Ranker,single_source_editorial,true,
musician-lil-yachty,mc,181,editorial,Ranker,single_source_editorial,true,
musician-william,mc,182,editorial,Ranker,single_source_editorial,true,
musician-ty-dolla-ign,mc,183,editorial,Ranker,single_source_editorial,true,
musician-sir-mix-a-lot,mc,184,editorial,Ranker,single_source_editorial,true,
musician-heavy-d,mc,185,editorial,Ranker,single_source_editorial,true,
musician-kool-moe-dee,mc,186,high,"Hip Hop Golden Age, Ranker",multi_source_core,true,
musician-bizzy-bone,mc,187,editorial,Ranker,single_source_editorial,true,
musician-blu,mc,188,high,"Beats, Rhymes & Lists, Ranker",multi_source_core,true,
musician-lil-durk,mc,189,editorial,Ranker,single_source_editorial,true,
musician-ka,mc,190,editorial,Hip Hop Golden Age,single_source_editorial,true,
musician-eve,mc,191,editorial,Ranker,single_source_editorial,true,
musician-sean-price,mc,192,editorial,"Beats, Rhymes & Lists",single_source_editorial,true,
musician-trippie-redd,mc,193,editorial,Ranker,single_source_editorial,true,
musician-kevin-gates,mc,194,editorial,Ranker,single_source_editorial,true,
musician-wale,mc,195,editorial,Ranker,single_source_editorial,true,
musician-ja-rule,mc,196,editorial,Ranker,single_source_editorial,true,
musician-cordae,mc,197,editorial,Ranker,single_source_editorial,true,
musician-project-pat,mc,198,high,"Beats, Rhymes & Lists, Ranker",multi_source_core,true,
musician-layzie-bone,mc,199,editorial,Ranker,single_source_editorial,true,
musician-doja-cat,mc,200,editorial,Ranker,single_source_editorial,true,
musician-beanie-sigel,mc,201,editorial,"Beats, Rhymes & Lists",single_source_editorial,true,
musician-machine-gun-kelly,mc,202,editorial,Ranker,single_source_editorial,true,
musician-yelawolf,mc,203,editorial,Ranker,single_source_editorial,true,
musician-cardi-b,mc,204,editorial,Ranker,single_source_editorial,true,
musician-big-krit,mc,205,editorial,Ranker,single_source_editorial,true,
musician-elzhi,mc,206,editorial,"Beats, Rhymes & Lists",single_source_editorial,true,
musician-takeoff,mc,207,editorial,Ranker,single_source_editorial,true,
musician-chamillionaire,mc,208,editorial,Ranker,single_source_editorial,true,
musician-juvenile,mc,209,editorial,Ranker,single_source_editorial,true,
musician-ras-kass,mc,210,high,"Beats, Rhymes & Lists, Ranker",multi_source_core,true,
musician-megan-thee-stallion,mc,211,editorial,Ranker,single_source_editorial,true,
musician-lisa-lopes,mc,212,editorial,Ranker,single_source_editorial,true,
musician-erick-sermon,mc,213,editorial,Ranker,single_source_editorial,true,
musician-j-live,mc,214,editorial,Hip Hop Golden Age,single_source_editorial,true,
musician-skepta,mc,215,editorial,Ranker,single_source_editorial,true,
musician-joseph-simmons,mc,216,editorial,Ranker,single_source_editorial,true,
musician-doug-e-fresh,mc,217,editorial,Ranker,single_source_editorial,true,
musician-trick-daddy,mc,218,editorial,Ranker,single_source_editorial,true,
musician-remy-ma,mc,219,editorial,Ranker,single_source_editorial,true,
musician-mystikal,mc,220,editorial,Ranker,single_source_editorial,true,
musician-bigxthaplug,mc,221,editorial,Ranker,single_source_editorial,true,
musician-ace-hood,mc,222,editorial,Ranker,single_source_editorial,true,
musician-lil-nas-x,mc,223,editorial,Ranker,single_source_editorial,true,
musician-no-malice,mc,224,editorial,Ranker,single_source_editorial,true,
musician-boosie-badazz,mc,225,editorial,Ranker,single_source_editorial,true,
musician-grand-puba,mc,226,editorial,Ranker,single_source_editorial,true,
musician-havoc,mc,227,editorial,Ranker,single_source_editorial,true,
musician-isaiah-rashad,mc,228,editorial,Ranker,single_source_editorial,true,
musician-danny-brown,mc,229,editorial,Ranker,single_source_editorial,true,
musician-tee-grizzley,mc,230,editorial,Ranker,single_source_editorial,true,
musician-amine,mc,231,editorial,Ranker,single_source_editorial,true,
musician-vic-mensa,mc,232,editorial,Ranker,single_source_editorial,true,
musician-cappadonna,mc,233,editorial,Ranker,single_source_editorial,true,
musician-daz-dillinger,mc,234,editorial,Ranker,single_source_editorial,true,
musician-nore,mc,235,editorial,Ranker,single_source_editorial,true,
musician-rich-the-kid,mc,236,editorial,Ranker,single_source_editorial,true,
musician-skyzoo,mc,237,editorial,Hip Hop Golden Age,single_source_editorial,true,
musician-adam-horovitz,mc,238,editorial,Ranker,single_source_editorial,true,
musician-mia,mc,239,editorial,Ranker,single_source_editorial,true,
musician-u-god,mc,240,editorial,Ranker,single_source_editorial,true,
musician-pimp-c,mc,241,editorial,"Beats, Rhymes & Lists",single_source_editorial,true,
musician-joe-budden,mc,242,editorial,Ranker,single_source_editorial,true,
musician-young-buck,mc,243,editorial,Ranker,single_source_editorial,true,
musician-lecrae,mc,244,editorial,Ranker,single_source_editorial,true,
musician-lil-skies,mc,245,editorial,Ranker,single_source_editorial,true,
musician-grandmaster-caz,mc,246,editorial,Ranker,single_source_editorial,true,
musician-dres,mc,247,editorial,Ranker,single_source_editorial,true,
musician-foxy-brown,mc,248,editorial,Ranker,single_source_editorial,true,
musician-schoolly-d,mc,249,editorial,Ranker,single_source_editorial,true,
musician-lord-finesse,mc,250,editorial,Ranker,single_source_editorial,true,
musician-jimmy-spicer,mc,251,editorial,Ranker,single_source_editorial,true,
musician-spoonie-gee,mc,252,editorial,Ranker,single_source_editorial,true,
musician-ybn-nahmir,mc,253,editorial,Ranker,single_source_editorial,true,
musician-bizarre,mc,254,editorial,Ranker,single_source_editorial,true,
musician-aceyalone,mc,255,editorial,Hip Hop Golden Age,single_source_editorial,true,
musician-murs,mc,256,editorial,Ranker,single_source_editorial,true,
musician-roxanne-shante,mc,257,editorial,Ranker,single_source_editorial,true,
musician-killa-cam,mc,258,editorial,Ranker,single_source_editorial,true,
musician-da-brat,mc,259,editorial,Ranker,single_source_editorial,true,
musician-mac-dre,mc,260,editorial,Ranker,single_source_editorial,true,
musician-brother-ali,mc,261,editorial,"Beats, Rhymes & Lists",single_source_editorial,true,
musician-rammellzee,mc,262,editorial,Ranker,single_source_editorial,true,
musician-open-mike-eagle,mc,263,editorial,Ranker,single_source_editorial,true,
musician-lil-flip,mc,264,editorial,Ranker,single_source_editorial,true,
musician-kuniva,mc,265,editorial,Ranker,single_source_editorial,true,
musician-trina,mc,266,editorial,Ranker,single_source_editorial,true,
musician-mc-ride,mc,267,editorial,Ranker,single_source_editorial,true,
musician-sheek-louch,mc,268,editorial,Ranker,single_source_editorial,true,
musician-killah-priest,mc,269,editorial,Hip Hop Golden Age,single_source_editorial,true,
musician-rev-run,mc,270,editorial,Billboard/VIBE,single_source_editorial,true,
musician-the-lady-of-rage,mc,271,editorial,Ranker,single_source_editorial,true,
musician-jme,mc,272,editorial,Ranker,single_source_editorial,true,
musician-luther-campbell,mc,273,editorial,Ranker,single_source_editorial,true,
musician-esham,mc,274,editorial,Ranker,single_source_editorial,true,
musician-the-last-emperor,mc,275,editorial,Ranker,single_source_editorial,true,
musician-aretha-franklin,vocalist,1,high,Consequence | Ranker | Rolling Stone,multi_source_core,true,
musician-whitney-houston,vocalist,2,high,Consequence | Ranker | Rolling Stone,multi_source_core,true,
musician-freddie-mercury,vocalist,3,high,Consequence | Ranker | Rolling Stone,multi_source_core,true,
musician-marvin-gaye,vocalist,4,high,Consequence | Ranker | Rolling Stone,multi_source_core,true,
musician-ray-charles,vocalist,5,high,Consequence | Ranker | Rolling Stone,multi_source_core,true,
musician-mariah-carey,vocalist,6,high,Consequence | Ranker | Rolling Stone,multi_source_core,true,
musician-sam-cooke,vocalist,7,high,Consequence | Ranker | Rolling Stone,multi_source_core,true,
musician-stevie-wonder,vocalist,8,high,Consequence | Ranker | Rolling Stone,multi_source_core,true,
musician-beyonce,vocalist,9,high,Consequence | Ranker | Rolling Stone,multi_source_core,true,
musician-ella-fitzgerald,vocalist,10,high,Consequence | Ranker | Rolling Stone,multi_source_core,true,
musician-billie-holiday,vocalist,11,high,Consequence | Ranker | Rolling Stone,multi_source_core,true,
musician-adele,vocalist,12,high,Consequence | Ranker | Rolling Stone,multi_source_core,true,
musician-otis-redding,vocalist,13,high,Consequence | Ranker | Rolling Stone,multi_source_core,true,
musician-robert-plant,vocalist,14,high,Consequence | Ranker | Rolling Stone,multi_source_core,true,
musician-patsy-cline,vocalist,15,high,Consequence | Ranker | Rolling Stone,multi_source_core,true,
musician-frank-sinatra,vocalist,16,high,Consequence | Ranker | Rolling Stone,multi_source_core,true,
musician-nina-simone,vocalist,17,high,Consequence | Ranker | Rolling Stone,multi_source_core,true,
musician-al-green,vocalist,18,high,Consequence | Ranker | Rolling Stone,multi_source_core,true,
musician-elvis-presley,vocalist,19,high,Consequence | Ranker | Rolling Stone,multi_source_core,true,
musician-roy-orbison,vocalist,20,high,Consequence | Ranker | Rolling Stone,multi_source_core,true,
musician-james-brown,vocalist,21,high,Consequence | Ranker | Rolling Stone,multi_source_core,true,
musician-michael-jackson,vocalist,22,high,Consequence | Ranker | Rolling Stone,multi_source_core,true,
musician-hank-williams,vocalist,23,high,Consequence | Ranker | Rolling Stone,multi_source_core,true,
musician-dolly-parton,vocalist,24,high,Consequence | Ranker | Rolling Stone,multi_source_core,true,
musician-luther-vandross,vocalist,25,high,Consequence | Ranker | Rolling Stone,multi_source_core,true,
musician-smokey-robinson,vocalist,26,high,Consequence | Ranker | Rolling Stone,multi_source_core,true,
musician-kurt-cobain,vocalist,27,high,Consequence | Ranker | Rolling Stone,multi_source_core,true,
musician-tina-turner,vocalist,28,high,Consequence | Ranker | Rolling Stone,multi_source_core,true,
musician-prince,vocalist,29,high,Consequence | Ranker | Rolling Stone,multi_source_core,true,
musician-etta-james,vocalist,30,high,Consequence | Ranker | Rolling Stone,multi_source_core,true,
musician-chris-cornell,vocalist,31,high,Consequence | Ranker | Rolling Stone,multi_source_core,true,
musician-john-lennon,vocalist,32,high,Consequence | Ranker | Rolling Stone,multi_source_core,true,
musician-david-bowie,vocalist,33,high,Consequence | Ranker | Rolling Stone,multi_source_core,true,
musician-janis-joplin,vocalist,34,high,Consequence | Ranker | Rolling Stone,multi_source_core,true,
musician-bob-dylan,vocalist,35,high,Consequence | Ranker | Rolling Stone,multi_source_core,true,
musician-joni-mitchell,vocalist,36,high,Consequence | Ranker | Rolling Stone,multi_source_core,true,
musician-steve-perry,vocalist,37,high,Consequence | Ranker | Rolling Stone,multi_source_core,true,
musician-mahalia-jackson,vocalist,38,high,Consequence | Ranker | Rolling Stone,multi_source_core,true,
musician-karen-carpenter,vocalist,39,high,Consequence | Ranker | Rolling Stone,multi_source_core,true,
musician-stevie-nicks,vocalist,40,high,Consequence | Ranker | Rolling Stone,multi_source_core,true,
musician-curtis-mayfield,vocalist,41,high,Consequence | Ranker | Rolling Stone,multi_source_core,true,
musician-linda-ronstadt,vocalist,42,high,Consequence | Ranker | Rolling Stone,multi_source_core,true,
musician-kate-bush,vocalist,43,high,Consequence | Ranker | Rolling Stone,multi_source_core,true,
musician-paul-mccartney,vocalist,44,high,Ranker | Rolling Stone,multi_source_core,true,
musician-little-richard,vocalist,45,high,Consequence | Ranker | Rolling Stone,multi_source_core,true,
musician-amy-winehouse,vocalist,46,high,Consequence | Ranker | Rolling Stone,multi_source_core,true,
musician-jeff-buckley,vocalist,47,high,Consequence | Ranker | Rolling Stone,multi_source_core,true,
musician-elton-john,vocalist,48,high,Consequence | Ranker | Rolling Stone,multi_source_core,true,
musician-ozzy-osbourne,vocalist,49,high,Consequence | Ranker | Rolling Stone,multi_source_core,true,
musician-ariana-grande,vocalist,50,high,Consequence | Ranker | Rolling Stone,multi_source_core,true,
musician-johnny-cash,vocalist,51,high,Consequence | Ranker | Rolling Stone,multi_source_core,true,
musician-bill-withers,vocalist,52,high,Consequence | Ranker | Rolling Stone,multi_source_core,true,
musician-diana-ross,vocalist,53,high,Consequence | Ranker | Rolling Stone,multi_source_core,true,
musician-louis-armstrong,vocalist,54,high,Ranker | Rolling Stone,multi_source_core,true,
musician-bjork,vocalist,55,high,Consequence | Ranker | Rolling Stone,multi_source_core,true,
musician-mavis-staples,vocalist,56,high,Consequence | Ranker | Rolling Stone,multi_source_core,true,
musician-chaka-khan,vocalist,57,high,Consequence | Ranker | Rolling Stone,multi_source_core,true,
musician-bruce-springsteen,vocalist,58,high,Consequence | Ranker | Rolling Stone,multi_source_core,true,
musician-rob-halford,vocalist,59,high,Consequence | Ranker | Rolling Stone,multi_source_core,true,
musician-dusty-springfield,vocalist,60,high,Ranker | Rolling Stone,multi_source_core,true,
musician-van-morrison,vocalist,61,high,Ranker | Rolling Stone,multi_source_core,true,
musician-barry-white,vocalist,62,high,Ranker | Rolling Stone,multi_source_core,true,
musician-thom-yorke,vocalist,63,high,Consequence | Ranker | Rolling Stone,multi_source_core,true,
musician-rod-stewart,vocalist,64,high,Ranker | Rolling Stone,multi_source_core,true,
musician-ann-wilson,vocalist,65,high,Consequence | Ranker,multi_source_core,true,
musician-lady-gaga,vocalist,66,high,Ranker | Rolling Stone,multi_source_core,true,
musician-axl-rose,vocalist,67,high,Consequence | Ranker | Rolling Stone,multi_source_core,true,
musician-mick-jagger,vocalist,68,high,Ranker | Rolling Stone,multi_source_core,true,
musician-brian-wilson,vocalist,69,high,Ranker | Rolling Stone,multi_source_core,true,
musician-leonard-cohen,vocalist,70,high,Consequence | Ranker | Rolling Stone,multi_source_core,true,
musician-george-michael,vocalist,71,high,Ranker | Rolling Stone,multi_source_core,true,
musician-willie-nelson,vocalist,72,high,Ranker | Rolling Stone,multi_source_core,true,
musician-toni-braxton,vocalist,73,high,Ranker | Rolling Stone,multi_source_core,true,
musician-celine-dion,vocalist,74,high,Consequence | Ranker,multi_source_core,true,
musician-bono,vocalist,75,high,Consequence | Ranker | Rolling Stone,multi_source_core,true,
musician-sade,vocalist,76,high,Consequence | Rolling Stone,multi_source_core,true,
musician-bob-marley,vocalist,77,high,Ranker | Rolling Stone,multi_source_core,true,
musician-iggy-pop,vocalist,78,high,Consequence | Ranker | Rolling Stone,multi_source_core,true,
musician-neil-young,vocalist,79,high,Consequence | Ranker | Rolling Stone,multi_source_core,true,
musician-mary-j-blige,vocalist,80,high,Ranker | Rolling Stone,multi_source_core,true,
musician-gladys-knight,vocalist,81,high,Ranker | Rolling Stone,multi_source_core,true,
musician-rihanna,vocalist,82,high,Ranker | Rolling Stone,multi_source_core,true,
musician-lauryn-hill,vocalist,83,high,Consequence | Ranker | Rolling Stone,multi_source_core,true,
musician-patti-labelle,vocalist,84,high,Ranker | Rolling Stone,multi_source_core,true,
musician-luciano-pavarotti,vocalist,85,editorial,Ranker,single_source_editorial,true,
musician-nat-king-cole,vocalist,86,editorial,Ranker,single_source_editorial,true,
musician-chuck-berry,vocalist,87,high,Ranker | Rolling Stone,multi_source_core,true,
musician-fiona-apple,vocalist,88,high,Consequence | Ranker | Rolling Stone,multi_source_core,true,
musician-donna-summer,vocalist,89,high,Ranker | Rolling Stone,multi_source_core,true,
musician-billy-joel,vocalist,90,editorial,Ranker,single_source_editorial,true,
musician-roberta-flack,vocalist,91,high,Consequence | Ranker,multi_source_core,true,
musician-george-jones,vocalist,92,high,Ranker | Rolling Stone,multi_source_core,true,
musician-wilson-pickett,vocalist,93,high,Ranker | Rolling Stone,multi_source_core,true,
musician-julie-andrews,vocalist,94,editorial,Ranker,single_source_editorial,true,
musician-roger-daltrey,vocalist,95,high,Ranker | Rolling Stone,multi_source_core,true,
musician-andrea-bocelli,vocalist,96,editorial,Ranker,single_source_editorial,true,
musician-bing-crosby,vocalist,97,editorial,Ranker,single_source_editorial,true,
musician-judy-garland,vocalist,98,editorial,Ranker,single_source_editorial,true,
musician-phil-collins,vocalist,99,editorial,Ranker,single_source_editorial,true,
musician-teddy-pendergrass,vocalist,100,high,Consequence | Rolling Stone,multi_source_core,true,
musician-lionel-richie,vocalist,101,editorial,Ranker,single_source_editorial,true,
musician-dean-martin,vocalist,102,editorial,Ranker,single_source_editorial,true,
musician-celia-cruz,vocalist,103,editorial,Rolling Stone,single_source_editorial,true,
musician-jim-morrison,vocalist,104,editorial,Ranker,single_source_editorial,true,
musician-art-garfunkel,vocalist,105,editorial,Ranker,single_source_editorial,true,
musician-tony-bennett,vocalist,106,editorial,Ranker,single_source_editorial,true,
musician-hr,vocalist,107,editorial,Consequence,single_source_editorial,true,
musician-john-denver,vocalist,108,editorial,Ranker,single_source_editorial,true,
musician-eddie-vedder,vocalist,109,high,Ranker | Rolling Stone,multi_source_core,true,
musician-christina-aguilera,vocalist,110,high,Ranker | Rolling Stone,multi_source_core,true,
musician-neil-diamond,vocalist,111,editorial,Ranker,single_source_editorial,true,
musician-patti-smith,vocalist,112,high,Consequence | Ranker | Rolling Stone,multi_source_core,true,
musician-bruno-mars,vocalist,113,editorial,Ranker,single_source_editorial,true,
musician-emmylou-harris,vocalist,114,high,Ranker | Rolling Stone,multi_source_core,true,
musician-tom-jones,vocalist,115,editorial,Ranker,single_source_editorial,true,
musician-selena,vocalist,116,high,Ranker | Rolling Stone,multi_source_core,true,
musician-steven-tyler,vocalist,117,editorial,Ranker,single_source_editorial,true,
musician-sting,vocalist,118,editorial,Ranker,single_source_editorial,true,
musician-muddy-waters,vocalist,119,high,Ranker | Rolling Stone,multi_source_core,true,
musician-bryan-adams,vocalist,120,editorial,Ranker,single_source_editorial,true,
musician-pat-benatar,vocalist,121,editorial,Ranker,single_source_editorial,true,
musician-taylor-swift,vocalist,122,high,Ranker | Rolling Stone,multi_source_core,true,
musician-dionne-warwick,vocalist,123,editorial,Ranker,single_source_editorial,true,
musician-morrissey,vocalist,124,high,Consequence | Ranker | Rolling Stone,multi_source_core,true,
musician-barbra-streisand,vocalist,125,high,Ranker | Rolling Stone,multi_source_core,true,
musician-alison-krauss,vocalist,126,high,Consequence | Ranker,multi_source_core,true,
musician-barry-gibb,vocalist,127,editorial,Ranker,single_source_editorial,true,
musician-jon-bon-jovi,vocalist,128,editorial,Ranker,single_source_editorial,true,
musician-john-fogerty,vocalist,129,high,Ranker | Rolling Stone,multi_source_core,true,
musician-annie-lennox,vocalist,130,editorial,Ranker,single_source_editorial,true,
musician-p-nk,vocalist,131,editorial,Ranker,single_source_editorial,true,
musician-michael-buble,vocalist,132,editorial,Ranker,single_source_editorial,true,
musician-don-henley,vocalist,133,editorial,Ranker,single_source_editorial,true,
musician-frankie-valli,vocalist,134,editorial,Ranker,single_source_editorial,true,
musician-carrie-underwood,vocalist,135,high,Ranker | Rolling Stone,multi_source_core,true,
musician-kenny-rogers,vocalist,136,editorial,Ranker,single_source_editorial,true,
musician-loretta-lynn,vocalist,137,high,Ranker | Rolling Stone,multi_source_core,true,
musician-carly-simon,vocalist,138,editorial,Ranker,single_source_editorial,true,
musician-eric-clapton,vocalist,139,editorial,Ranker,single_source_editorial,true,
musician-bessie-smith,vocalist,140,high,Ranker | Rolling Stone,multi_source_core,true,
musician-cher,vocalist,141,editorial,Ranker,single_source_editorial,true,
musician-cyndi-lauper,vocalist,142,editorial,Ranker,single_source_editorial,true,
musician-shania-twain,vocalist,143,editorial,Ranker,single_source_editorial,true,
musician-george-harrison,vocalist,144,editorial,Ranker,single_source_editorial,true,
musician-carole-king,vocalist,145,editorial,Ranker,single_source_editorial,true,
musician-minnie-riperton,vocalist,146,high,Ranker | Rolling Stone,multi_source_core,true,
musician-doris-day,vocalist,147,editorial,Ranker,single_source_editorial,true,
musician-mike-patton,vocalist,148,high,Consequence | Ranker,multi_source_core,true,
musician-james-taylor,vocalist,149,editorial,Ranker,single_source_editorial,true,
musician-buddy-holly,vocalist,150,high,Ranker | Rolling Stone,multi_source_core,true,
musician-glen-campbell,vocalist,151,editorial,Ranker,single_source_editorial,true,
musician-johnny-mathis,vocalist,152,editorial,Ranker,single_source_editorial,true,
musician-alicia-keys,vocalist,153,high,Ranker | Rolling Stone,multi_source_core,true,
musician-reba-mcentire,vocalist,154,editorial,Ranker,single_source_editorial,true,
musician-jim-croce,vocalist,155,editorial,Ranker,single_source_editorial,true,
musician-huey-lewis,vocalist,156,editorial,Ranker,single_source_editorial,true,
musician-jimi-hendrix,vocalist,157,editorial,Ranker,single_source_editorial,true,
musician-kendrick-lamar,vocalist,158,editorial,Consequence,single_source_editorial,true,
musician-tom-petty,vocalist,159,editorial,Ranker,single_source_editorial,true,
musician-aaliyah,vocalist,160,editorial,Rolling Stone,single_source_editorial,true,
musician-david-ruffin,vocalist,161,high,Ranker | Rolling Stone,multi_source_core,true,
musician-paul-simon,vocalist,162,editorial,Ranker,single_source_editorial,true,
musician-bob-seger,vocalist,163,high,Ranker | Rolling Stone,multi_source_core,true,
musician-jackie-wilson,vocalist,164,high,Ranker | Rolling Stone,multi_source_core,true,
musician-anita-baker,vocalist,165,high,Ranker | Rolling Stone,multi_source_core,true,
musician-kelly-clarkson,vocalist,166,high,Ranker | Rolling Stone,multi_source_core,true,
musician-sarah-mclachlan,vocalist,167,editorial,Ranker,single_source_editorial,true,
musician-chrissie-hynde,vocalist,168,high,Ranker | Rolling Stone,multi_source_core,true,
musician-sade-adu,vocalist,169,editorial,Ranker,single_source_editorial,true,
musician-debbie-harry,vocalist,170,high,Ranker | Rolling Stone,multi_source_core,true,
musician-enya,vocalist,171,editorial,Ranker,single_source_editorial,true,
musician-bb-king,vocalist,172,editorial,Ranker,single_source_editorial,true,
musician-meat-loaf,vocalist,173,editorial,Ranker,single_source_editorial,true,
musician-tom-waits,vocalist,174,high,Consequence | Ranker,multi_source_core,true,
musician-phil-everly,vocalist,175,editorial,Ranker,single_source_editorial,true,
musician-bobby-darin,vocalist,176,editorial,Ranker,single_source_editorial,true,
musician-d-angelo,vocalist,177,high,Consequence | Rolling Stone,multi_source_core,true,
musician-cass-elliot,vocalist,178,editorial,Ranker,single_source_editorial,true,
musician-joe-cocker,vocalist,179,editorial,Ranker,single_source_editorial,true,
musician-bonnie-tyler,vocalist,180,editorial,Ranker,single_source_editorial,true,
musician-george-strait,vocalist,181,high,Ranker | Rolling Stone,multi_source_core,true,
musician-usher,vocalist,182,high,Ranker | Rolling Stone,multi_source_core,true,
musician-aaron-neville,vocalist,183,high,Ranker | Rolling Stone,multi_source_core,true,
musician-tammy-wynette,vocalist,184,high,Ranker | Rolling Stone,multi_source_core,true,
musician-norah-jones,vocalist,185,editorial,Ranker,single_source_editorial,true,
musician-ronnie-spector,vocalist,186,high,Ranker | Rolling Stone,multi_source_core,true,
musician-billy-idol,vocalist,187,editorial,Ranker,single_source_editorial,true,
musician-bette-midler,vocalist,188,editorial,Ranker,single_source_editorial,true,
musician-sinead-o-connor,vocalist,189,high,Consequence | Ranker,multi_source_core,true,
musician-shakira,vocalist,190,editorial,Ranker,single_source_editorial,true,
musician-ed-sheeran,vocalist,191,editorial,Ranker,single_source_editorial,true,
musician-big-mama-thornton,vocalist,192,high,Consequence | Ranker,multi_source_core,true,
musician-peter-gabriel,vocalist,193,editorial,Ranker,single_source_editorial,true,
musician-andy-williams,vocalist,194,editorial,Ranker,single_source_editorial,true,
musician-alanis-morissette,vocalist,195,editorial,Ranker,single_source_editorial,true,
musician-faith-hill,vocalist,196,editorial,Ranker,single_source_editorial,true,
musician-marie-osmond,vocalist,197,editorial,Ranker,single_source_editorial,true,
musician-daryl-hall,vocalist,198,editorial,Ranker,single_source_editorial,true,
musician-natalie-cole,vocalist,199,editorial,Ranker,single_source_editorial,true,
musician-edith-piaf,vocalist,200,editorial,Ranker,single_source_editorial,true,
musician-merle-haggard,vocalist,201,high,Ranker | Rolling Stone,multi_source_core,true,
musician-miriam-makeba,vocalist,202,editorial,Rolling Stone,single_source_editorial,true,
musician-garth-brooks,vocalist,203,editorial,Ranker,single_source_editorial,true,
musician-olivia-newton-john,vocalist,204,editorial,Ranker,single_source_editorial,true,
musician-joan-jett,vocalist,205,editorial,Ranker,single_source_editorial,true,
musician-darlene-love,vocalist,206,high,Ranker | Rolling Stone,multi_source_core,true,
musician-lou-reed,vocalist,207,high,Ranker | Rolling Stone,multi_source_core,true,
musician-john-legend,vocalist,208,editorial,Ranker,single_source_editorial,true,
musician-tracy-chapman,vocalist,209,editorial,Ranker,single_source_editorial,true,
musician-bonnie-raitt,vocalist,210,high,Ranker | Rolling Stone,multi_source_core,true,
musician-jennifer-hudson,vocalist,211,editorial,Ranker,single_source_editorial,true,
musician-harry-connick-jr,vocalist,212,editorial,Ranker,single_source_editorial,true,
musician-glenn-frey,vocalist,213,editorial,Ranker,single_source_editorial,true,
musician-sia,vocalist,214,editorial,Ranker,single_source_editorial,true,
musician-brenda-lee,vocalist,215,high,Ranker | Rolling Stone,multi_source_core,true,
musician-placido-domingo,vocalist,216,editorial,Ranker,single_source_editorial,true,
musician-gloria-estefan,vocalist,217,editorial,Ranker,single_source_editorial,true,
musician-howlin-wolf,vocalist,218,editorial,Rolling Stone,single_source_editorial,true,
musician-sammy-davis-jr,vocalist,219,editorial,Ranker,single_source_editorial,true,
musician-justin-timberlake,vocalist,220,editorial,Ranker,single_source_editorial,true,
musician-gordon-lightfoot,vocalist,221,editorial,Ranker,single_source_editorial,true,
musician-amy-lee,vocalist,222,editorial,Ranker,single_source_editorial,true,
musician-umm-kulthum,vocalist,223,editorial,Rolling Stone,single_source_editorial,true,
musician-seal,vocalist,224,editorial,Ranker,single_source_editorial,true,
musician-anne-murray,vocalist,225,editorial,Ranker,single_source_editorial,true,
musician-jewel,vocalist,226,editorial,Ranker,single_source_editorial,true,
musician-don-everly,vocalist,227,editorial,Ranker,single_source_editorial,true,
musician-nancy-wilson-1937,vocalist,228,editorial,Ranker,single_source_editorial,true,
musician-lana-del-rey,vocalist,229,high,Ranker | Rolling Stone,multi_source_core,true,
musician-dmx,vocalist,230,editorial,Consequence,single_source_editorial,true,
musician-michael-hutchence,vocalist,231,editorial,Ranker,single_source_editorial,true,
musician-ben-e-king,vocalist,232,editorial,Ranker,single_source_editorial,true,
musician-peggy-lee,vocalist,233,editorial,Ranker,single_source_editorial,true,
musician-susan-boyle,vocalist,234,editorial,Ranker,single_source_editorial,true,
musician-connie-francis,vocalist,235,editorial,Ranker,single_source_editorial,true,
musician-petula-clark,vocalist,236,editorial,Ranker,single_source_editorial,true,
musician-dennis-brown,vocalist,237,editorial,Rolling Stone,single_source_editorial,true,
musician-frankie-avalon,vocalist,238,editorial,Ranker,single_source_editorial,true,
musician-vera-lynn,vocalist,239,editorial,Ranker,single_source_editorial,true,
musician-robert-palmer,vocalist,240,editorial,Ranker,single_source_editorial,true,
musician-youssou-n-8217-dour,vocalist,241,editorial,Rolling Stone,single_source_editorial,true,
musician-donny-osmond,vocalist,242,editorial,Ranker,single_source_editorial,true,
musician-michael-stipe,vocalist,243,high,Ranker | Rolling Stone,multi_source_core,true,
musician-gwen-stefani,vocalist,244,editorial,Ranker,single_source_editorial,true,
musician-cat-stevens,vocalist,245,editorial,Ranker,single_source_editorial,true,
musician-chester-bennington,vocalist,246,editorial,Ranker,single_source_editorial,true,
musician-barry-manilow,vocalist,247,editorial,Ranker,single_source_editorial,true,
musician-robin-gibb,vocalist,248,editorial,Ranker,single_source_editorial,true,
musician-maria-callas,vocalist,249,editorial,Ranker,single_source_editorial,true,
musician-lesley-gore,vocalist,250,editorial,Ranker,single_source_editorial,true,
musician-jerry-lee-lewis,vocalist,251,editorial,Ranker,single_source_editorial,true,
musician-layne-staley,vocalist,252,high,Consequence | Ranker,multi_source_core,true,
musician-enrico-caruso,vocalist,253,editorial,Ranker,single_source_editorial,true,
musician-david-gilmour,vocalist,254,editorial,Ranker,single_source_editorial,true,
musician-ronnie-james-dio,vocalist,255,high,Consequence | Rolling Stone,multi_source_core,true,
musician-hector-lavoe,vocalist,256,editorial,Rolling Stone,single_source_editorial,true,
musician-liza-minnelli,vocalist,257,editorial,Ranker,single_source_editorial,true,
musician-ritchie-valens,vocalist,258,editorial,Ranker,single_source_editorial,true,
musician-leann-rimes,vocalist,259,editorial,Ranker,single_source_editorial,true,
musician-adam-lambert,vocalist,260,editorial,Ranker,single_source_editorial,true,
musician-brian-johnson,vocalist,261,editorial,Ranker,single_source_editorial,true,
musician-christine-mcvie,vocalist,262,editorial,Ranker,single_source_editorial,true,
musician-bon-scott,vocalist,263,editorial,Ranker,single_source_editorial,true,
musician-florence-welch,vocalist,264,high,Ranker | Rolling Stone,multi_source_core,true,
musician-sarah-vaughan,vocalist,265,editorial,Ranker,single_source_editorial,true,
musician-harry-belafonte,vocalist,266,editorial,Ranker,single_source_editorial,true,
musician-alice-cooper,vocalist,267,editorial,Ranker,single_source_editorial,true,
musician-don-mclean,vocalist,268,editorial,Ranker,single_source_editorial,true,
musician-lindsey-buckingham,vocalist,269,editorial,Ranker,single_source_editorial,true,
musician-lena-horne,vocalist,270,editorial,Ranker,single_source_editorial,true,
musician-sheryl-crow,vocalist,271,editorial,Ranker,single_source_editorial,true,
musician-michael-bolton,vocalist,272,editorial,Ranker,single_source_editorial,true,
musician-lenny-kravitz,vocalist,273,editorial,Ranker,single_source_editorial,true,
musician-joan-baez,vocalist,274,high,Ranker | Rolling Stone,multi_source_core,true,
musician-eminem,vocalist,275,editorial,Ranker,single_source_editorial,true,
musician-martina-mcbride,vocalist,276,editorial,Ranker,single_source_editorial,true,
musician-bryan-ferry,vocalist,277,high,Ranker | Rolling Stone,multi_source_core,true,
musician-joao-gilberto,vocalist,278,editorial,Rolling Stone,single_source_editorial,true,
musician-sam-smith,vocalist,279,editorial,Ranker,single_source_editorial,true,
musician-montserrat-caballe,vocalist,280,editorial,Ranker,single_source_editorial,true,
musician-davy-jones,vocalist,281,editorial,Ranker,single_source_editorial,true,
musician-josh-groban,vocalist,282,editorial,Ranker,single_source_editorial,true,
musician-peter-cetera,vocalist,283,editorial,Ranker,single_source_editorial,true,
musician-robert-smith,vocalist,284,high,Ranker | Rolling Stone,multi_source_core,true,
musician-robert-johnson,vocalist,285,high,Ranker | Rolling Stone,multi_source_core,true,
musician-dennis-wilson,vocalist,286,editorial,Ranker,single_source_editorial,true,
musician-bruce-dickinson,vocalist,287,high,Consequence | Ranker,multi_source_core,true,
musician-michael-mcdonald,vocalist,288,editorial,Ranker,single_source_editorial,true,
musician-erykah-badu,vocalist,289,high,Ranker | Rolling Stone,multi_source_core,true,
musician-lata-mangeshkar,vocalist,290,editorial,Rolling Stone,single_source_editorial,true,
musician-chris-isaak,vocalist,291,editorial,Ranker,single_source_editorial,true,
musician-waylon-jennings,vocalist,292,editorial,Ranker,single_source_editorial,true,
musician-pj-harvey,vocalist,293,high,Ranker | Rolling Stone,multi_source_core,true,
musician-adam-levine,vocalist,294,editorial,Ranker,single_source_editorial,true,
musician-kylie-minogue,vocalist,295,editorial,Ranker,single_source_editorial,true,
musician-paul-young,vocalist,296,editorial,Ranker,single_source_editorial,true,
musician-laura-branigan,vocalist,297,editorial,Ranker,single_source_editorial,true,
musician-steve-winwood,vocalist,298,editorial,Ranker,single_source_editorial,true,
musician-shirley-bassey,vocalist,299,editorial,Ranker,single_source_editorial,true,
musician-donny-hathaway,vocalist,300,high,Ranker | Rolling Stone,multi_source_core,true,
musician-jimmie-rodgers,vocalist,301,editorial,Rolling Stone,single_source_editorial,true,
musician-a-ha,vocalist,302,editorial,Ranker,single_source_editorial,true,
musician-lou-rawls,vocalist,303,editorial,Ranker,single_source_editorial,true,
musician-mario-lanza,vocalist,304,editorial,Ranker,single_source_editorial,true,
musician-roger-waters,vocalist,305,editorial,Ranker,single_source_editorial,true,
musician-carl-wilson,vocalist,306,editorial,Ranker,single_source_editorial,true,
musician-avril-lavigne,vocalist,307,editorial,Ranker,single_source_editorial,true,
musician-solomon-burke,vocalist,308,high,Consequence | Rolling Stone,multi_source_core,true,
musician-gal-costa,vocalist,309,editorial,Rolling Stone,single_source_editorial,true,
musician-janet-jackson,vocalist,310,editorial,Ranker,single_source_editorial,true,
musician-nusrat-fateh-ali-khan,vocalist,311,editorial,Rolling Stone,single_source_editorial,true,
musician-leona-lewis,vocalist,312,editorial,Ranker,single_source_editorial,true,
musician-richard-marx,vocalist,313,editorial,Ranker,single_source_editorial,true,
musician-jazmine-sullivan,vocalist,314,high,Consequence | Rolling Stone,multi_source_core,true,
musician-cliff-richard,vocalist,315,editorial,Ranker,single_source_editorial,true,
musician-harry-nilsson,vocalist,316,editorial,Ranker,single_source_editorial,true,
musician-gloria-gaynor,vocalist,317,editorial,Ranker,single_source_editorial,true,
musician-idina-menzel,vocalist,318,editorial,Ranker,single_source_editorial,true,
musician-bobby-vinton,vocalist,319,editorial,Ranker,single_source_editorial,true,
musician-marilyn-horne,vocalist,320,editorial,Ranker,single_source_editorial,true,
musician-levon-helm,vocalist,321,high,Ranker | Rolling Stone,multi_source_core,true,
musician-toots-hibbert,vocalist,322,editorial,Rolling Stone,single_source_editorial,true,
musician-belinda-carlisle,vocalist,323,editorial,Ranker,single_source_editorial,true,
musician-sandy-denny,vocalist,324,high,Ranker | Rolling Stone,multi_source_core,true,
musician-nancy-wilson,vocalist,325,editorial,Ranker,single_source_editorial,true,
musician-vicente-fernandez,vocalist,326,editorial,Rolling Stone,single_source_editorial,true,
musician-joe-strummer,vocalist,327,high,Consequence | Rolling Stone,multi_source_core,true,
musician-engelbert-humperdinck,vocalist,328,editorial,Ranker,single_source_editorial,true,
musician-israel-kamakawiwo-ole,vocalist,329,editorial,Ranker,single_source_editorial,true,
musician-francoise-hardy,vocalist,330,high,Ranker | Rolling Stone,multi_source_core,true,
musician-marianne-faithfull,vocalist,331,high,Ranker | Rolling Stone,multi_source_core,true,
musician-marc-bolan,vocalist,332,editorial,Ranker,single_source_editorial,true,
musician-katy-perry,vocalist,333,editorial,Ranker,single_source_editorial,true,
musician-david-gray,vocalist,334,editorial,Ranker,single_source_editorial,true,
musician-jessie-j,vocalist,335,editorial,Ranker,single_source_editorial,true,
musician-dolores-o-riordan,vocalist,336,high,Consequence | Ranker,multi_source_core,true,
musician-eddie-cochran,vocalist,337,editorial,Ranker,single_source_editorial,true,
musician-clyde-mcphatter,vocalist,338,editorial,Rolling Stone,single_source_editorial,true,
musician-gene-vincent,vocalist,339,editorial,Ranker,single_source_editorial,true,
musician-dinah-washington,vocalist,340,editorial,Ranker,single_source_editorial,true,
musician-busta-rhymes,vocalist,341,editorial,Consequence,single_source_editorial,true,
musician-james-blunt,vocalist,342,editorial,Ranker,single_source_editorial,true,
musician-alison-moyet,vocalist,343,editorial,Ranker,single_source_editorial,true,
musician-chris-stapleton,vocalist,344,high,Consequence | Rolling Stone,multi_source_core,true,
musician-leontyne-price,vocalist,345,editorial,Ranker,single_source_editorial,true,
musician-madonna,vocalist,346,editorial,Ranker,single_source_editorial,true,
musician-paul-anka,vocalist,347,editorial,Ranker,single_source_editorial,true,
musician-jackson-browne,vocalist,348,editorial,Ranker,single_source_editorial,true,
musician-david-crosby,vocalist,349,editorial,Ranker,single_source_editorial,true,
musician-grace-slick,vocalist,350,editorial,Ranker,single_source_editorial,true,
musician-sarah-brightman,vocalist,351,editorial,Ranker,single_source_editorial,true,
musician-lisa-stansfield,vocalist,352,editorial,Ranker,single_source_editorial,true,
musician-kd-lang,vocalist,353,editorial,Ranker,single_source_editorial,true,
musician-conway-twitty,vocalist,354,editorial,Ranker,single_source_editorial,true,
musician-tim-mcgraw,vocalist,355,editorial,Ranker,single_source_editorial,true,
musician-agnetha-faltskog,vocalist,356,editorial,Ranker,single_source_editorial,true,
musician-jeff-lynne,vocalist,357,editorial,Ranker,single_source_editorial,true,
musician-mick-hucknall,vocalist,358,editorial,Ranker,single_source_editorial,true,
musician-jessye-norman,vocalist,359,editorial,Ranker,single_source_editorial,true,
musician-renee-fleming,vocalist,360,editorial,Ranker,single_source_editorial,true,
musician-caetano-veloso,vocalist,361,editorial,Rolling Stone,single_source_editorial,true,
musician-nancy-sinatra,vocalist,362,editorial,Ranker,single_source_editorial,true,
musician-stevie-ray-vaughan,vocalist,363,editorial,Ranker,single_source_editorial,true,
musician-brendon-urie,vocalist,364,editorial,Ranker,single_source_editorial,true,
musician-the-weeknd,vocalist,365,editorial,Rolling Stone,single_source_editorial,true,
musician-harry-chapin,vocalist,366,editorial,Ranker,single_source_editorial,true,
musician-chris-martin,vocalist,367,editorial,Ranker,single_source_editorial,true,
musician-mark-knopfler,vocalist,368,editorial,Ranker,single_source_editorial,true,
musician-david-lee-roth,vocalist,369,editorial,Ranker,single_source_editorial,true,
musician-renata-scotto,vocalist,370,editorial,Ranker,single_source_editorial,true,
musician-gene-kelly,vocalist,371,editorial,Ranker,single_source_editorial,true,
musician-debbie-reynolds,vocalist,372,editorial,Ranker,single_source_editorial,true,
musician-la-india,vocalist,373,editorial,Rolling Stone,single_source_editorial,true,
musician-steve-miller,vocalist,374,editorial,Ranker,single_source_editorial,true,
musician-amy-grant,vocalist,375,editorial,Ranker,single_source_editorial,true,
musician-mary-wells,vocalist,376,editorial,Ranker,single_source_editorial,true,
musician-melissa-etheridge,vocalist,377,editorial,Ranker,single_source_editorial,true,
musician-ellie-goulding,vocalist,378,editorial,Ranker,single_source_editorial,true,
musician-crystal-gayle,vocalist,379,editorial,Ranker,single_source_editorial,true,
musician-alan-jackson,vocalist,380,editorial,Ranker,single_source_editorial,true,
musician-chet-baker,vocalist,381,editorial,Rolling Stone,single_source_editorial,true,
musician-wynonna-judd,vocalist,382,editorial,Ranker,single_source_editorial,true,
musician-boy-george,vocalist,383,editorial,Ranker,single_source_editorial,true,
musician-neil-sedaka,vocalist,384,editorial,Ranker,single_source_editorial,true,
musician-ricky-martin,vocalist,385,editorial,Ranker,single_source_editorial,true,
musician-elvis-costello,vocalist,386,editorial,Ranker,single_source_editorial,true,
musician-marty-robbins,vocalist,387,editorial,Ranker,single_source_editorial,true,
musician-serge-gainsbourg,vocalist,388,editorial,Ranker,single_source_editorial,true,
musician-billie-eilish,vocalist,389,high,Ranker | Rolling Stone,multi_source_core,true,
musician-gregg-allman,vocalist,390,editorial,Ranker,single_source_editorial,true,
musician-barrington-levy,vocalist,391,editorial,Rolling Stone,single_source_editorial,true,
musician-vic-damone,vocalist,392,editorial,Ranker,single_source_editorial,true,
musician-nelson-eddy,vocalist,393,editorial,Ranker,single_source_editorial,true,
musician-charlie-rich,vocalist,394,editorial,Rolling Stone,single_source_editorial,true,
musician-fred-astaire,vocalist,395,editorial,Ranker,single_source_editorial,true,
musician-christopher-cross,vocalist,396,editorial,Ranker,single_source_editorial,true,
musician-rosemary-clooney,vocalist,397,editorial,Ranker,single_source_editorial,true,
musician-jennifer-warnes,vocalist,398,editorial,Ranker,single_source_editorial,true,
musician-rufus-wainwright,vocalist,399,editorial,Ranker,single_source_editorial,true,
musician-jack-johnson,vocalist,400,editorial,Ranker,single_source_editorial,true,
musician-kt-tunstall,vocalist,401,editorial,Ranker,single_source_editorial,true,
musician-thomas-hampson,vocalist,402,editorial,Ranker,single_source_editorial,true,
musician-micky-dolenz,vocalist,403,editorial,Ranker,single_source_editorial,true,
musician-george-benson,vocalist,404,editorial,Ranker,single_source_editorial,true,
musician-bo-diddley,vocalist,405,editorial,Ranker,single_source_editorial,true,
musician-demi-lovato,vocalist,406,editorial,Ranker,single_source_editorial,true,
musician-eric-burdon,vocalist,407,editorial,Ranker,single_source_editorial,true,
musician-grace-bumbry,vocalist,408,editorial,Ranker,single_source_editorial,true,
musician-john-mayer,vocalist,409,editorial,Ranker,single_source_editorial,true,
musician-lawrence-brownlee,vocalist,410,editorial,Ranker,single_source_editorial,true,
musician-woody-guthrie,vocalist,411,editorial,Ranker,single_source_editorial,true,
musician-barbara-mandrell,vocalist,412,editorial,Ranker,single_source_editorial,true,
musician-stephen-stills,vocalist,413,editorial,Ranker,single_source_editorial,true,
musician-paul-rodgers,vocalist,414,editorial,Ranker,single_source_editorial,true,
musician-lou-gramm,vocalist,415,editorial,Ranker,single_source_editorial,true,
musician-darius-rucker,vocalist,416,editorial,Ranker,single_source_editorial,true,
musician-pete-townshend,vocalist,417,editorial,Ranker,single_source_editorial,true,
musician-courtney-love,vocalist,418,editorial,Rolling Stone,single_source_editorial,true,
musician-randy-travis,vocalist,419,editorial,Ranker,single_source_editorial,true,
musician-brandy,vocalist,420,high,Consequence | Rolling Stone,multi_source_core,true,
musician-isaac-hayes,vocalist,421,editorial,Ranker,single_source_editorial,true,
musician-jack-white,vocalist,422,editorial,Ranker,single_source_editorial,true,
musician-lotte-lehmann,vocalist,423,editorial,Ranker,single_source_editorial,true,
musician-bernadette-peters,vocalist,424,editorial,Ranker,single_source_editorial,true,
musician-vince-gill,vocalist,425,editorial,Ranker,single_source_editorial,true,
musician-gene-pitney,vocalist,426,editorial,Ranker,single_source_editorial,true,
musician-ginger-rogers,vocalist,427,editorial,Ranker,single_source_editorial,true,
musician-ringo-starr,vocalist,428,editorial,Ranker,single_source_editorial,true,
musician-donovan,vocalist,429,editorial,Ranker,single_source_editorial,true,
musician-keith-urban,vocalist,430,editorial,Ranker,single_source_editorial,true,
musician-tori-amos,vocalist,431,editorial,Ranker,single_source_editorial,true,
musician-beverly-sills,vocalist,432,editorial,Ranker,single_source_editorial,true,
musician-iu,vocalist,433,editorial,Rolling Stone,single_source_editorial,true,
musician-charles-aznavour,vocalist,434,editorial,Ranker,single_source_editorial,true,
musician-brian-may,vocalist,435,editorial,Ranker,single_source_editorial,true,
musician-rita-coolidge,vocalist,436,editorial,Ranker,single_source_editorial,true,
musician-sammy-hagar,vocalist,437,editorial,Ranker,single_source_editorial,true,
musician-natalie-merchant,vocalist,438,editorial,Ranker,single_source_editorial,true,
musician-el-debarge,vocalist,439,editorial,Rolling Stone,single_source_editorial,true,
musician-lorde,vocalist,440,editorial,Ranker,single_source_editorial,true,
musician-dido,vocalist,441,editorial,Ranker,single_source_editorial,true,
musician-ol-dirty-bastard,vocalist,442,editorial,Consequence,single_source_editorial,true,
musician-diana-damrau,vocalist,443,editorial,Ranker,single_source_editorial,true,
musician-pete-seeger,vocalist,444,editorial,Ranker,single_source_editorial,true,
musician-julie-london,vocalist,445,editorial,Ranker,single_source_editorial,true,
musician-rocio-durcal,vocalist,446,editorial,Rolling Stone,single_source_editorial,true,
musician-paul-robeson,vocalist,447,editorial,Ranker,single_source_editorial,true,
musician-warren-zevon,vocalist,448,editorial,Ranker,single_source_editorial,true,
musician-chris-daughtry,vocalist,449,editorial,Ranker,single_source_editorial,true,
musician-scott-walker,vocalist,450,editorial,Ranker,single_source_editorial,true,
musician-sara-bareilles,vocalist,451,editorial,Ranker,single_source_editorial,true,
musician-robbie-williams,vocalist,452,editorial,Ranker,single_source_editorial,true,
musician-maynard-james-keenan,vocalist,453,editorial,Consequence,single_source_editorial,true,
musician-russell-thompkins-jr,vocalist,454,editorial,Rolling Stone,single_source_editorial,true,
musician-judy-collins,vocalist,455,editorial,Ranker,single_source_editorial,true,
musician-joss-stone,vocalist,456,editorial,Ranker,single_source_editorial,true,
musician-jimmy-buffett,vocalist,457,editorial,Ranker,single_source_editorial,true,
musician-luciano,vocalist,458,editorial,Rolling Stone,single_source_editorial,true,
musician-ray-davies,vocalist,459,editorial,Ranker,single_source_editorial,true,
musician-anni-frid-lyngstad,vocalist,460,editorial,Ranker,single_source_editorial,true,
musician-shirley-manson,vocalist,461,editorial,Ranker,single_source_editorial,true,
musician-harry-styles,vocalist,462,editorial,Ranker,single_source_editorial,true,
musician-charlotte-church,vocalist,463,editorial,Ranker,single_source_editorial,true,
musician-dave-matthews,vocalist,464,editorial,Ranker,single_source_editorial,true,
musician-ruth-brown,vocalist,465,editorial,Rolling Stone,single_source_editorial,true,
musician-the-highwaymen,vocalist,466,editorial,Ranker,single_source_editorial,true,
musician-yves-montand,vocalist,467,editorial,Ranker,single_source_editorial,true,
musician-jim-reeves,vocalist,468,editorial,Ranker,single_source_editorial,true,
musician-jonas-kaufmann,vocalist,469,editorial,Ranker,single_source_editorial,true,
musician-graham-nash,vocalist,470,editorial,Ranker,single_source_editorial,true,
musician-paula-abdul,vocalist,471,editorial,Ranker,single_source_editorial,true,
musician-brandon-flowers,vocalist,472,editorial,Ranker,single_source_editorial,true,
musician-b-j-thomas,vocalist,473,editorial,Ranker,single_source_editorial,true,
musician-wanda-jackson,vocalist,474,editorial,Rolling Stone,single_source_editorial,true,
musician-ian-curtis,vocalist,475,editorial,Ranker,single_source_editorial,true,
musician-nick-cave,vocalist,476,editorial,Ranker,single_source_editorial,true,
musician-rob-thomas,vocalist,477,editorial,Ranker,single_source_editorial,true,
musician-marie-fredriksson,vocalist,478,editorial,Ranker,single_source_editorial,true,
musician-tim-buckley,vocalist,479,editorial,Ranker,single_source_editorial,true,
musician-martha-reeves,vocalist,480,editorial,Rolling Stone,single_source_editorial,true,
musician-mel-torme,vocalist,481,editorial,Ranker,single_source_editorial,true,
musician-ricky-nelson,vocalist,482,editorial,Ranker,single_source_editorial,true,
musician-paul-weller,vocalist,483,editorial,Ranker,single_source_editorial,true,
musician-peabo-bryson,vocalist,484,editorial,Ranker,single_source_editorial,true,
musician-mahlathini,vocalist,485,editorial,Rolling Stone,single_source_editorial,true,
musician-bret-michaels,vocalist,486,editorial,Ranker,single_source_editorial,true,
musician-dion,vocalist,487,editorial,Rolling Stone,single_source_editorial,true,
musician-eva-cassidy,vocalist,488,editorial,Ranker,single_source_editorial,true,
musician-patti-page,vocalist,489,editorial,Ranker,single_source_editorial,true,
musician-corin-tucker,vocalist,490,editorial,Rolling Stone,single_source_editorial,true,
musician-brad-delp,vocalist,491,editorial,Ranker,single_source_editorial,true,
musician-astrud-gilberto,vocalist,492,editorial,Ranker,single_source_editorial,true,
musician-edie-brickell,vocalist,493,editorial,Ranker,single_source_editorial,true,
musician-judee-sill,vocalist,494,editorial,Consequence,single_source_editorial,true,
musician-britney-spears,vocalist,495,editorial,Ranker,single_source_editorial,true,
musician-arlo-guthrie,vocalist,496,editorial,Ranker,single_source_editorial,true,
musician-mississippi-john-hurt,vocalist,497,editorial,Rolling Stone,single_source_editorial,true,
musician-suzanne-vega,vocalist,498,editorial,Ranker,single_source_editorial,true,
musician-morten-harket,vocalist,499,editorial,Ranker,single_source_editorial,true,
musician-weird-al-yankovic,vocalist,500,editorial,Ranker,single_source_editorial,true,
musician-mercedes-sosa,vocalist,501,editorial,Rolling Stone,single_source_editorial,true,
musician-joe-jackson,vocalist,502,editorial,Ranker,single_source_editorial,true,
musician-lulu,vocalist,503,editorial,Ranker,single_source_editorial,true,
musician-macy-gray,vocalist,504,editorial,Ranker,single_source_editorial,true,
musician-natalie-maines,vocalist,505,editorial,Ranker,single_source_editorial,true,
musician-syd-barrett,vocalist,506,editorial,Ranker,single_source_editorial,true,
musician-jerry-garcia,vocalist,507,editorial,Ranker,single_source_editorial,true,
musician-john-lee-hooker,vocalist,508,editorial,Ranker,single_source_editorial,true,
musician-bobby-8220-blue-8221-bland,vocalist,509,editorial,Rolling Stone,single_source_editorial,true,
musician-geddy-lee,vocalist,510,editorial,Ranker,single_source_editorial,true,
musician-alannah-myles,vocalist,511,editorial,Ranker,single_source_editorial,true,
musician-gary-moore,vocalist,512,editorial,Ranker,single_source_editorial,true,
musician-donald-fagen,vocalist,513,editorial,Ranker,single_source_editorial,true,
musician-siouxsie-sioux,vocalist,514,editorial,Ranker,single_source_editorial,true,
musician-buddy-guy,vocalist,515,editorial,Ranker,single_source_editorial,true,
musician-al-martino,vocalist,516,editorial,Ranker,single_source_editorial,true,
musician-sebastian-bach,vocalist,517,editorial,Ranker,single_source_editorial,true,
musician-marc-anthony,vocalist,518,editorial,Rolling Stone,single_source_editorial,true,
musician-samuel-ramey,vocalist,519,editorial,Ranker,single_source_editorial,true,
musician-albert-king,vocalist,520,editorial,Ranker,single_source_editorial,true,
musician-jason-mraz,vocalist,521,editorial,Ranker,single_source_editorial,true,
musician-sylvester,vocalist,522,editorial,Rolling Stone,single_source_editorial,true,
musician-diana-krall,vocalist,523,editorial,Ranker,single_source_editorial,true,
musician-leon-russell,vocalist,524,editorial,Ranker,single_source_editorial,true,
musician-david-coverdale,vocalist,525,editorial,Ranker,single_source_editorial,true,
musician-bobby-mcferrin,vocalist,526,editorial,Ranker,single_source_editorial,true,
musician-dave-gahan,vocalist,527,editorial,Ranker,single_source_editorial,true,
musician-sonny-boy-williamson-ii,vocalist,528,editorial,Ranker,single_source_editorial,true,
musician-odetta,vocalist,529,editorial,Rolling Stone,single_source_editorial,true,
musician-geoff-tate,vocalist,530,editorial,Ranker,single_source_editorial,true,
musician-burton-cummings,vocalist,531,editorial,Ranker,single_source_editorial,true,
musician-juan-gabriel,vocalist,532,editorial,Rolling Stone,single_source_editorial,true,
musician-country-joe-mcdonald,vocalist,533,editorial,Ranker,single_source_editorial,true,
musician-greg-lake,vocalist,534,editorial,Ranker,single_source_editorial,true,
musician-joan-osborne,vocalist,535,editorial,Ranker,single_source_editorial,true,
musician-paul-stanley,vocalist,536,editorial,Ranker,single_source_editorial,true,
musician-joan-sutherland,vocalist,537,editorial,Ranker,single_source_editorial,true,
musician-loreena-mckennitt,vocalist,538,editorial,Ranker,single_source_editorial,true,
musician-jennifer-lopez,vocalist,539,editorial,Ranker,single_source_editorial,true,
musician-kacey-musgraves,vocalist,540,editorial,Ranker,single_source_editorial,true,
musician-richie-havens,vocalist,541,editorial,Ranker,single_source_editorial,true,
musician-ian-anderson,vocalist,542,editorial,Ranker,single_source_editorial,true,
musician-boz-scaggs,vocalist,543,editorial,Ranker,single_source_editorial,true,
musician-patty-loveless,vocalist,544,editorial,Rolling Stone,single_source_editorial,true,
musician-hayley-williams,vocalist,545,editorial,Ranker,single_source_editorial,true,
musician-tupac-shakur,vocalist,546,editorial,Ranker,single_source_editorial,true,
musician-nick-drake,vocalist,547,editorial,Ranker,single_source_editorial,true,
musician-tabu-ley-rochereau,vocalist,548,editorial,Rolling Stone,single_source_editorial,true,
musician-jerry-lewis,vocalist,549,editorial,Ranker,single_source_editorial,true,
musician-jerry-vale,vocalist,550,editorial,Ranker,single_source_editorial,true,
musician-roger-taylor,vocalist,551,editorial,Ranker,single_source_editorial,true,
musician-martha-wash,vocalist,552,editorial,Rolling Stone,single_source_editorial,true,
musician-big-joe-turner,vocalist,553,editorial,Ranker,single_source_editorial,true,
musician-joe-williams,vocalist,554,editorial,Ranker,single_source_editorial,true,
musician-paula-cole,vocalist,555,editorial,Ranker,single_source_editorial,true,
musician-sza,vocalist,556,editorial,Rolling Stone,single_source_editorial,true,
musician-paolo-nutini,vocalist,557,editorial,Ranker,single_source_editorial,true,
musician-corinne-bailey-rae,vocalist,558,editorial,Ranker,single_source_editorial,true,
musician-klaus-meine,vocalist,559,editorial,Ranker,single_source_editorial,true,
musician-ian-gillan,vocalist,560,editorial,Ranker,single_source_editorial,true,
musician-jessica-simpson,vocalist,561,editorial,Ranker,single_source_editorial,true,
musician-anita-o-day,vocalist,562,editorial,Ranker,single_source_editorial,true,
musician-miley-cyrus,vocalist,563,editorial,Ranker,single_source_editorial,true,
musician-franco-corelli,vocalist,564,editorial,Ranker,single_source_editorial,true,
musician-lzzy-hale,vocalist,565,editorial,Consequence,single_source_editorial,true,
musician-dorothy-dandridge,vocalist,566,editorial,Ranker,single_source_editorial,true,
musician-karen-o,vocalist,567,editorial,Rolling Stone,single_source_editorial,true,
musician-jacques-brel,vocalist,568,editorial,Ranker,single_source_editorial,true,
musician-jon-anderson,vocalist,569,editorial,Ranker,single_source_editorial,true,
musician-jussi-bjorling,vocalist,570,editorial,Ranker,single_source_editorial,true,
musician-mikael-akerfeldt,vocalist,571,editorial,Consequence,single_source_editorial,true,
musician-ofra-haza,vocalist,572,editorial,Rolling Stone,single_source_editorial,true,
musician-rosanne-cash,vocalist,573,editorial,Ranker,single_source_editorial,true,
musician-brandi-carlile,vocalist,574,editorial,Ranker,single_source_editorial,true,
musician-r-kelly,vocalist,575,editorial,Ranker,single_source_editorial,true,
musician-sherrill-milnes,vocalist,576,editorial,Ranker,single_source_editorial,true,
musician-nico,vocalist,577,editorial,Ranker,single_source_editorial,true,
musician-notorious-big,vocalist,578,editorial,Consequence,single_source_editorial,true,
musician-zayn-malik,vocalist,579,editorial,Ranker,single_source_editorial,true,
musician-fela-kuti,vocalist,580,editorial,Rolling Stone,single_source_editorial,true,
musician-snoop-dogg,vocalist,581,editorial,Ranker,single_source_editorial,true,
musician-lightnin-hopkins,vocalist,582,editorial,Ranker,single_source_editorial,true,
musician-tarja-turunen,vocalist,583,editorial,Ranker,single_source_editorial,true,
musician-bobby-bland,vocalist,584,editorial,Ranker,single_source_editorial,true,
musician-amos-lee,vocalist,585,editorial,Ranker,single_source_editorial,true,
musician-frank-ocean,vocalist,586,editorial,Rolling Stone,single_source_editorial,true,
musician-margaret-price,vocalist,587,editorial,Ranker,single_source_editorial,true,
musician-gerard-way,vocalist,588,editorial,Ranker,single_source_editorial,true,
musician-ryan-adams,vocalist,589,editorial,Ranker,single_source_editorial,true,
musician-jung-kook,vocalist,590,editorial,Rolling Stone,single_source_editorial,true,
musician-tori-kelly,vocalist,591,editorial,Ranker,single_source_editorial,true,
musician-barbara-frittoli,vocalist,592,editorial,Ranker,single_source_editorial,true,
musician-shane-macgowan,vocalist,593,editorial,Consequence,single_source_editorial,true,
musician-cecilia-bartoli,vocalist,594,editorial,Ranker,single_source_editorial,true,
musician-anohni,vocalist,595,editorial,Rolling Stone,single_source_editorial,true,
musician-ben-harper,vocalist,596,editorial,Ranker,single_source_editorial,true,
musician-suzy-bogguss,vocalist,597,editorial,Ranker,single_source_editorial,true,
musician-gary-morris,vocalist,598,editorial,Ranker,single_source_editorial,true,
musician-peter-breinholt,vocalist,599,editorial,Ranker,single_source_editorial,true,
musician-koko-taylor,vocalist,600,editorial,Ranker,single_source_editorial,true,
musician-frances-quinlan,vocalist,601,editorial,Consequence,single_source_editorial,true,
musician-joe-tex,vocalist,602,editorial,Ranker,single_source_editorial,true,
musician-justin-bieber,vocalist,603,editorial,Ranker,single_source_editorial,true,
musician-damien-rice,vocalist,604,editorial,Ranker,single_source_editorial,true,
musician-poly-styrene,vocalist,605,editorial,Rolling Stone,single_source_editorial,true,
musician-jimmy-reed,vocalist,606,editorial,Ranker,single_source_editorial,true,
musician-jacqui-mcshee,vocalist,607,editorial,Ranker,single_source_editorial,true,
musician-serj-tankian,vocalist,608,editorial,Consequence,single_source_editorial,true,
musician-lara-fabian,vocalist,609,editorial,Ranker,single_source_editorial,true,
musician-paul-westerberg,vocalist,610,editorial,Rolling Stone,single_source_editorial,true,
musician-sara-watkins,vocalist,611,editorial,Ranker,single_source_editorial,true,
musician-liam-gallagher,vocalist,612,editorial,Ranker,single_source_editorial,true,
musician-burna-boy,vocalist,613,editorial,Rolling Stone,single_source_editorial,true,
musician-joey-ramone,vocalist,614,editorial,Ranker,single_source_editorial,true,
musician-molly-o-day,vocalist,615,editorial,Ranker,single_source_editorial,true,
musician-feist,vocalist,616,editorial,Ranker,single_source_editorial,true,
musician-jackie-evancho,vocalist,617,editorial,Ranker,single_source_editorial,true,
musician-tom-chaplin,vocalist,618,editorial,Ranker,single_source_editorial,true,
musician-gretchen-wilson,vocalist,619,editorial,Ranker,single_source_editorial,true,
musician-glenn-danzig,vocalist,620,editorial,Rolling Stone,single_source_editorial,true,
musician-allan-jones,vocalist,621,editorial,Ranker,single_source_editorial,true,
musician-joe-dassin,vocalist,622,editorial,Ranker,single_source_editorial,true,
musician-mireille-mathieu,vocalist,623,editorial,Ranker,single_source_editorial,true,
musician-rosalia,vocalist,624,editorial,Rolling Stone,single_source_editorial,true,
