id,name,sort_name,musicbrainz_id,wikidata_id,apple_music_artist_id,image_status,active,notes
musician-prince,Prince,Prince,,,155814,pending,true,
musician-jimi-hendrix,Jimi Hendrix,Jimi Hendrix,,,62852,pending,true,
musician-chuck-berry,Chuck Berry,Chuck Berry,,,343170,pending,true,
musician-bb-king,B.B. King,B.B. King,,,75207,pending,true,
musician-jimmy-page,Jimmy Page,Jimmy Page,,,113883,pending,true,
musician-frank-zappa,Frank Zappa,Frank Zappa,,,458712,pending,true,
musician-jeff-beck,Jeff Beck,Jeff Beck,,,476310,pending,true,
musician-thurston-moore,Thurston Moore,Thurston Moore,,,,pending,true,
musician-kurt-cobain,Kurt Cobain,Kurt Cobain,,,526647,pending,true,
musician-duane-allman,Duane Allman,Duane Allman,,,,pending,true,
musician-eric-clapton,Eric Clapton,Eric Clapton,,,123853,pending,true,
musician-tony-iommi,Tony Iommi,Tony Iommi,,,462585,pending,true,
musician-lee-ranaldo,Lee Ranaldo,Lee Ranaldo,,,18901092,pending,true,
musician-eddie-van-halen,Eddie Van Halen,Eddie Van Halen,,,3249922,pending,true,
musician-george-harrison,George Harrison,George Harrison,,,255233,pending,true,
musician-johnny-ramone,Johnny Ramone,Johnny Ramone,,,,pending,true,
musician-brian-may,Brian May,Brian May,,,806931,pending,true,
musician-kevin-shields,Kevin Shields,Kevin Shields,,,,pending,true,
musician-j-mascis,J Mascis,J Mascis,,,509314,pending,true,
musician-wes-montgomery,Wes Montgomery,Wes Montgomery,,,119646,pending,true,
musician-keith-richards,Keith Richards,Keith Richards,,,241666,pending,true,
musician-stevie-ray-vaughan,Stevie Ray Vaughan,Stevie Ray Vaughan,,,484957,pending,true,
musician-eddie-hazel,Eddie Hazel,Eddie Hazel,,,27596701,pending,true,
musician-jack-white,Jack White,Jack White,,,826980,pending,true,
musician-jonny-greenwood,Jonny Greenwood,Jonny Greenwood,,,5787786,pending,true,
musician-tom-morello,Tom Morello,Tom Morello,,,466357,pending,true,
musician-johnny-marr,Johnny Marr,Johnny Marr,,,2969059,pending,true,
musician-neil-young,Neil Young,Neil Young,,,147370,pending,true,
musician-carlos-santana,Carlos Santana,Carlos Santana,,,,pending,true,
musician-robert-johnson,Robert Johnson,Robert Johnson,,,314626,pending,true,
musician-buddy-guy,Buddy Guy,Buddy Guy,,,97577,pending,true,
musician-pete-townshend,Pete Townshend,Pete Townshend,,,320553,pending,true,
musician-joni-mitchell,Joni Mitchell,Joni Mitchell,,,203373,pending,true,
musician-slash,Slash,Slash,,,115556,pending,true,
musician-sister-rosetta-tharpe,Sister Rosetta Tharpe,Sister Rosetta Tharpe,,,83567,pending,true,
musician-scotty-moore,Scotty Moore,Scotty Moore,,,,pending,true,
musician-freddie-king,Freddie King,Freddie King,,,549060,pending,true,
musician-randy-rhoads,Randy Rhoads,Randy Rhoads,,,1395219,pending,true,
musician-albert-king,Albert King,Albert King,,,1485217,pending,true,
musician-james-hetfield,James Hetfield,James Hetfield,,,,pending,true,
musician-john-fahey,John Fahey,John Fahey,,,10690,pending,true,
musician-steve-howe,Steve Howe,Steve Howe,,,,pending,true,
musician-john-frusciante,John Frusciante,John Frusciante,,,876741,pending,true,
musician-robert-fripp,Robert Fripp,Robert Fripp,,,613849,pending,true,
musician-john-mclaughlin,John McLaughlin,John McLaughlin,,,83013,pending,true,
musician-richard-thompson,Richard Thompson,Richard Thompson,,,264023,pending,true,
musician-the-edge,The Edge,The Edge,,,,pending,true,
musician-les-paul,Les Paul,Les Paul,,,25627,pending,true,
musician-jimmy-nolen,Jimmy Nolen,Jimmy Nolen,,,,pending,true,
musician-tom-verlaine,Tom Verlaine,Tom Verlaine,,,470243,pending,true,
musician-steve-cropper,Steve Cropper,Steve Cropper,,,,pending,true,
musician-malcolm-young,Malcolm Young,Malcolm Young,,,,pending,true,
musician-david-gilmour,David Gilmour,David Gilmour,,,638538,pending,true,
musician-chet-atkins,Chet Atkins,Chet Atkins,,,212083,pending,true,
musician-django-reinhardt,Django Reinhardt,Django Reinhardt,,,104576,pending,true,
musician-nile-rodgers,Nile Rodgers,Nile Rodgers,,,722791,pending,true,
musician-pj-harvey,PJ Harvey,PJ Harvey,,,252623,pending,true,
musician-alex-lifeson,Alex Lifeson,Alex Lifeson,,,,pending,true,
musician-dimebag-darrell,Dimebag Darrell,Dimebag Darrell,,,258375163,pending,true,
musician-charlie-christian,Charlie Christian,Charlie Christian,,,520915,pending,true,
musician-lou-reed,Lou Reed,Lou Reed,,,167203,pending,true,
musician-kerry-king,Kerry King,Kerry King,,,28181124,pending,true,
musician-angus-young,Angus Young,Angus Young,,,,pending,true,
musician-sonny-sharrock,Sonny Sharrock,Sonny Sharrock,,,,pending,true,
musician-bert-jansch,Bert Jansch,Bert Jansch,,,2416047,pending,true,
musician-rory-gallagher,Rory Gallagher,Rory Gallagher,,,2415529,pending,true,
musician-mark-knopfler,Mark Knopfler,Mark Knopfler,,,156766,pending,true,
musician-ritchie-blackmore,Ritchie Blackmore,Ritchie Blackmore,,,5347908,pending,true,
musician-elizabeth-cotten,Elizabeth Cotten,Elizabeth Cotten,,,28570389,pending,true,
musician-bob-mould,Bob Mould,Bob Mould,,,524371,pending,true,
musician-link-wray,Link Wray,Link Wray,,,5325084,pending,true,
musician-carrie-brownstein,Carrie Brownstein,Carrie Brownstein,,,,pending,true,
musician-adrian-smith,Adrian Smith,Adrian Smith,,,,pending,true,
musician-muddy-waters,Muddy Waters,Muddy Waters,,,26643,pending,true,
musician-larry-carlton,Larry Carlton,Larry Carlton,,,29989,pending,true,
musician-ron-asheton,Ron Asheton,Ron Asheton,,,,pending,true,
musician-stephen-malkmus,Stephen Malkmus,Stephen Malkmus,,,1495118589,pending,true,
musician-robert-quine,Robert Quine,Robert Quine,,,,pending,true,
musician-ali-farka-toure,Ali Farka Touré,Ali Farka Touré,,,7420807,pending,true,
musician-james-burton,James Burton,James Burton,,,,pending,true,
musician-peter-green,Peter Green,Peter Green,,,907298,pending,true,
musician-adrian-belew,Adrian Belew,Adrian Belew,,,1296143,pending,true,
musician-billy-gibbons,Billy Gibbons,Billy Gibbons,,,,pending,true,
musician-dick-dale,Dick Dale,Dick Dale,,,1366148,pending,true,
musician-ry-cooder,Ry Cooder,Ry Cooder,,,191009,pending,true,
musician-joe-satriani,Joe Satriani,Joe Satriani,,,466941,pending,true,
musician-d-boon,D. Boon,D. Boon,,,,pending,true,
musician-lindsey-buckingham,Lindsey Buckingham,Lindsey Buckingham,,,201419,pending,true,
musician-nels-cline,Nels Cline,Nels Cline,,,,pending,true,
musician-king-sunny-ade,King Sunny Ade,King Sunny Ade,,,77539,pending,true,
musician-greg-ginn,Greg Ginn,Greg Ginn,,,,pending,true,
musician-joe-walsh,Joe Walsh,Joe Walsh,,,34507,pending,true,
musician-vernon-reid,Vernon Reid,Vernon Reid,,,,pending,true,
musician-steve-vai,Steve Vai,Steve Vai,,,465118,pending,true,
musician-kirk-hammett,Kirk Hammett,Kirk Hammett,,,48917375,pending,true,
musician-albert-collins,Albert Collins,Albert Collins,,,59339,pending,true,
musician-nita-strauss,Nita Strauss,Nita Strauss,,,,pending,true,
musician-st-vincent,St. Vincent,St. Vincent,,,198271209,pending,true,
musician-clarence-white,Clarence White,Clarence White,,,,pending,true,
musician-mick-ronson,Mick Ronson,Mick Ronson,,,,pending,true,
musician-joe-perry,Joe Perry,Joe Perry,,,,pending,true,
musician-rowland-s-howard,Rowland S. Howard,Rowland S. Howard,,,78429990,pending,true,
musician-johnny-thunders,Johnny Thunders,Johnny Thunders,,,3184311,pending,true,
musician-justin-broadrick,Justin Broadrick,Justin Broadrick,,,,pending,true,
musician-leo-nocentelli,Leo Nocentelli,Leo Nocentelli,,,,pending,true,
musician-kim-thayil,Kim Thayil,Kim Thayil,,,,pending,true,
musician-john-fogerty,John Fogerty,John Fogerty,,,147445,pending,true,
musician-glenn-branca,Glenn Branca,Glenn Branca,,,5676019,pending,true,
musician-pat-metheny,Pat Metheny,Pat Metheny,,,113526,pending,true,
musician-roger-mcguinn,Roger McGuinn,Roger McGuinn,,,,pending,true,
musician-kelley-deal,Kelley Deal,Kelley Deal,,,,pending,true,
musician-kim-deal,Kim Deal,Kim Deal,,,6823645,pending,true,
musician-marc-ribot,Marc Ribot,Marc Ribot,,,885012,pending,true,
musician-derek-trucks,Derek Trucks,Derek Trucks,,,158040680,pending,true,
musician-yvette-young,Yvette Young,Yvette Young,,,1084458719,pending,true,
musician-james-blood-ulmer,James Blood Ulmer,James Blood Ulmer,,,,pending,true,
musician-billy-corgan,Billy Corgan,Billy Corgan,,,2354078,pending,true,
musician-tim-henson,Tim Henson,Tim Henson,,,667907599,pending,true,
musician-johnny-winter,Johnny Winter,Johnny Winter,,,474961,pending,true,
musician-warren-haynes,Warren Haynes,Warren Haynes,,,549279,pending,true,
musician-stone-gossard,Stone Gossard,Stone Gossard,,,,pending,true,
musician-marissa-paternoster,Marissa Paternoster,Marissa Paternoster,,,,pending,true,
musician-fred-sonic-smith,Fred ‘Sonic’ Smith,Fred ‘Sonic’ Smith,,,,pending,true,
musician-wayne-kramer,Wayne Kramer,Wayne Kramer,,,,pending,true,
musician-viv-albertine,Viv Albertine,Viv Albertine,,,,pending,true,
musician-greg-sage,Greg Sage,Greg Sage,,,,pending,true,
musician-hank-marvin,Hank Marvin,Hank Marvin,,,,pending,true,
musician-nils-lofgren,Nils Lofgren,Nils Lofgren,,,361703,pending,true,
musician-jerry-cantrell,Jerry Cantrell,Jerry Cantrell,,,462225,pending,true,
musician-ira-kaplan,Ira Kaplan,Ira Kaplan,,,,pending,true,
musician-christone-kingfish-ingram,Christone ‘Kingfish’ Ingram,Christone ‘Kingfish’ Ingram,,,,pending,true,
musician-marnie-stern,Marnie Stern,Marnie Stern,,,,pending,true,
musician-eric-johnson,Eric Johnson,Eric Johnson,,,194697,pending,true,
musician-josh-homme,Josh Homme,Josh Homme,,,,pending,true,
musician-keiji-haino,Keiji Haino,Keiji Haino,,,,pending,true,
musician-steve-hackett,Steve Hackett,Steve Hackett,,,14551412,pending,true,
musician-guy-picciotto,Guy Picciotto,Guy Picciotto,,,,pending,true,
musician-ian-mackaye,Ian MacKaye,Ian MacKaye,,,,pending,true,
musician-nick-zinner,Nick Zinner,Nick Zinner,,,,pending,true,
musician-kristin-hersh,Kristin Hersh,Kristin Hersh,,,189793,pending,true,
musician-glenn-tipton,Glenn Tipton,Glenn Tipton,,,,pending,true,
musician-kk-downing,K.K. Downing,K.K. Downing,,,,pending,true,
musician-steve-jones,Steve Jones,Steve Jones,,,,pending,true,
musician-richard-lloyd,Richard Lloyd,Richard Lloyd,,,,pending,true,
musician-mother-maybelle-carter,Mother Maybelle Carter,Mother Maybelle Carter,,,,pending,true,
musician-andy-gill,Andy Gill,Andy Gill,,,,pending,true,
musician-erja-lyytinen,Erja Lyytinen,Erja Lyytinen,,,,pending,true,
musician-yngwie-malmsteen,Yngwie Malmsteen,Yngwie Malmsteen,,,41769,pending,true,
musician-jeff-hanneman,Jeff Hanneman,Jeff Hanneman,,,,pending,true,
musician-jerry-garcia,Jerry Garcia,Jerry Garcia,,,931545,pending,true,
musician-bo-diddley,Bo Diddley,Bo Diddley,,,95671,pending,true,
musician-sterling-morrison,Sterling Morrison,Sterling Morrison,,,,pending,true,
musician-ed-o-brien,Ed O’Brien,Ed O’Brien,,,,pending,true,
musician-curtis-mayfield,Curtis Mayfield,Curtis Mayfield,,,169711,pending,true,
musician-elmore-james,Elmore James,Elmore James,,,527470,pending,true,
musician-martin-carthy,Martin Carthy,Martin Carthy,,,,pending,true,
musician-john-lee-hooker,John Lee Hooker,John Lee Hooker,,,97536,pending,true,
musician-trey-anastasio,Trey Anastasio,Trey Anastasio,,,1699575,pending,true,
musician-bonnie-raitt,Bonnie Raitt,Bonnie Raitt,,,22677,pending,true,
musician-mick-taylor,Mick Taylor,Mick Taylor,,,274398,pending,true,
musician-mateus-asato,Mateus Asato,Mateus Asato,,,776091202,pending,true,
musician-robin-guthrie,Robin Guthrie,Robin Guthrie,,,62828749,pending,true,
musician-steve-albini,Steve Albini,Steve Albini,,,,pending,true,
musician-john-mayer,John Mayer,John Mayer,,,472054,pending,true,
musician-allan-holdsworth,Allan Holdsworth,Allan Holdsworth,,,31278220,pending,true,
musician-robert-white,Robert White,Robert White,,,,pending,true,
musician-t-bone-walker,T-Bone Walker,T-Bone Walker,,,533197,pending,true,
musician-albert-lee,Albert Lee,Albert Lee,,,479273,pending,true,
musician-robbie-robertson,Robbie Robertson,Robbie Robertson,,,657429,pending,true,
musician-franco-luambo,Franco Luambo,Franco Luambo,,,,pending,true,
musician-hubert-sumlin,Hubert Sumlin,Hubert Sumlin,,,,pending,true,
musician-king-buzzo,King Buzzo,King Buzzo,,,,pending,true,
musician-joan-jett,Joan Jett,Joan Jett,,,322837493,pending,true,
musician-derek-bailey,Derek Bailey,Derek Bailey,,,,pending,true,
musician-willie-nelson,Willie Nelson,Willie Nelson,,,71676,pending,true,
musician-junior-marvin,Junior Marvin,Junior Marvin,,,,pending,true,
musician-ernie-isley,Ernie Isley,Ernie Isley,,,,pending,true,
musician-glen-campbell,Glen Campbell,Glen Campbell,,,70412,pending,true,
musician-dave-murray,Dave Murray,Dave Murray,,,,pending,true,
musician-paul-gilbert,Paul Gilbert,Paul Gilbert,,,81137947,pending,true,
musician-plini,Plini,Plini,,,623283379,pending,true,
musician-george-benson,George Benson,George Benson,,,1523080,pending,true,
musician-dr-know,Dr. Know,Dr. Know,,,,pending,true,
musician-poison-ivy,Poison Ivy,Poison Ivy,,,,pending,true,
musician-mdou-moctar,Mdou Moctar,Mdou Moctar,,,552742374,pending,true,
musician-cat-coore,Cat Coore,Cat Coore,,,,pending,true,
musician-wata,Wata,Wata,,,,pending,true,
musician-mary-timony,Mary Timony,Mary Timony,,,,pending,true,
musician-tosin-abasi,Tosin Abasi,Tosin Abasi,,,,pending,true,
musician-nancy-wilson,Nancy Wilson,Nancy Wilson,,,,pending,true,
musician-peter-buck,Peter Buck,Peter Buck,,,,pending,true,
musician-merle-travis,Merle Travis,Merle Travis,,,178345,pending,true,
musician-kelly-johnson,Kelly Johnson,Kelly Johnson,,,,pending,true,
musician-joe-bonamassa,Joe Bonamassa,Joe Bonamassa,,,878402,pending,true,
musician-john-petrucci,John Petrucci,John Petrucci,,,6910560,pending,true,
musician-mark-tremonti,Mark Tremonti,Mark Tremonti,,,92320072,pending,true,
musician-rhys-chatham,Rhys Chatham,Rhys Chatham,,,,pending,true,
musician-allen-collins,Allen Collins,Allen Collins,,,,pending,true,
musician-gary-rossington,Gary Rossington,Gary Rossington,,,,pending,true,
musician-ana-da-silva,Ana da Silva,Ana da Silva,,,,pending,true,
musician-donita-sparks,Donita Sparks,Donita Sparks,,,,pending,true,
musician-zoot-horn-rollo,Zoot Horn Rollo,Zoot Horn Rollo,,,,pending,true,
musician-mike-mccready,Mike McCready,Mike McCready,,,,pending,true,
musician-matt-bellamy,Matt Bellamy,Matt Bellamy,,,,pending,true,
musician-mick-jones,Mick Jones,Mick Jones,,,,pending,true,
musician-robbie-basho,Robbie Basho,Robbie Basho,,,2794695,pending,true,
musician-bob-stinson,Bob Stinson,Bob Stinson,,,,pending,true,
musician-big-jim-sullivan,Big Jim Sullivan,Big Jim Sullivan,,,,pending,true,
musician-robert-cray,Robert Cray,Robert Cray,,,38265,pending,true,
musician-euronymous,Euronymous,Euronymous,,,,pending,true,
musician-gary-moore,Gary Moore,Gary Moore,,,519368,pending,true,
musician-fred-frith,Fred Frith,Fred Frith,,,5618340,pending,true,
musician-liz-phair,Liz Phair,Liz Phair,,,22707,pending,true,
musician-teenie-hodges,Teenie Hodges,Teenie Hodges,,,,pending,true,
musician-susan-tedeschi,Susan Tedeschi,Susan Tedeschi,,,217132,pending,true,
musician-buckethead,Buckethead,Buckethead,,,81938625,pending,true,
musician-dave-mustaine,Dave Mustaine,Dave Mustaine,,,,pending,true,
musician-scott-lepage,Scott LePage,Scott LePage,,,,pending,true,
musician-stephen-stills,Stephen Stills,Stephen Stills,,,199959,pending,true,
musician-fredrik-thordendal,Fredrik Thordendal,Fredrik Thordendal,,,,pending,true,
musician-doug-martsch,Doug Martsch,Doug Martsch,,,193378,pending,true,
musician-joao-gilberto,João Gilberto,João Gilberto,,,43976,pending,true,
musician-graham-coxon,Graham Coxon,Graham Coxon,,,14628207,pending,true,
musician-odetta,Odetta,Odetta,,,219829,pending,true,
musician-syd-barrett,Syd Barrett,Syd Barrett,,,488401,pending,true,
musician-dickey-betts,Dickey Betts,Dickey Betts,,,469818,pending,true,
musician-mike-bloomfield,Mike Bloomfield,Mike Bloomfield,,,897260,pending,true,
musician-curt-kirkwood,Curt Kirkwood,Curt Kirkwood,,,,pending,true,
musician-memphis-minnie,Memphis Minnie,Memphis Minnie,,,544717,pending,true,
musician-ike-turner,Ike Turner,Ike Turner,,,642502,pending,true,
musician-chuck-schuldiner,Chuck Schuldiner,Chuck Schuldiner,,,,pending,true,
musician-pete-cosey,Pete Cosey,Pete Cosey,,,,pending,true,
musician-shuggie-otis,Shuggie Otis,Shuggie Otis,,,485257,pending,true,
musician-ani-difranco,Ani DiFranco,Ani DiFranco,,,3627568,pending,true,
musician-otis-rush,Otis Rush,Otis Rush,,,95693,pending,true,
musician-bill-frisell,Bill Frisell,Bill Frisell,,,160518,pending,true,
musician-tony-maiden,Tony Maiden,Tony Maiden,,,,pending,true,
musician-carl-perkins,Carl Perkins,Carl Perkins,,,251646,pending,true,
musician-john-lennon,John Lennon,John Lennon,,,4416594,pending,true,
musician-wino,Wino,Wino,,,,pending,true,
musician-rosinha-de-valenca,Rosinha de Valença,Rosinha de Valença,,,,pending,true,
musician-wah-wah-watson,Wah Wah Watson,Wah Wah Watson,,,,pending,true,
musician-dave-davies,Dave Davies,Dave Davies,,,,pending,true,
musician-mick-harvey,Mick Harvey,Mick Harvey,,,,pending,true,
musician-rokia-traore,Rokia Traoré,Rokia Traoré,,,210291762,pending,true,
musician-rick-nielsen,Rick Nielsen,Rick Nielsen,,,,pending,true,
musician-guthrie-govan,Guthrie Govan,Guthrie Govan,,,23224851,pending,true,
musician-james-williamson,James Williamson,James Williamson,,,,pending,true,
musician-jason-richardson,Jason Richardson,Jason Richardson,,,5623877,pending,true,
musician-zakk-wylde,Zakk Wylde,Zakk Wylde,,,476269,pending,true,
musician-john-cipollina,John Cipollina,John Cipollina,,,,pending,true,
musician-jessie-mae-hemphill,Jessie Mae Hemphill,Jessie Mae Hemphill,,,,pending,true,
musician-ben-weinman,Ben Weinman,Ben Weinman,,,,pending,true,
musician-phil-manzanera,Phil Manzanera,Phil Manzanera,,,,pending,true,
musician-chrissie-hynde,Chrissie Hynde,Chrissie Hynde,,,2673957,pending,true,
musician-eugene-chadbourne,Eugene Chadbourne,Eugene Chadbourne,,,,pending,true,
musician-paul-mccartney,Paul McCartney,Paul McCartney,,,12224,pending,true,
musician-marty-stuart,Marty Stuart,Marty Stuart,,,27422,pending,true,
musician-jerry-harrison,Jerry Harrison,Jerry Harrison,,,,pending,true,
musician-sadie-dupuis,Sadie Dupuis,Sadie Dupuis,,,,pending,true,
musician-gabriela-quintero,Gabriela Quintero,Gabriela Quintero,,,,pending,true,
musician-rodrigo-sanchez,Rodrigo Sánchez,Rodrigo Sánchez,,,,pending,true,
musician-skip-james,Skip James,Skip James,,,2865498,pending,true,
musician-ernest-ranglin,Ernest Ranglin,Ernest Ranglin,,,,pending,true,
musician-arto-lindsay,Arto Lindsay,Arto Lindsay,,,,pending,true,
musician-mike-campbell,Mike Campbell,Mike Campbell,,,,pending,true,
musician-larissa-strickland,Larissa Strickland,Larissa Strickland,,,,pending,true,
musician-earl-chinna-smith,Earl ‘Chinna’ Smith,Earl ‘Chinna’ Smith,,,,pending,true,
musician-mick-barr,Mick Barr,Mick Barr,,,,pending,true,
musician-roy-buchanan,Roy Buchanan,Roy Buchanan,,,81505,pending,true,
musician-eldon-shamblin,Eldon Shamblin,Eldon Shamblin,,,,pending,true,
musician-lenny-kaye,Lenny Kaye,Lenny Kaye,,,,pending,true,
musician-peggy-jones,Peggy Jones,Peggy Jones,,,,pending,true,
musician-steve-lukather,Steve Lukather,Steve Lukather,,,,pending,true,
musician-bernard-sumner,Bernard Sumner,Bernard Sumner,,,,pending,true,
musician-lightnin-hopkins,Lightnin’ Hopkins,Lightnin’ Hopkins,,,,pending,true,
musician-chalmers-edward-spanky-alford,Chalmers Edward ‘Spanky’ Alford,Chalmers Edward ‘Spanky’ Alford,,,,pending,true,
musician-lita-ford,Lita Ford,Lita Ford,,,31253,pending,true,
musician-david-lindley,David Lindley,David Lindley,,,2817543,pending,true,
musician-brian-robertson,Brian Robertson,Brian Robertson,,,,pending,true,
musician-scott-gorham,Scott Gorham,Scott Gorham,,,,pending,true,
musician-james-taylor,James Taylor,James Taylor,,,207815,pending,true,
musician-nuno-bettencourt,Nuno Bettencourt,Nuno Bettencourt,,,807093,pending,true,
musician-duane-denison,Duane Denison,Duane Denison,,,,pending,true,
musician-jerry-reed,Jerry Reed,Jerry Reed,,,210373,pending,true,
musician-bombino,Bombino,Bombino,,,424622037,pending,true,
musician-dave-navarro,Dave Navarro,Dave Navarro,,,,pending,true,
musician-garry-diaper-man-shider,Garry ‘Diaper Man’ Shider,Garry ‘Diaper Man’ Shider,,,,pending,true,
musician-vince-gill,Vince Gill,Vince Gill,,,27175,pending,true,
musician-grant-green,Grant Green,Grant Green,,,44688,pending,true,
musician-lynn-taitt,Lynn Taitt,Lynn Taitt,,,,pending,true,
musician-hugh-mccracken,Hugh McCracken,Hugh McCracken,,,,pending,true,
musician-amadou-bagayoko,Amadou Bagayoko,Amadou Bagayoko,,,,pending,true,
musician-gary-clark-jr,Gary Clark Jr.,Gary Clark Jr.,,,266463936,pending,true,
musician-lydia-lunch,Lydia Lunch,Lydia Lunch,,,3200041,pending,true,
musician-kaki-king,Kaki King,Kaki King,,,3567209,pending,true,
musician-jose-feliciano,José Feliciano,José Feliciano,,,249044,pending,true,
musician-lucy-dacus,Lucy Dacus,Lucy Dacus,,,1060812309,pending,true,
musician-kurt-vile,Kurt Vile,Kurt Vile,,,274234314,pending,true,
musician-thomas-mcclary,Thomas McClary,Thomas McClary,,,,pending,true,
musician-lzzy-hale,Lzzy Hale,Lzzy Hale,,,845272347,pending,true,
musician-dylan-carlson,Dylan Carlson,Dylan Carlson,,,,pending,true,
musician-courtney-barnett,Courtney Barnett,Courtney Barnett,,,479276137,pending,true,
musician-molly-tuttle,Molly Tuttle,Molly Tuttle,,,864763421,pending,true,
musician-joseph-spence,Joseph Spence,Joseph Spence,,,,pending,true,
musician-marv-tarplin,Marv Tarplin,Marv Tarplin,,,,pending,true,
musician-trey-azagthoth,Trey Azagthoth,Trey Azagthoth,,,,pending,true,
musician-el-kempner,El Kempner,El Kempner,,,,pending,true,
musician-barbara-lynn,Barbara Lynn,Barbara Lynn,,,,pending,true,
musician-james-blackshaw,James Blackshaw,James Blackshaw,,,,pending,true,
musician-gustavo-cerati,Gustavo Cerati,Gustavo Cerati,,,6059320,pending,true,
musician-etta-baker,Etta Baker,Etta Baker,,,,pending,true,
musician-david-williams,David Williams,David Williams,,,,pending,true,
musician-her,H.E.R.,H.E.R.,,,123049323,pending,true,
musician-john-mcgeoch,John McGeoch,John McGeoch,,,,pending,true,
musician-ibrahim-ag-alhabib,Ibrahim Ag Alhabib,Ibrahim Ag Alhabib,,,,pending,true,
musician-laura-marling,Laura Marling,Laura Marling,,,267087057,pending,true,
musician-don-felder,Don Felder,Don Felder,,,19394437,pending,true,
musician-jennifer-batten,Jennifer Batten,Jennifer Batten,,,,pending,true,
musician-bill-steer,Bill Steer,Bill Steer,,,,pending,true,
musician-doug-gillard,Doug Gillard,Doug Gillard,,,,pending,true,
musician-duane-eddy,Duane Eddy,Duane Eddy,,,216289,pending,true,
musician-david-pajo,David Pajo,David Pajo,,,,pending,true,
musician-erin-smith,Erin Smith,Erin Smith,,,,pending,true,
musician-keith-urban,Keith Urban,Keith Urban,,,549836,pending,true,
musician-lindsey-jordan,Lindsey Jordan,Lindsey Jordan,,,,pending,true,
musician-aaron-dessner,Aaron Dessner,Aaron Dessner,,,220281498,pending,true,
musician-bryce-dessner,Bryce Dessner,Bryce Dessner,,,,pending,true,
musician-edilio-paredes,Edilio Paredes,Edilio Paredes,,,,pending,true,
musician-mark-morgan,Mark Morgan,Mark Morgan,,,,pending,true,
musician-leslie-west,Leslie West,Leslie West,,,776043,pending,true,
musician-paul-simon,Paul Simon,Paul Simon,,,152016,pending,true,
musician-ricky-wilson,Ricky Wilson,Ricky Wilson,,,,pending,true,
musician-paul-saulnier,Paul Saulnier,Paul Saulnier,,,,pending,true,
musician-robby-krieger,Robby Krieger,Robby Krieger,,,,pending,true,
musician-brittany-howard,Brittany Howard,Brittany Howard,,,418598947,pending,true,
musician-albert-hammond-jr,Albert Hammond Jr.,Albert Hammond Jr.,,,,pending,true,
musician-andy-summers,Andy Summers,Andy Summers,,,,pending,true,
musician-billie-joe-armstrong,Billie Joe Armstrong,Billie Joe Armstrong,,,1831534,pending,true,
musician-buddy-holly,Buddy Holly,Buddy Holly,,,337158,pending,true,
musician-gabor-szabo,Gabor Szabo,Gabor Szabo,,,39726,pending,true,
musician-ichika-nito,Ichika Nito,Ichika Nito,,,1480176806,pending,true,
musician-jason-becker,Jason Becker,Jason Becker,,,293061674,pending,true,
musician-michael-angelo-batio,Michael Angelo Batio,Michael Angelo Batio,,,,pending,true,
musician-nick-drake,Nick Drake,Nick Drake,,,1285818,pending,true,
musician-nick-johnston,Nick Johnston,Nick Johnston,,,318542858,pending,true,
musician-nick-valensi,Nick Valensi,Nick Valensi,,,,pending,true,
musician-peter-frampton,Peter Frampton,Peter Frampton,,,106848,pending,true,
musician-skrillex,SKRILLEX,SKRILLEX,,,356545647,pending,true,
musician-synyster-gates,Synyster Gates,Synyster Gates,,,,pending,true,
musician-aretha-franklin,Aretha Franklin,Aretha Franklin,,,98742,pending,true,
musician-whitney-houston,Whitney Houston,Whitney Houston,,,13952,pending,true,
musician-freddie-mercury,Freddie Mercury,Freddie Mercury,,,3915743,pending,true,
musician-marvin-gaye,Marvin Gaye,Marvin Gaye,,,127329,pending,true,
musician-ray-charles,Ray Charles,Ray Charles,,,160926,pending,true,
musician-mariah-carey,Mariah Carey,Mariah Carey,,,91853,pending,true,
musician-sam-cooke,Sam Cooke,Sam Cooke,,,1195231,pending,true,
musician-stevie-wonder,Stevie Wonder,Stevie Wonder,,,46726,pending,true,
musician-beyonce,Beyoncé,Beyoncé,,,1419227,pending,true,
musician-ella-fitzgerald,Ella Fitzgerald,Ella Fitzgerald,,,73568,pending,true,
musician-billie-holiday,Billie Holiday,Billie Holiday,,,37299,pending,true,
musician-adele,Adele,Adele,,,262836961,pending,true,
musician-otis-redding,Otis Redding,Otis Redding,,,189254,pending,true,
musician-robert-plant,Robert Plant,Robert Plant,,,288062,pending,true,
musician-patsy-cline,Patsy Cline,Patsy Cline,,,95778,pending,true,
musician-frank-sinatra,Frank Sinatra,Frank Sinatra,,,171366,pending,true,
musician-nina-simone,Nina Simone,Nina Simone,,,79798,pending,true,
musician-al-green,Al Green,Al Green,,,99603,pending,true,
musician-elvis-presley,Elvis Presley,Elvis Presley,,,197443,pending,true,
musician-roy-orbison,Roy Orbison,Roy Orbison,,,198798,pending,true,
musician-james-brown,James Brown,James Brown,,,117118,pending,true,
musician-michael-jackson,Michael Jackson,Michael Jackson,,,32940,pending,true,
musician-hank-williams,Hank Williams,Hank Williams,,,179722,pending,true,
musician-dolly-parton,Dolly Parton,Dolly Parton,,,535066,pending,true,
musician-luther-vandross,Luther Vandross,Luther Vandross,,,23393,pending,true,
musician-smokey-robinson,Smokey Robinson,Smokey Robinson,,,100849,pending,true,
musician-tina-turner,Tina Turner,Tina Turner,,,488075,pending,true,
musician-etta-james,Etta James,Etta James,,,10811,pending,true,
musician-chris-cornell,Chris Cornell,Chris Cornell,,,106336,pending,true,
musician-david-bowie,David Bowie,David Bowie,,,551695,pending,true,
musician-janis-joplin,Janis Joplin,Janis Joplin,,,365673,pending,true,
musician-bob-dylan,Bob Dylan,Bob Dylan,,,462006,pending,true,
musician-steve-perry,Steve Perry,Steve Perry,,,900211,pending,true,
musician-mahalia-jackson,Mahalia Jackson,Mahalia Jackson,,,26168,pending,true,
musician-karen-carpenter,Karen Carpenter,Karen Carpenter,,,389544,pending,true,
musician-stevie-nicks,Stevie Nicks,Stevie Nicks,,,147875,pending,true,
musician-linda-ronstadt,Linda Ronstadt,Linda Ronstadt,,,148850,pending,true,
musician-kate-bush,Kate Bush,Kate Bush,,,487277,pending,true,
musician-little-richard,Little Richard,Little Richard,,,1168275,pending,true,
musician-amy-winehouse,Amy Winehouse,Amy Winehouse,,,13125609,pending,true,
musician-jeff-buckley,Jeff Buckley,Jeff Buckley,,,872190,pending,true,
musician-elton-john,Elton John,Elton John,,,54657,pending,true,
musician-ozzy-osbourne,Ozzy Osbourne,Ozzy Osbourne,,,886834,pending,true,
musician-ariana-grande,Ariana Grande,Ariana Grande,,,412778295,pending,true,
musician-johnny-cash,Johnny Cash,Johnny Cash,,,70936,pending,true,
musician-bill-withers,Bill Withers,Bill Withers,,,339834,pending,true,
musician-diana-ross,Diana Ross,Diana Ross,,,47566,pending,true,
musician-louis-armstrong,Louis Armstrong,Louis Armstrong,,,518462,pending,true,
musician-bjork,Björk,Björk,,,295015,pending,true,
musician-mavis-staples,Mavis Staples,Mavis Staples,,,49985,pending,true,
musician-chaka-khan,Chaka Khan,Chaka Khan,,,17402,pending,true,
musician-bruce-springsteen,Bruce Springsteen,Bruce Springsteen,,,178834,pending,true,
musician-rob-halford,Rob Halford,Rob Halford,,,7264062,pending,true,
musician-dusty-springfield,Dusty Springfield,Dusty Springfield,,,52293,pending,true,
musician-van-morrison,Van Morrison,Van Morrison,,,253638,pending,true,
musician-barry-white,Barry White,Barry White,,,129233,pending,true,
musician-thom-yorke,Thom Yorke,Thom Yorke,,,39753073,pending,true,
musician-rod-stewart,Rod Stewart,Rod Stewart,,,57471,pending,true,
musician-ann-wilson,Ann Wilson,Ann Wilson,,,1153926,pending,true,
musician-lady-gaga,Lady Gaga,Lady Gaga,,,277293880,pending,true,
musician-axl-rose,Axl Rose,Axl Rose,,,41681790,pending,true,
musician-mick-jagger,Mick Jagger,Mick Jagger,,,365667,pending,true,
musician-brian-wilson,Brian Wilson,Brian Wilson,,,61573,pending,true,
musician-leonard-cohen,Leonard Cohen,Leonard Cohen,,,485677,pending,true,
musician-george-michael,George Michael,George Michael,,,894337,pending,true,
musician-toni-braxton,Toni Braxton,Toni Braxton,,,15935,pending,true,
musician-celine-dion,Celine Dion,Celine Dion,,,63729,pending,true,
musician-bono,Bono,Bono,,,868379,pending,true,
musician-sade,Sade,Sade,,,475591,pending,true,
musician-bob-marley,Bob Marley,Bob Marley,,,121982,pending,true,
musician-iggy-pop,Iggy Pop,Iggy Pop,,,13622,pending,true,
musician-mary-j-blige,Mary J. Blige,Mary J. Blige,,,1392280,pending,true,
musician-gladys-knight,Gladys Knight,Gladys Knight,,,63098,pending,true,
musician-rihanna,Rihanna,Rihanna,,,63346553,pending,true,
musician-lauryn-hill,Lauryn Hill,Lauryn Hill,,,21434,pending,true,
musician-patti-labelle,Patti LaBelle,Patti LaBelle,,,17334,pending,true,
musician-luciano-pavarotti,Luciano Pavarotti,Luciano Pavarotti,,,219627,pending,true,
musician-nat-king-cole,Nat King Cole,Nat King Cole,,,42616562,pending,true,
musician-fiona-apple,Fiona Apple,Fiona Apple,,,466131,pending,true,
musician-donna-summer,Donna Summer,Donna Summer,,,49155,pending,true,
musician-billy-joel,Billy Joel,Billy Joel,,,485953,pending,true,
musician-roberta-flack,Roberta Flack,Roberta Flack,,,17992,pending,true,
musician-george-jones,George Jones,George Jones,,,17488,pending,true,
musician-wilson-pickett,Wilson Pickett,Wilson Pickett,,,577675,pending,true,
musician-julie-andrews,Julie Andrews,Julie Andrews,,,254431,pending,true,
musician-roger-daltrey,Roger Daltrey,Roger Daltrey,,,562708,pending,true,
musician-andrea-bocelli,Andrea Bocelli,Andrea Bocelli,,,217015,pending,true,
musician-bing-crosby,Bing Crosby,Bing Crosby,,,25687,pending,true,
musician-judy-garland,Judy Garland,Judy Garland,,,67663,pending,true,
musician-phil-collins,Phil Collins,Phil Collins,,,153718,pending,true,
musician-teddy-pendergrass,Teddy Pendergrass,Teddy Pendergrass,,,162183,pending,true,
musician-lionel-richie,Lionel Richie,Lionel Richie,,,48397,pending,true,
musician-dean-martin,Dean Martin,Dean Martin,,,266028,pending,true,
musician-celia-cruz,Celia Cruz,Celia Cruz,,,105181,pending,true,
musician-jim-morrison,Jim Morrison,Jim Morrison,,,30720949,pending,true,
musician-art-garfunkel,Art Garfunkel,Art Garfunkel,,,,pending,true,
musician-tony-bennett,Tony Bennett,Tony Bennett,,,484980,pending,true,
musician-hr,H.R.,H.R.,,,,pending,true,
musician-john-denver,John Denver,John Denver,,,208469,pending,true,
musician-eddie-vedder,Eddie Vedder,Eddie Vedder,,,267320,pending,true,
musician-christina-aguilera,Christina Aguilera,Christina Aguilera,,,259398,pending,true,
musician-neil-diamond,Neil Diamond,Neil Diamond,,,94935,pending,true,
musician-patti-smith,Patti Smith,Patti Smith,,,13762,pending,true,
musician-bruno-mars,Bruno Mars,Bruno Mars,,,278873078,pending,true,
musician-emmylou-harris,Emmylou Harris,Emmylou Harris,,,146974,pending,true,
musician-tom-jones,Tom Jones,Tom Jones,,,85054,pending,true,
musician-selena,Selena,Selena,,,574870,pending,true,
musician-steven-tyler,Steven Tyler,Steven Tyler,,,54626,pending,true,
musician-sting,Sting,Sting,,,94804,pending,true,
musician-bryan-adams,Bryan Adams,Bryan Adams,,,85932,pending,true,
musician-pat-benatar,Pat Benatar,Pat Benatar,,,540530,pending,true,
musician-taylor-swift,Taylor Swift,Taylor Swift,,,159260351,pending,true,
musician-dionne-warwick,Dionne Warwick,Dionne Warwick,,,16198,pending,true,
musician-morrissey,Morrissey,Morrissey,,,383968,pending,true,
musician-barbra-streisand,Barbra Streisand,Barbra Streisand,,,249646,pending,true,
musician-alison-krauss,Alison Krauss,Alison Krauss,,,170878,pending,true,
musician-barry-gibb,Barry Gibb,Barry Gibb,,,81312551,pending,true,
musician-jon-bon-jovi,Jon Bon Jovi,Jon Bon Jovi,,,1333519160,pending,true,
musician-annie-lennox,Annie Lennox,Annie Lennox,,,14000,pending,true,
musician-p-nk,P!nk,P!nk,,,4488522,pending,true,
musician-michael-buble,Michael Bublé,Michael Bublé,,,799597,pending,true,
musician-don-henley,Don Henley,Don Henley,,,173831,pending,true,
musician-frankie-valli,Frankie Valli,Frankie Valli,,,2558079,pending,true,
musician-carrie-underwood,Carrie Underwood,Carrie Underwood,,,63399334,pending,true,
musician-kenny-rogers,Kenny Rogers,Kenny Rogers,,,200498,pending,true,
musician-loretta-lynn,Loretta Lynn,Loretta Lynn,,,59398,pending,true,
musician-carly-simon,Carly Simon,Carly Simon,,,336239,pending,true,
musician-bessie-smith,Bessie Smith,Bessie Smith,,,1007994,pending,true,
musician-cher,Cher,Cher,,,106158,pending,true,
musician-cyndi-lauper,Cyndi Lauper,Cyndi Lauper,,,59291142,pending,true,
musician-shania-twain,Shania Twain,Shania Twain,,,129974,pending,true,
musician-carole-king,Carole King,Carole King,,,34495,pending,true,
musician-minnie-riperton,Minnie Riperton,Minnie Riperton,,,12209,pending,true,
musician-doris-day,Doris Day,Doris Day,,,461709,pending,true,
musician-mike-patton,Mike Patton,Mike Patton,,,2987396,pending,true,
musician-johnny-mathis,Johnny Mathis,Johnny Mathis,,,462599,pending,true,
musician-alicia-keys,Alicia Keys,Alicia Keys,,,316069,pending,true,
musician-reba-mcentire,Reba McEntire,Reba McEntire,,,48529,pending,true,
musician-jim-croce,Jim Croce,Jim Croce,,,19523393,pending,true,
musician-huey-lewis,Huey Lewis,Huey Lewis,,,,pending,true,
musician-kendrick-lamar,Kendrick Lamar,Kendrick Lamar,,,368183298,pending,true,
musician-tom-petty,Tom Petty,Tom Petty,,,5072272,pending,true,
musician-aaliyah,Aaliyah,Aaliyah,,,1636487,pending,true,
musician-david-ruffin,David Ruffin,David Ruffin,,,103814,pending,true,
musician-bob-seger,Bob Seger,Bob Seger,,,26211744,pending,true,
musician-jackie-wilson,Jackie Wilson,Jackie Wilson,,,267843,pending,true,
musician-anita-baker,Anita Baker,Anita Baker,,,162340,pending,true,
musician-kelly-clarkson,Kelly Clarkson,Kelly Clarkson,,,316265,pending,true,
musician-sarah-mclachlan,Sarah McLachlan,Sarah McLachlan,,,111192,pending,true,
musician-sade-adu,Sade Adu,Sade Adu,,,,pending,true,
musician-debbie-harry,Debbie Harry,Debbie Harry,,,541619,pending,true,
musician-enya,Enya,Enya,,,160847,pending,true,
musician-meat-loaf,Meat Loaf,Meat Loaf,,,60358,pending,true,
musician-tom-waits,Tom Waits,Tom Waits,,,83964,pending,true,
musician-phil-everly,Phil Everly,Phil Everly,,,,pending,true,
musician-bobby-darin,Bobby Darin,Bobby Darin,,,238060,pending,true,
musician-d-angelo,D’Angelo,D’Angelo,,,640286,pending,true,
musician-cass-elliot,Cass Elliot,Cass Elliot,,,62273,pending,true,
musician-joe-cocker,Joe Cocker,Joe Cocker,,,133557,pending,true,
musician-bonnie-tyler,Bonnie Tyler,Bonnie Tyler,,,549450,pending,true,
musician-george-strait,George Strait,George Strait,,,96353,pending,true,
musician-usher,Usher,Usher,,,15885,pending,true,
musician-aaron-neville,Aaron Neville,Aaron Neville,,,94614,pending,true,
musician-tammy-wynette,Tammy Wynette,Tammy Wynette,,,241649,pending,true,
musician-norah-jones,Norah Jones,Norah Jones,,,1001750,pending,true,
musician-ronnie-spector,Ronnie Spector,Ronnie Spector,,,2819278,pending,true,
musician-billy-idol,Billy Idol,Billy Idol,,,550949,pending,true,
musician-bette-midler,Bette Midler,Bette Midler,,,148261,pending,true,
musician-sinead-o-connor,Sinéad O'Connor,Sinéad O'Connor,,,287366,pending,true,
musician-shakira,Shakira,Shakira,,,889327,pending,true,
musician-ed-sheeran,Ed Sheeran,Ed Sheeran,,,183313439,pending,true,
musician-big-mama-thornton,Big Mama Thornton,Big Mama Thornton,,,60191,pending,true,
musician-peter-gabriel,Peter Gabriel,Peter Gabriel,,,115433,pending,true,
musician-andy-williams,Andy Williams,Andy Williams,,,466691,pending,true,
musician-alanis-morissette,Alanis Morissette,Alanis Morissette,,,1092859,pending,true,
musician-faith-hill,Faith Hill,Faith Hill,,,168620,pending,true,
musician-marie-osmond,Marie Osmond,Marie Osmond,,,141896,pending,true,
musician-daryl-hall,Daryl Hall,Daryl Hall,,,180594,pending,true,
musician-natalie-cole,Natalie Cole,Natalie Cole,,,418069,pending,true,
musician-edith-piaf,Édith Piaf,Édith Piaf,,,82055,pending,true,
musician-merle-haggard,Merle Haggard,Merle Haggard,,,170987,pending,true,
musician-miriam-makeba,Miriam Makeba,Miriam Makeba,,,219900,pending,true,
musician-garth-brooks,Garth Brooks,Garth Brooks,,,329451,pending,true,
musician-olivia-newton-john,Olivia Newton-John,Olivia Newton-John,,,95110,pending,true,
musician-darlene-love,Darlene Love,Darlene Love,,,16326345,pending,true,
musician-john-legend,John Legend,John Legend,,,16586443,pending,true,
musician-tracy-chapman,Tracy Chapman,Tracy Chapman,,,5796121,pending,true,
musician-jennifer-hudson,Jennifer Hudson,Jennifer Hudson,,,72909049,pending,true,
musician-harry-connick-jr,"Harry Connick, Jr.","Harry Connick, Jr.",,,463193,pending,true,
musician-glenn-frey,Glenn Frey,Glenn Frey,,,173835,pending,true,
musician-sia,Sia,Sia,,,28721078,pending,true,
musician-brenda-lee,Brenda Lee,Brenda Lee,,,99320,pending,true,
musician-placido-domingo,Plácido Domingo,Plácido Domingo,,,,pending,true,
musician-gloria-estefan,Gloria Estefan,Gloria Estefan,,,485022,pending,true,
musician-sammy-davis-jr,"Sammy Davis, Jr.","Sammy Davis, Jr.",,,41628,pending,true,
musician-justin-timberlake,Justin Timberlake,Justin Timberlake,,,398128,pending,true,
musician-gordon-lightfoot,Gordon Lightfoot,Gordon Lightfoot,,,158301,pending,true,
musician-amy-lee,Amy Lee,Amy Lee,,,101711723,pending,true,
musician-umm-kulthum,Umm Kulthum,Umm Kulthum,,,81179580,pending,true,
musician-seal,Seal,Seal,,,156209,pending,true,
musician-anne-murray,Anne Murray,Anne Murray,,,1130621,pending,true,
musician-jewel,Jewel,Jewel,,,163711259,pending,true,
musician-don-everly,Don Everly,Don Everly,,,,pending,true,
musician-nancy-wilson-1937,Nancy Wilson,Nancy Wilson,,,,pending,true,
musician-lana-del-rey,Lana Del Rey,Lana Del Rey,,,464296584,pending,true,
musician-dmx,DMX,DMX,,,135710,pending,true,
musician-michael-hutchence,Michael Hutchence,Michael Hutchence,,,,pending,true,
musician-ben-e-king,Ben E. King,Ben E. King,,,479144,pending,true,
musician-peggy-lee,Peggy Lee,Peggy Lee,,,68857,pending,true,
musician-susan-boyle,Susan Boyle,Susan Boyle,,,337320501,pending,true,
musician-connie-francis,Connie Francis,Connie Francis,,,378986,pending,true,
musician-petula-clark,Petula Clark,Petula Clark,,,279126,pending,true,
musician-dennis-brown,Dennis Brown,Dennis Brown,,,167013064,pending,true,
musician-frankie-avalon,Frankie Avalon,Frankie Avalon,,,2558101,pending,true,
musician-vera-lynn,Vera Lynn,Vera Lynn,,,14647552,pending,true,
musician-robert-palmer,Robert Palmer,Robert Palmer,,,80385,pending,true,
musician-youssou-n-8217-dour,Youssou N&#8217;Dour,Youssou N&#8217;Dour,,,,pending,true,
musician-donny-osmond,Donny Osmond,Donny Osmond,,,141819,pending,true,
musician-michael-stipe,Michael Stipe,Michael Stipe,,,527918,pending,true,
musician-gwen-stefani,Gwen Stefani,Gwen Stefani,,,108717,pending,true,
musician-cat-stevens,Cat Stevens,Cat Stevens,,,107587,pending,true,
musician-chester-bennington,Chester Bennington,Chester Bennington,,,799055,pending,true,
musician-barry-manilow,Barry Manilow,Barry Manilow,,,16233,pending,true,
musician-robin-gibb,Robin Gibb,Robin Gibb,,,255007,pending,true,
musician-maria-callas,Maria Callas,Maria Callas,,,499397,pending,true,
musician-lesley-gore,Lesley Gore,Lesley Gore,,,1252853829,pending,true,
musician-jerry-lee-lewis,Jerry Lee Lewis,Jerry Lee Lewis,,,123130,pending,true,
musician-layne-staley,Layne Staley,Layne Staley,,,,pending,true,
musician-enrico-caruso,Enrico Caruso,Enrico Caruso,,,,pending,true,
musician-ronnie-james-dio,Ronnie James Dio,Ronnie James Dio,,,,pending,true,
musician-hector-lavoe,Héctor Lavoe,Héctor Lavoe,,,212288876,pending,true,
musician-liza-minnelli,Liza Minnelli,Liza Minnelli,,,362844,pending,true,
musician-ritchie-valens,Ritchie Valens,Ritchie Valens,,,1198891,pending,true,
musician-leann-rimes,LeAnn Rimes,LeAnn Rimes,,,521500,pending,true,
musician-adam-lambert,Adam Lambert,Adam Lambert,,,305371030,pending,true,
musician-brian-johnson,Brian Johnson,Brian Johnson,,,,pending,true,
musician-christine-mcvie,Christine McVie,Christine McVie,,,186919,pending,true,
musician-bon-scott,Bon Scott,Bon Scott,,,,pending,true,
musician-florence-welch,Florence Welch,Florence Welch,,,303431464,pending,true,
musician-sarah-vaughan,Sarah Vaughan,Sarah Vaughan,,,79995,pending,true,
musician-harry-belafonte,Harry Belafonte,Harry Belafonte,,,184622,pending,true,
musician-alice-cooper,Alice Cooper,Alice Cooper,,,393703,pending,true,
musician-don-mclean,Don McLean,Don McLean,,,733872,pending,true,
musician-lena-horne,Lena Horne,Lena Horne,,,,pending,true,
musician-sheryl-crow,Sheryl Crow,Sheryl Crow,,,58757,pending,true,
musician-michael-bolton,Michael Bolton,Michael Bolton,,,200151,pending,true,
musician-lenny-kravitz,Lenny Kravitz,Lenny Kravitz,,,160410,pending,true,
musician-joan-baez,Joan Baez,Joan Baez,,,53225,pending,true,
musician-eminem,Eminem,Eminem,,,111051,pending,true,
musician-martina-mcbride,Martina McBride,Martina McBride,,,215278,pending,true,
musician-bryan-ferry,Bryan Ferry,Bryan Ferry,,,14139137,pending,true,
musician-sam-smith,Sam Smith,Sam Smith,,,156488786,pending,true,
musician-montserrat-caballe,Montserrat Caballé,Montserrat Caballé,,,,pending,true,
musician-davy-jones,Davy Jones,Davy Jones,,,,pending,true,
musician-josh-groban,Josh Groban,Josh Groban,,,170344,pending,true,
musician-peter-cetera,Peter Cetera,Peter Cetera,,,106168,pending,true,
musician-robert-smith,Robert Smith,Robert Smith,,,1214935,pending,true,
musician-dennis-wilson,Dennis Wilson,Dennis Wilson,,,3085067,pending,true,
musician-bruce-dickinson,Bruce Dickinson,Bruce Dickinson,,,546389,pending,true,
musician-michael-mcdonald,Michael McDonald,Michael McDonald,,,62522,pending,true,
musician-erykah-badu,Erykah Badu,Erykah Badu,,,54556,pending,true,
musician-lata-mangeshkar,Lata Mangeshkar,Lata Mangeshkar,,,14291575,pending,true,
musician-chris-isaak,Chris Isaak,Chris Isaak,,,151329,pending,true,
musician-waylon-jennings,Waylon Jennings,Waylon Jennings,,,70127,pending,true,
musician-adam-levine,Adam Levine,Adam Levine,,,16053191,pending,true,
musician-kylie-minogue,Kylie Minogue,Kylie Minogue,,,465031,pending,true,
musician-paul-young,Paul Young,Paul Young,,,892951,pending,true,
musician-laura-branigan,Laura Branigan,Laura Branigan,,,555271,pending,true,
musician-steve-winwood,Steve Winwood,Steve Winwood,,,84552,pending,true,
musician-shirley-bassey,Shirley Bassey,Shirley Bassey,,,561939,pending,true,
musician-donny-hathaway,Donny Hathaway,Donny Hathaway,,,259459,pending,true,
musician-jimmie-rodgers,Jimmie Rodgers,Jimmie Rodgers,,,136840726,pending,true,
musician-a-ha,A-ha,A-ha,,,166566,pending,true,
musician-lou-rawls,Lou Rawls,Lou Rawls,,,640588,pending,true,
musician-mario-lanza,Mario Lanza,Mario Lanza,,,,pending,true,
musician-roger-waters,Roger Waters,Roger Waters,,,542658,pending,true,
musician-carl-wilson,Carl Wilson,Carl Wilson,,,,pending,true,
musician-avril-lavigne,Avril Lavigne,Avril Lavigne,,,459885,pending,true,
musician-solomon-burke,Solomon Burke,Solomon Burke,,,646942,pending,true,
musician-gal-costa,Gal Costa,Gal Costa,,,82920,pending,true,
musician-janet-jackson,Janet Jackson,Janet Jackson,,,1272779,pending,true,
musician-nusrat-fateh-ali-khan,Nusrat Fateh Ali Khan,Nusrat Fateh Ali Khan,,,465998,pending,true,
musician-leona-lewis,Leona Lewis,Leona Lewis,,,208651273,pending,true,
musician-richard-marx,Richard Marx,Richard Marx,,,16542,pending,true,
musician-jazmine-sullivan,Jazmine Sullivan,Jazmine Sullivan,,,27880734,pending,true,
musician-cliff-richard,Cliff Richard,Cliff Richard,,,387307,pending,true,
musician-harry-nilsson,Harry Nilsson,Harry Nilsson,,,216403,pending,true,
musician-gloria-gaynor,Gloria Gaynor,Gloria Gaynor,,,136869,pending,true,
musician-idina-menzel,Idina Menzel,Idina Menzel,,,3297504,pending,true,
musician-bobby-vinton,Bobby Vinton,Bobby Vinton,,,863008,pending,true,
musician-marilyn-horne,Marilyn Horne,Marilyn Horne,,,,pending,true,
musician-levon-helm,Levon Helm,Levon Helm,,,7317252,pending,true,
musician-toots-hibbert,Toots Hibbert,Toots Hibbert,,,,pending,true,
musician-belinda-carlisle,Belinda Carlisle,Belinda Carlisle,,,98871,pending,true,
musician-sandy-denny,Sandy Denny,Sandy Denny,,,122124,pending,true,
musician-vicente-fernandez,Vicente Fernández,Vicente Fernández,,,6742830,pending,true,
musician-joe-strummer,Joe Strummer,Joe Strummer,,,2929326,pending,true,
musician-engelbert-humperdinck,Engelbert Humperdinck,Engelbert Humperdinck,,,468294459,pending,true,
musician-israel-kamakawiwo-ole,Israel Kamakawiwo'ole,Israel Kamakawiwo'ole,,,4218340,pending,true,
musician-francoise-hardy,Françoise Hardy,Françoise Hardy,,,16303542,pending,true,
musician-marianne-faithfull,Marianne Faithfull,Marianne Faithfull,,,84326,pending,true,
musician-marc-bolan,Marc Bolan,Marc Bolan,,,3185460,pending,true,
musician-katy-perry,Katy Perry,Katy Perry,,,64387566,pending,true,
musician-david-gray,David Gray,David Gray,,,316381,pending,true,
musician-jessie-j,Jessie J,Jessie J,,,405360400,pending,true,
musician-dolores-o-riordan,Dolores O'Riordan,Dolores O'Riordan,,,4410487,pending,true,
musician-eddie-cochran,Eddie Cochran,Eddie Cochran,,,517560,pending,true,
musician-clyde-mcphatter,Clyde McPhatter,Clyde McPhatter,,,,pending,true,
musician-gene-vincent,Gene Vincent,Gene Vincent,,,531519,pending,true,
musician-dinah-washington,Dinah Washington,Dinah Washington,,,116994,pending,true,
musician-busta-rhymes,Busta Rhymes,Busta Rhymes,,,54583,pending,true,
musician-james-blunt,James Blunt,James Blunt,,,27496674,pending,true,
musician-alison-moyet,Alison Moyet,Alison Moyet,,,548342,pending,true,
musician-chris-stapleton,Chris Stapleton,Chris Stapleton,,,1752134,pending,true,
musician-leontyne-price,Leontyne Price,Leontyne Price,,,,pending,true,
musician-madonna,Madonna,Madonna,,,20044,pending,true,
musician-paul-anka,Paul Anka,Paul Anka,,,21579,pending,true,
musician-jackson-browne,Jackson Browne,Jackson Browne,,,388900,pending,true,
musician-david-crosby,David Crosby,David Crosby,,,26431,pending,true,
musician-grace-slick,Grace Slick,Grace Slick,,,199979,pending,true,
musician-sarah-brightman,Sarah Brightman,Sarah Brightman,,,132517,pending,true,
musician-lisa-stansfield,Lisa Stansfield,Lisa Stansfield,,,460575,pending,true,
musician-kd-lang,k.d. lang,k.d. lang,,,147205,pending,true,
musician-conway-twitty,Conway Twitty,Conway Twitty,,,59426,pending,true,
musician-tim-mcgraw,Tim McGraw,Tim McGraw,,,3496236,pending,true,
musician-agnetha-faltskog,Agnetha Fältskog,Agnetha Fältskog,,,13118309,pending,true,
musician-jeff-lynne,Jeff Lynne,Jeff Lynne,,,471532,pending,true,
musician-mick-hucknall,Mick Hucknall,Mick Hucknall,,,,pending,true,
musician-jessye-norman,Jessye Norman,Jessye Norman,,,,pending,true,
musician-renee-fleming,Renée Fleming,Renée Fleming,,,,pending,true,
musician-caetano-veloso,Caetano Veloso,Caetano Veloso,,,134260,pending,true,
musician-nancy-sinatra,Nancy Sinatra,Nancy Sinatra,,,22552160,pending,true,
musician-brendon-urie,Brendon Urie,Brendon Urie,,,293940247,pending,true,
musician-the-weeknd,The Weeknd,The Weeknd,,,479756766,pending,true,
musician-harry-chapin,Harry Chapin,Harry Chapin,,,162212,pending,true,
musician-chris-martin,Chris Martin,Chris Martin,,,1733345271,pending,true,
musician-david-lee-roth,David Lee Roth,David Lee Roth,,,187035,pending,true,
musician-renata-scotto,Renata Scotto,Renata Scotto,,,,pending,true,
musician-gene-kelly,Gene Kelly,Gene Kelly,,,,pending,true,
musician-debbie-reynolds,Debbie Reynolds,Debbie Reynolds,,,,pending,true,
musician-la-india,La India,La India,,,248953,pending,true,
musician-steve-miller,Steve Miller,Steve Miller,,,,pending,true,
musician-amy-grant,Amy Grant,Amy Grant,,,94363,pending,true,
musician-mary-wells,Mary Wells,Mary Wells,,,,pending,true,
musician-melissa-etheridge,Melissa Etheridge,Melissa Etheridge,,,117519,pending,true,
musician-ellie-goulding,Ellie Goulding,Ellie Goulding,,,338264227,pending,true,
musician-crystal-gayle,Crystal Gayle,Crystal Gayle,,,721890,pending,true,
musician-alan-jackson,Alan Jackson,Alan Jackson,,,16365,pending,true,
musician-chet-baker,Chet Baker,Chet Baker,,,118257,pending,true,
musician-wynonna-judd,Wynonna Judd,Wynonna Judd,,,,pending,true,
musician-boy-george,Boy George,Boy George,,,24138,pending,true,
musician-neil-sedaka,Neil Sedaka,Neil Sedaka,,,181715,pending,true,
musician-ricky-martin,Ricky Martin,Ricky Martin,,,217142,pending,true,
musician-elvis-costello,Elvis Costello,Elvis Costello,,,497911,pending,true,
musician-marty-robbins,Marty Robbins,Marty Robbins,,,208369,pending,true,
musician-serge-gainsbourg,Serge Gainsbourg,Serge Gainsbourg,,,123390,pending,true,
musician-billie-eilish,Billie Eilish,Billie Eilish,,,1065981054,pending,true,
musician-gregg-allman,Gregg Allman,Gregg Allman,,,81572,pending,true,
musician-barrington-levy,Barrington Levy,Barrington Levy,,,308133,pending,true,
musician-vic-damone,Vic Damone,Vic Damone,,,,pending,true,
musician-nelson-eddy,Nelson Eddy,Nelson Eddy,,,,pending,true,
musician-charlie-rich,Charlie Rich,Charlie Rich,,,207621,pending,true,
musician-fred-astaire,Fred Astaire,Fred Astaire,,,31614,pending,true,
musician-christopher-cross,Christopher Cross,Christopher Cross,,,556538,pending,true,
musician-rosemary-clooney,Rosemary Clooney,Rosemary Clooney,,,192670,pending,true,
musician-jennifer-warnes,Jennifer Warnes,Jennifer Warnes,,,133577,pending,true,
musician-rufus-wainwright,Rufus Wainwright,Rufus Wainwright,,,2690433,pending,true,
musician-jack-johnson,Jack Johnson,Jack Johnson,,,909253,pending,true,
musician-kt-tunstall,KT Tunstall,KT Tunstall,,,23556846,pending,true,
musician-thomas-hampson,Thomas Hampson,Thomas Hampson,,,,pending,true,
musician-micky-dolenz,Micky Dolenz,Micky Dolenz,,,,pending,true,
musician-demi-lovato,Demi Lovato,Demi Lovato,,,280215821,pending,true,
musician-eric-burdon,Eric Burdon,Eric Burdon,,,1960014,pending,true,
musician-grace-bumbry,Grace Bumbry,Grace Bumbry,,,,pending,true,
musician-lawrence-brownlee,Lawrence Brownlee,Lawrence Brownlee,,,,pending,true,
musician-woody-guthrie,Woody Guthrie,Woody Guthrie,,,236313,pending,true,
musician-barbara-mandrell,Barbara Mandrell,Barbara Mandrell,,,27481,pending,true,
musician-paul-rodgers,Paul Rodgers,Paul Rodgers,,,163444,pending,true,
musician-lou-gramm,Lou Gramm,Lou Gramm,,,613302,pending,true,
musician-darius-rucker,Darius Rucker,Darius Rucker,,,27060348,pending,true,
musician-courtney-love,Courtney Love,Courtney Love,,,3292794,pending,true,
musician-randy-travis,Randy Travis,Randy Travis,,,17559,pending,true,
musician-brandy,Brandy,Brandy,,,17416,pending,true,
musician-isaac-hayes,Isaac Hayes,Isaac Hayes,,,46128,pending,true,
musician-lotte-lehmann,Lotte Lehmann,Lotte Lehmann,,,,pending,true,
musician-bernadette-peters,Bernadette Peters,Bernadette Peters,,,,pending,true,
musician-gene-pitney,Gene Pitney,Gene Pitney,,,1158439,pending,true,
musician-ginger-rogers,Ginger Rogers,Ginger Rogers,,,,pending,true,
musician-ringo-starr,Ringo Starr,Ringo Starr,,,52017,pending,true,
musician-donovan,Donovan,Donovan,,,396660,pending,true,
musician-tori-amos,Tori Amos,Tori Amos,,,163916,pending,true,
musician-beverly-sills,Beverly Sills,Beverly Sills,,,,pending,true,
musician-iu,IU,IU,,,409076743,pending,true,
musician-charles-aznavour,Charles Aznavour,Charles Aznavour,,,3097598,pending,true,
musician-rita-coolidge,Rita Coolidge,Rita Coolidge,,,251061,pending,true,
musician-sammy-hagar,Sammy Hagar,Sammy Hagar,,,256787,pending,true,
musician-natalie-merchant,Natalie Merchant,Natalie Merchant,,,153256,pending,true,
musician-el-debarge,El DeBarge,El DeBarge,,,383376,pending,true,
musician-lorde,Lorde,Lorde,,,602767352,pending,true,
musician-dido,Dido,Dido,,,20646,pending,true,
musician-ol-dirty-bastard,Ol Dirty Bastard,Ol Dirty Bastard,,,,pending,true,
musician-diana-damrau,Diana Damrau,Diana Damrau,,,,pending,true,
musician-pete-seeger,Pete Seeger,Pete Seeger,,,392092,pending,true,
musician-julie-london,Julie London,Julie London,,,550372,pending,true,
musician-rocio-durcal,Rocío Dúrcal,Rocío Dúrcal,,,6742584,pending,true,
musician-paul-robeson,Paul Robeson,Paul Robeson,,,,pending,true,
musician-warren-zevon,Warren Zevon,Warren Zevon,,,552990,pending,true,
musician-chris-daughtry,Chris Daughtry,Chris Daughtry,,,,pending,true,
musician-scott-walker,Scott Walker,Scott Walker,,,13432236,pending,true,
musician-sara-bareilles,Sara Bareilles,Sara Bareilles,,,64398046,pending,true,
musician-robbie-williams,Robbie Williams,Robbie Williams,,,17973,pending,true,
musician-maynard-james-keenan,Maynard James Keenan,Maynard James Keenan,,,,pending,true,
musician-russell-thompkins-jr,Russell Thompkins Jr.,Russell Thompkins Jr.,,,,pending,true,
musician-judy-collins,Judy Collins,Judy Collins,,,193870,pending,true,
musician-joss-stone,Joss Stone,Joss Stone,,,3089003,pending,true,
musician-jimmy-buffett,Jimmy Buffett,Jimmy Buffett,,,61232,pending,true,
musician-luciano,Luciano,Luciano,,,1168706047,pending,true,
musician-ray-davies,Ray Davies,Ray Davies,,,,pending,true,
musician-anni-frid-lyngstad,Anni-Frid Lyngstad,Anni-Frid Lyngstad,,,,pending,true,
musician-shirley-manson,Shirley Manson,Shirley Manson,,,,pending,true,
musician-harry-styles,Harry Styles,Harry Styles,,,471260289,pending,true,
musician-charlotte-church,Charlotte Church,Charlotte Church,,,129828701,pending,true,
musician-dave-matthews,Dave Matthews,Dave Matthews,,,5192163,pending,true,
musician-ruth-brown,Ruth Brown,Ruth Brown,,,,pending,true,
musician-the-highwaymen,The Highwaymen,The Highwaymen,,,,pending,true,
musician-yves-montand,Yves Montand,Yves Montand,,,1272832,pending,true,
musician-jim-reeves,Jim Reeves,Jim Reeves,,,272201,pending,true,
musician-jonas-kaufmann,Jonas Kaufmann,Jonas Kaufmann,,,,pending,true,
musician-graham-nash,Graham Nash,Graham Nash,,,26435,pending,true,
musician-paula-abdul,Paula Abdul,Paula Abdul,,,523909,pending,true,
musician-brandon-flowers,Brandon Flowers,Brandon Flowers,,,23934543,pending,true,
musician-b-j-thomas,B. J. Thomas,B. J. Thomas,,,,pending,true,
musician-wanda-jackson,Wanda Jackson,Wanda Jackson,,,7036716,pending,true,
musician-ian-curtis,Ian Curtis,Ian Curtis,,,,pending,true,
musician-nick-cave,Nick Cave,Nick Cave,,,3691438,pending,true,
musician-rob-thomas,Rob Thomas,Rob Thomas,,,217178,pending,true,
musician-marie-fredriksson,Marie Fredriksson,Marie Fredriksson,,,,pending,true,
musician-tim-buckley,Tim Buckley,Tim Buckley,,,3623595,pending,true,
musician-martha-reeves,Martha Reeves,Martha Reeves,,,359298,pending,true,
musician-mel-torme,Mel Tormé,Mel Tormé,,,56107,pending,true,
musician-ricky-nelson,Ricky Nelson,Ricky Nelson,,,245791,pending,true,
musician-paul-weller,Paul Weller,Paul Weller,,,247285,pending,true,
musician-peabo-bryson,Peabo Bryson,Peabo Bryson,,,11175,pending,true,
musician-mahlathini,Mahlathini,Mahlathini,,,,pending,true,
musician-bret-michaels,Bret Michaels,Bret Michaels,,,4285188,pending,true,
musician-dion,Dion,Dion,,,275360,pending,true,
musician-eva-cassidy,Eva Cassidy,Eva Cassidy,,,1102077,pending,true,
musician-patti-page,Patti Page,Patti Page,,,52114,pending,true,
musician-corin-tucker,Corin Tucker,Corin Tucker,,,,pending,true,
musician-brad-delp,Brad Delp,Brad Delp,,,,pending,true,
musician-astrud-gilberto,Astrud Gilberto,Astrud Gilberto,,,117128,pending,true,
musician-edie-brickell,Edie Brickell,Edie Brickell,,,113915,pending,true,
musician-judee-sill,Judee Sill,Judee Sill,,,40287086,pending,true,
musician-britney-spears,Britney Spears,Britney Spears,,,217005,pending,true,
musician-arlo-guthrie,Arlo Guthrie,Arlo Guthrie,,,780338,pending,true,
musician-mississippi-john-hurt,Mississippi John Hurt,Mississippi John Hurt,,,491409,pending,true,
musician-suzanne-vega,Suzanne Vega,Suzanne Vega,,,22665,pending,true,
musician-morten-harket,Morten Harket,Morten Harket,,,31187844,pending,true,
musician-weird-al-yankovic,"""Weird Al"" Yankovic","""Weird Al"" Yankovic",,,1855044,pending,true,
musician-mercedes-sosa,Mercedes Sosa,Mercedes Sosa,,,122968,pending,true,
musician-joe-jackson,Joe Jackson,Joe Jackson,,,53325,pending,true,
musician-lulu,Lulu,Lulu,,,279085,pending,true,
musician-macy-gray,Macy Gray,Macy Gray,,,217068,pending,true,
musician-natalie-maines,Natalie Maines,Natalie Maines,,,,pending,true,
musician-bobby-8220-blue-8221-bland,Bobby &#8220;Blue&#8221; Bland,Bobby &#8220;Blue&#8221; Bland,,,,pending,true,
musician-geddy-lee,Geddy Lee,Geddy Lee,,,27525442,pending,true,
musician-alannah-myles,Alannah Myles,Alannah Myles,,,5519575,pending,true,
musician-howlin-wolf,Howlin' Wolf,Howlin' Wolf,,,95657,pending,true,
musician-donald-fagen,Donald Fagen,Donald Fagen,,,155517,pending,true,
musician-siouxsie-sioux,Siouxsie Sioux,Siouxsie Sioux,,,,pending,true,
musician-al-martino,Al Martino,Al Martino,,,532857,pending,true,
musician-sebastian-bach,Sebastian Bach,Sebastian Bach,,,2779605,pending,true,
musician-marc-anthony,Marc Anthony,Marc Anthony,,,217029,pending,true,
musician-samuel-ramey,Samuel Ramey,Samuel Ramey,,,,pending,true,
musician-jason-mraz,Jason Mraz,Jason Mraz,,,156987,pending,true,
musician-sylvester,Sylvester,Sylvester,,,266221530,pending,true,
musician-diana-krall,Diana Krall,Diana Krall,,,72783,pending,true,
musician-leon-russell,Leon Russell,Leon Russell,,,34503,pending,true,
musician-david-coverdale,David Coverdale,David Coverdale,,,,pending,true,
musician-bobby-mcferrin,Bobby McFerrin,Bobby McFerrin,,,63710,pending,true,
musician-dave-gahan,Dave Gahan,Dave Gahan,,,1488484,pending,true,
musician-sonny-boy-williamson-ii,Sonny Boy Williamson II,Sonny Boy Williamson II,,,33378,pending,true,
musician-geoff-tate,Geoff Tate,Geoff Tate,,,928497473,pending,true,
musician-burton-cummings,Burton Cummings,Burton Cummings,,,213444,pending,true,
musician-juan-gabriel,Juan Gabriel,Juan Gabriel,,,295294,pending,true,
musician-country-joe-mcdonald,Country Joe McDonald,Country Joe McDonald,,,,pending,true,
musician-greg-lake,Greg Lake,Greg Lake,,,,pending,true,
musician-joan-osborne,Joan Osborne,Joan Osborne,,,107838,pending,true,
musician-paul-stanley,Paul Stanley,Paul Stanley,,,128936,pending,true,
musician-joan-sutherland,Joan Sutherland,Joan Sutherland,,,,pending,true,
musician-loreena-mckennitt,Loreena McKennitt,Loreena McKennitt,,,287357,pending,true,
musician-jennifer-lopez,Jennifer Lopez,Jennifer Lopez,,,463009,pending,true,
musician-kacey-musgraves,Kacey Musgraves,Kacey Musgraves,,,466044182,pending,true,
musician-richie-havens,Richie Havens,Richie Havens,,,345378,pending,true,
musician-ian-anderson,Ian Anderson,Ian Anderson,,,,pending,true,
musician-boz-scaggs,Boz Scaggs,Boz Scaggs,,,205694,pending,true,
musician-patty-loveless,Patty Loveless,Patty Loveless,,,245584,pending,true,
musician-hayley-williams,Hayley Williams,Hayley Williams,,,256673270,pending,true,
musician-tupac-shakur,Tupac Shakur,Tupac Shakur,,,105998,pending,true,
musician-tabu-ley-rochereau,Tabu Ley Rochereau,Tabu Ley Rochereau,,,,pending,true,
musician-jerry-lewis,Jerry Lewis,Jerry Lewis,,,34317974,pending,true,
musician-jerry-vale,Jerry Vale,Jerry Vale,,,461670,pending,true,
musician-roger-taylor,Roger Taylor,Roger Taylor,,,14632569,pending,true,
musician-martha-wash,Martha Wash,Martha Wash,,,,pending,true,
musician-big-joe-turner,Big Joe Turner,Big Joe Turner,,,,pending,true,
musician-joe-williams,Joe Williams,Joe Williams,,,,pending,true,
musician-paula-cole,Paula Cole,Paula Cole,,,192621,pending,true,
musician-sza,SZA,SZA,,,605800394,pending,true,
musician-paolo-nutini,Paolo Nutini,Paolo Nutini,,,156669286,pending,true,
musician-corinne-bailey-rae,Corinne Bailey Rae,Corinne Bailey Rae,,,64996022,pending,true,
musician-klaus-meine,Klaus Meine,Klaus Meine,,,,pending,true,
musician-ian-gillan,Ian Gillan,Ian Gillan,,,,pending,true,
musician-jessica-simpson,Jessica Simpson,Jessica Simpson,,,632051,pending,true,
musician-anita-o-day,Anita O'Day,Anita O'Day,,,,pending,true,
musician-miley-cyrus,Miley Cyrus,Miley Cyrus,,,137057909,pending,true,
musician-franco-corelli,Franco Corelli,Franco Corelli,,,,pending,true,
musician-dorothy-dandridge,Dorothy Dandridge,Dorothy Dandridge,,,,pending,true,
musician-karen-o,Karen O,Karen O,,,199356498,pending,true,
musician-jacques-brel,Jacques Brel,Jacques Brel,,,10970,pending,true,
musician-jon-anderson,Jon Anderson,Jon Anderson,,,1177622,pending,true,
musician-jussi-bjorling,Jussi Björling,Jussi Björling,,,,pending,true,
musician-mikael-akerfeldt,Mikael Åkerfeldt,Mikael Åkerfeldt,,,,pending,true,
musician-ofra-haza,Ofra Haza,Ofra Haza,,,748830,pending,true,
musician-rosanne-cash,Rosanne Cash,Rosanne Cash,,,330946,pending,true,
musician-brandi-carlile,Brandi Carlile,Brandi Carlile,,,64387579,pending,true,
musician-r-kelly,R. Kelly,R. Kelly,,,140083,pending,true,
musician-sherrill-milnes,Sherrill Milnes,Sherrill Milnes,,,,pending,true,
musician-nico,Nico,Nico,,,136825,pending,true,
musician-notorious-big,Notorious B.I.G.,Notorious B.I.G.,,,,pending,true,
musician-zayn-malik,Zayn Malik,Zayn Malik,,,,pending,true,
musician-fela-kuti,Fela Kuti,Fela Kuti,,,55088,pending,true,
musician-snoop-dogg,Snoop Dogg,Snoop Dogg,,,21769,pending,true,
musician-tarja-turunen,Tarja Turunen,Tarja Turunen,,,,pending,true,
musician-bobby-bland,Bobby Bland,Bobby Bland,,,,pending,true,
musician-amos-lee,Amos Lee,Amos Lee,,,45539761,pending,true,
musician-frank-ocean,Frank Ocean,Frank Ocean,,,442122051,pending,true,
musician-margaret-price,Margaret Price,Margaret Price,,,,pending,true,
musician-gerard-way,Gerard Way,Gerard Way,,,312362350,pending,true,
musician-ryan-adams,Ryan Adams,Ryan Adams,,,1010602,pending,true,
musician-jung-kook,Jung Kook,Jung Kook,,,785052275,pending,true,
musician-tori-kelly,Tori Kelly,Tori Kelly,,,437581991,pending,true,
musician-barbara-frittoli,Barbara Frittoli,Barbara Frittoli,,,,pending,true,
musician-shane-macgowan,Shane MacGowan,Shane MacGowan,,,31349553,pending,true,
musician-cecilia-bartoli,Cecilia Bartoli,Cecilia Bartoli,,,,pending,true,
musician-anohni,Anohni,Anohni,,,1061675501,pending,true,
musician-ben-harper,Ben Harper,Ben Harper,,,644708,pending,true,
musician-suzy-bogguss,Suzy Bogguss,Suzy Bogguss,,,3603463,pending,true,
musician-gary-morris,Gary Morris,Gary Morris,,,,pending,true,
musician-peter-breinholt,Peter Breinholt,Peter Breinholt,,,,pending,true,
musician-koko-taylor,Koko Taylor,Koko Taylor,,,34085,pending,true,
musician-frances-quinlan,Frances Quinlan,Frances Quinlan,,,,pending,true,
musician-joe-tex,Joe Tex,Joe Tex,,,634972,pending,true,
musician-justin-bieber,Justin Bieber,Justin Bieber,,,320569549,pending,true,
musician-damien-rice,Damien Rice,Damien Rice,,,2249490,pending,true,
musician-poly-styrene,Poly Styrene,Poly Styrene,,,,pending,true,
musician-jimmy-reed,Jimmy Reed,Jimmy Reed,,,207845,pending,true,
musician-jacqui-mcshee,Jacqui McShee,Jacqui McShee,,,,pending,true,
musician-serj-tankian,Serj Tankian,Serj Tankian,,,82647909,pending,true,
musician-lara-fabian,Lara Fabian,Lara Fabian,,,466713,pending,true,
musician-paul-westerberg,Paul Westerberg,Paul Westerberg,,,207786,pending,true,
musician-sara-watkins,Sara Watkins,Sara Watkins,,,,pending,true,
musician-liam-gallagher,Liam Gallagher,Liam Gallagher,,,1391189,pending,true,
musician-burna-boy,Burna Boy,Burna Boy,,,591899010,pending,true,
musician-joey-ramone,Joey Ramone,Joey Ramone,,,2951038,pending,true,
musician-molly-o-day,Molly O'Day,Molly O'Day,,,,pending,true,
musician-feist,Feist,Feist,,,13453308,pending,true,
musician-jackie-evancho,Jackie Evancho,Jackie Evancho,,,334346533,pending,true,
musician-tom-chaplin,Tom Chaplin,Tom Chaplin,,,,pending,true,
musician-gretchen-wilson,Gretchen Wilson,Gretchen Wilson,,,6838616,pending,true,
musician-glenn-danzig,Glenn Danzig,Glenn Danzig,,,,pending,true,
musician-allan-jones,Allan Jones,Allan Jones,,,,pending,true,
musician-joe-dassin,Joe Dassin,Joe Dassin,,,27541729,pending,true,
musician-mireille-mathieu,Mireille Mathieu,Mireille Mathieu,,,14641187,pending,true,
musician-rosalia,Rosalía,Rosalía,,,313845115,pending,true,
musician-john-bonham,John Bonham,John Bonham,,,649167,pending,true,
musician-neil-peart,Neil Peart,Neil Peart,,,27525450,pending,true,
musician-buddy-rich,Buddy Rich,Buddy Rich,,,82499,pending,true,
musician-keith-moon,Keith Moon,Keith Moon,,,,pending,true,
musician-stewart-copeland,Stewart Copeland,Stewart Copeland,,,240003,pending,true,
musician-mitch-mitchell,Mitch Mitchell,Mitch Mitchell,,,,pending,true,
musician-ginger-baker,Ginger Baker,Ginger Baker,,,,pending,true,
musician-gene-krupa,Gene Krupa,Gene Krupa,,,120937,pending,true,
musician-dave-grohl,Dave Grohl,Dave Grohl,,,526643,pending,true,
musician-vinnie-colaiuta,Vinnie Colaiuta,Vinnie Colaiuta,,,,pending,true,
musician-steve-gadd,Steve Gadd,Steve Gadd,,,4054304,pending,true,
musician-danny-carey,Danny Carey,Danny Carey,,,,pending,true,
musician-tony-williams,Tony Williams,Tony Williams,,,52545,pending,true,
musician-elvin-jones,Elvin Jones,Elvin Jones,,,124095,pending,true,
musician-billy-cobham,Billy Cobham,Billy Cobham,,,460080,pending,true,
musician-charlie-watts,Charlie Watts,Charlie Watts,,,,pending,true,
musician-terry-bozzio,Terry Bozzio,Terry Bozzio,,,,pending,true,
musician-steve-smith,Steve Smith,Steve Smith,,,,pending,true,
musician-hal-blaine,Hal Blaine,Hal Blaine,,,,pending,true,
musician-dave-weckl,Dave Weckl,Dave Weckl,,,74975,pending,true,
musician-ian-paice,Ian Paice,Ian Paice,,,,pending,true,
musician-bill-bruford,Bill Bruford,Bill Bruford,,,,pending,true,
musician-jeff-porcaro,Jeff Porcaro,Jeff Porcaro,,,,pending,true,
musician-carmine-appice,Carmine Appice,Carmine Appice,,,,pending,true,
musician-mike-portnoy,Mike Portnoy,Mike Portnoy,,,,pending,true,
musician-bernard-purdie,Bernard Purdie,Bernard Purdie,,,3075652,pending,true,
musician-travis-barker,Travis Barker,Travis Barker,,,31070684,pending,true,
musician-carl-palmer,Carl Palmer,Carl Palmer,,,,pending,true,
musician-max-roach,Max Roach,Max Roach,,,52791,pending,true,
musician-bill-ward,Bill Ward,Bill Ward,,,,pending,true,
musician-dennis-chambers,Dennis Chambers,Dennis Chambers,,,,pending,true,
musician-art-blakey,Art Blakey,Art Blakey,,,331584,pending,true,
musician-dave-lombardo,Dave Lombardo,Dave Lombardo,,,,pending,true,
musician-jack-dejohnette,Jack DeJohnette,Jack DeJohnette,,,,pending,true,
musician-joey-jordison,Joey Jordison,Joey Jordison,,,,pending,true,
musician-joe-morello,Joe Morello,Joe Morello,,,,pending,true,
musician-jim-keltner,Jim Keltner,Jim Keltner,,,,pending,true,
musician-chad-smith,Chad Smith,Chad Smith,,,876745,pending,true,
musician-cindy-blackman-santana,Cindy Blackman Santana,Cindy Blackman Santana,,,,pending,true,
musician-nicko-mcbrain,Nicko McBrain,Nicko McBrain,,,,pending,true,
musician-alex-van-halen,Alex Van Halen,Alex Van Halen,,,,pending,true,
musician-clyde-stubblefield-and-john-8220-jabo-8221-starks,Clyde Stubblefield and John &#8220;Jabo&#8221; Starks,Clyde Stubblefield and John &#8220;Jabo&#8221; Starks,,,,pending,true,
musician-james-gadson,James Gadson,James Gadson,,,,pending,true,
musician-benny-benjamin,Benny Benjamin,Benny Benjamin,,,,pending,true,
musician-david-garibaldi,David Garibaldi,David Garibaldi,,,,pending,true,
musician-tomas-haake,Tomas Haake,Tomas Haake,,,,pending,true,
musician-sheila-e,Sheila E.,Sheila E.,,,6849100,pending,true,
musician-lars-ulrich,Lars Ulrich,Lars Ulrich,,,,pending,true,
musician-al-jackson-jr,Al Jackson Jr.,Al Jackson Jr.,,,,pending,true,
musician-bernard-pretty-purdie,Bernard “Pretty” Purdie,Bernard “Pretty” Purdie,,,,pending,true,
musician-dj-fontana,D.J. Fontana,D.J. Fontana,,,,pending,true,
musician-jabo-starks,Jabo Starks,Jabo Starks,,,,pending,true,
musician-carter-beauford,Carter Beauford,Carter Beauford,,,,pending,true,
musician-clyde-stubblefield,Clyde Stubblefield,Clyde Stubblefield,,,,pending,true,
musician-thomas-lang,Thomas Lang,Thomas Lang,,,,pending,true,
musician-steve-jordan,Steve Jordan,Steve Jordan,,,,pending,true,
musician-joseph-8220-zigaboo-8221-modeliste,Joseph &#8220;Zigaboo&#8221; Modeliste,Joseph &#8220;Zigaboo&#8221; Modeliste,,,,pending,true,
musician-roger-hawkins,Roger Hawkins,Roger Hawkins,,,,pending,true,
musician-phil-rudd,Phil Rudd,Phil Rudd,,,,pending,true,
musician-tony-allen,Tony Allen,Tony Allen,,,172278322,pending,true,
musician-louis-bellson,Louis Bellson,Louis Bellson,,,,pending,true,
musician-peter-erskine,Peter Erskine,Peter Erskine,,,,pending,true,
musician-roy-haynes,Roy Haynes,Roy Haynes,,,,pending,true,
musician-chris-adler,Chris Adler,Chris Adler,,,,pending,true,
musician-earl-palmer,Earl Palmer,Earl Palmer,,,,pending,true,
musician-tre-cool,Tré Cool,Tré Cool,,,,pending,true,
musician-kenny-aronoff,Kenny Aronoff,Kenny Aronoff,,,,pending,true,
musician-carlton-barrett,Carlton Barrett,Carlton Barrett,,,,pending,true,
musician-jojo-mayer,Jojo Mayer,Jojo Mayer,,,,pending,true,
musician-clifton-james,Clifton James,Clifton James,,,,pending,true,
musician-zigaboo-modeliste,Zigaboo Modeliste,Zigaboo Modeliste,,,,pending,true,
musician-philly-joe-jones,“Philly Joe” Jones,“Philly Joe” Jones,,,,pending,true,
musician-charlie-benante,Charlie Benante,Charlie Benante,,,,pending,true,
musician-matt-cameron,Matt Cameron,Matt Cameron,,,,pending,true,
musician-mickey-hart-and-bill-kreutzmann,Mickey Hart and Bill Kreutzmann,Mickey Hart and Bill Kreutzmann,,,,pending,true,
musician-questlove,Questlove,Questlove,,,,pending,true,
musician-fred-below,Fred Below,Fred Below,,,,pending,true,
musician-john-jr-robinson,John “JR” Robinson,John “JR” Robinson,,,,pending,true,
musician-manu-katche,Manu Katché,Manu Katché,,,80202682,pending,true,
musician-dale-crover,Dale Crover,Dale Crover,,,,pending,true,
musician-ahmir-uestlove-thompson,Ahmir “?uestlove” Thompson,Ahmir “?uestlove” Thompson,,,,pending,true,
musician-ramon-8220-tiki-8221-fullwood,Ramon &#8220;Tiki&#8221; Fullwood,Ramon &#8220;Tiki&#8221; Fullwood,,,,pending,true,
musician-jon-theodore,Jon Theodore,Jon Theodore,,,,pending,true,
musician-jimmy-chamberlin,Jimmy Chamberlin,Jimmy Chamberlin,,,,pending,true,
musician-bill-kreutzmann,Bill Kreutzmann,Bill Kreutzmann,,,,pending,true,
musician-vinny-appice,Vinny Appice,Vinny Appice,,,,pending,true,
musician-papa-jo-jones,“Papa Jo” Jones,“Papa Jo” Jones,,,,pending,true,
musician-jerry-allison,Jerry Allison,Jerry Allison,,,,pending,true,
musician-tony-royster-jr,Tony Royster Jr.,Tony Royster Jr.,,,,pending,true,
musician-janet-weiss,Janet Weiss,Janet Weiss,,,,pending,true,
musician-josh-freese,Josh Freese,Josh Freese,,,,pending,true,
musician-matt-garstka,Matt Garstka,Matt Garstka,,,,pending,true,
musician-michael-shrieve,Michael Shrieve,Michael Shrieve,,,,pending,true,
musician-dave-garibaldi,Dave Garibaldi,Dave Garibaldi,,,,pending,true,
musician-max-weinberg,Max Weinberg,Max Weinberg,,,,pending,true,
musician-tommy-lee,Tommy Lee,Tommy Lee,,,68696,pending,true,
musician-john-8220-drumbo-8221-french,John &#8220;Drumbo&#8221; French,John &#8220;Drumbo&#8221; French,,,,pending,true,
musician-danny-seraphine,Danny Seraphine,Danny Seraphine,,,,pending,true,
musician-clem-burke,Clem Burke,Clem Burke,,,,pending,true,
musician-mark-guiliana,Mark Guiliana,Mark Guiliana,,,18239741,pending,true,
musician-cozy-powell,Cozy Powell,Cozy Powell,,,1419310,pending,true,
musician-omar-hakim,Omar Hakim,Omar Hakim,,,,pending,true,
musician-brann-dailor,Brann Dailor,Brann Dailor,,,,pending,true,
musician-gavin-harrison,Gavin Harrison,Gavin Harrison,,,,pending,true,
musician-alex-acuna,Alex Acuña,Alex Acuña,,,,pending,true,
musician-kenny-clarke,Kenny Clarke,Kenny Clarke,,,,pending,true,
musician-ahmir-8220-questlove-8221-thompson,Ahmir &#8220;Questlove&#8221; Thompson,Ahmir &#8220;Questlove&#8221; Thompson,,,,pending,true,
musician-larry-mullen-jr,Larry Mullen Jr.,Larry Mullen Jr.,,,,pending,true,
musician-tony-thompson,Tony Thompson,Tony Thompson,,,,pending,true,
musician-mario-duplantier,Mario Duplantier,Mario Duplantier,,,,pending,true,
musician-richie-hayward,Richie Hayward,Richie Hayward,,,,pending,true,
musician-jimmy-cobb,Jimmy Cobb,Jimmy Cobb,,,,pending,true,
musician-gene-hoglan,Gene Hoglan,Gene Hoglan,,,,pending,true,
musician-moe-tucker,Moe Tucker,Moe Tucker,,,,pending,true,
musician-jim-gordon,Jim Gordon,Jim Gordon,,,,pending,true,
musician-tommy-aldridge,Tommy Aldridge,Tommy Aldridge,,,,pending,true,
musician-mick-fleetwood,Mick Fleetwood,Mick Fleetwood,,,,pending,true,
musician-terri-lyne-carrington,Terri Lyne Carrington,Terri Lyne Carrington,,,,pending,true,
musician-antonio-sanchez,Antonio Sánchez,Antonio Sánchez,,,,pending,true,
musician-brian-blade,Brian Blade,Brian Blade,,,3625495,pending,true,
musician-dominic-howard,Dominic Howard,Dominic Howard,,,,pending,true,
musician-jerry-carrigan,Jerry Carrigan,Jerry Carrigan,,,,pending,true,
musician-sly-dunbar,Sly Dunbar,Sly Dunbar,,,,pending,true,
musician-meg-white,Meg White,Meg White,,,,pending,true,
musician-greg-errico,Greg Errico,Greg Errico,,,,pending,true,
musician-viola-smith,Viola Smith,Viola Smith,,,,pending,true,
musician-abe-cunningham,Abe Cunningham,Abe Cunningham,,,,pending,true,
musician-jerome-8220-bigfoot-8221-brailey,Jerome &#8220;Bigfoot&#8221; Brailey,Jerome &#8220;Bigfoot&#8221; Brailey,,,,pending,true,
musician-chris-daddy-dave,Chris “Daddy” Dave,Chris “Daddy” Dave,,,,pending,true,
musician-john-blackwell-jr,John Blackwell Jr.,John Blackwell Jr.,,,,pending,true,
musician-mel-lewis,Mel Lewis,Mel Lewis,,,,pending,true,
musician-simon-phillips,Simon Phillips,Simon Phillips,,,1358769013,pending,true,
musician-tommy-ramone,Tommy Ramone,Tommy Ramone,,,,pending,true,
musician-butch-trucks-and-jaimoe,Butch Trucks and Jaimoe,Butch Trucks and Jaimoe,,,,pending,true,
musician-joseph-ziggy-modeliste,Joseph “Ziggy” Modeliste,Joseph “Ziggy” Modeliste,,,,pending,true,
musician-steve-white,Steve White,Steve White,,,,pending,true,
musician-horacio-el-negro-hernandez,Horacio “El Negro” Hernández,Horacio “El Negro” Hernández,,,,pending,true,
musician-james-8220-diamond-8221-williams,James &#8220;Diamond&#8221; Williams,James &#8220;Diamond&#8221; Williams,,,,pending,true,
musician-pete-thomas,Pete Thomas,Pete Thomas,,,,pending,true,
musician-russ-kunkel,Russ Kunkel,Russ Kunkel,,,,pending,true,
musician-earl-hudson,Earl Hudson,Earl Hudson,,,,pending,true,
musician-earl-young,Earl Young,Earl Young,,,,pending,true,
musician-mike-mangini,Mike Mangini,Mike Mangini,,,,pending,true,
musician-micky-waller,Micky Waller,Micky Waller,,,,pending,true,
musician-mick-avory,Mick Avory,Mick Avory,,,,pending,true,
musician-thomas-pridgen,Thomas Pridgen,Thomas Pridgen,,,,pending,true,
musician-igor-cavalera,Igor Cavalera,Igor Cavalera,,,,pending,true,
musician-todd-sucherman,Todd Sucherman,Todd Sucherman,,,,pending,true,
musician-jr-robinson,JR Robinson,JR Robinson,,,,pending,true,
musician-virgil-donati,Virgil Donati,Virgil Donati,,,,pending,true,
musician-the-rev,The Rev,The Rev,,,,pending,true,
musician-glenn-kotche,Glenn Kotche,Glenn Kotche,,,,pending,true,
musician-gregg-bissonette,Gregg Bissonette,Gregg Bissonette,,,,pending,true,
musician-louis-cole,Louis Cole,Louis Cole,,,217665909,pending,true,
musician-colin-cozy-powell,Colin “Cozy” Powell,Colin “Cozy” Powell,,,,pending,true,
musician-papa-joe-jones,Papa Joe Jones,Papa Joe Jones,,,,pending,true,
musician-ronald-shannon-jackson,Ronald Shannon Jackson,Ronald Shannon Jackson,,,,pending,true,
musician-john-stanier,John Stanier,John Stanier,,,,pending,true,
musician-jonathan-sugarfoot-moffett,Jonathan “Sugarfoot” Moffett,Jonathan “Sugarfoot” Moffett,,,,pending,true,
musician-marco-minnemann,Marco Minnemann,Marco Minnemann,,,,pending,true,
musician-stanton-moore,Stanton Moore,Stanton Moore,,,,pending,true,
musician-benny-greb,Benny Greb,Benny Greb,,,,pending,true,
musician-george-hurley,George Hurley,George Hurley,,,,pending,true,
musician-larnell-lewis,Larnell Lewis,Larnell Lewis,,,1397083265,pending,true,
musician-bill-stevenson,Bill Stevenson,Bill Stevenson,,,,pending,true,
musician-matt-halpern,Matt Halpern,Matt Halpern,,,,pending,true,
musician-brian-bennett,Brian Bennett,Brian Bennett,,,,pending,true,
musician-brian-chippendale,Brian Chippendale,Brian Chippendale,,,,pending,true,
musician-jon-fishman,Jon Fishman,Jon Fishman,,,,pending,true,
musician-andols-herrick,Andols Herrick,Andols Herrick,,,,pending,true,
musician-abe-laboriel-jr,Abe Laboriel Jr.,Abe Laboriel Jr.,,,,pending,true,
musician-ralph-molina,Ralph Molina,Ralph Molina,,,,pending,true,
musician-stella-mozgawa,Stella Mozgawa,Stella Mozgawa,,,,pending,true,
musician-topper-headon,Topper Headon,Topper Headon,,,,pending,true,
musician-alex-rodriguez,Alex Rodriguez,Alex Rodriguez,,,,pending,true,
musician-robert-wyatt,Robert Wyatt,Robert Wyatt,,,5618169,pending,true,
musician-chris-dave,Chris Dave,Chris Dave,,,,pending,true,
musician-taylor-hawkins,Taylor Hawkins,Taylor Hawkins,,,211475537,pending,true,
musician-will-calhoun,Will Calhoun,Will Calhoun,,,,pending,true,
musician-gina-schock,Gina Schock,Gina Schock,,,,pending,true,
musician-cindy-blackman,Cindy Blackman,Cindy Blackman,,,,pending,true,
musician-steven-adler,Steven Adler,Steven Adler,,,,pending,true,
musician-anika-nilles,Anika Nilles,Anika Nilles,,,875765847,pending,true,
musician-christian-vander,Christian Vander,Christian Vander,,,,pending,true,
musician-jimmy-the-rev-sullivan,Jimmy “The Rev” Sullivan,Jimmy “The Rev” Sullivan,,,,pending,true,
musician-mikkey-dee,Mikkey Dee,Mikkey Dee,,,,pending,true,
musician-jaco-pastorius,Jaco Pastorius,Jaco Pastorius,,,205965,pending,true,
musician-john-entwistle,John Entwistle,John Entwistle,,,320611,pending,true,
musician-james-jamerson,James Jamerson,James Jamerson,,,31381698,pending,true,
musician-jack-bruce,Jack Bruce,Jack Bruce,,,,pending,true,
musician-chris-squire,Chris Squire,Chris Squire,,,2320793,pending,true,
musician-stanley-clarke,Stanley Clarke,Stanley Clarke,,,544227,pending,true,
musician-john-paul-jones,John Paul Jones,John Paul Jones,,,2036339,pending,true,
musician-carol-kaye,Carol Kaye,Carol Kaye,,,,pending,true,
musician-larry-graham,Larry Graham,Larry Graham,,,722093,pending,true,
musician-charles-mingus,Charles Mingus,Charles Mingus,,,478880,pending,true,
musician-flea,Flea,Flea,,,463953572,pending,true,
musician-bootsy-collins,Bootsy Collins,Bootsy Collins,,,712040,pending,true,
musician-ron-carter,Ron Carter,Ron Carter,,,44773,pending,true,
musician-geezer-butler,Geezer Butler,Geezer Butler,,,,pending,true,
musician-les-claypool,Les Claypool,Les Claypool,,,4926520,pending,true,
musician-donald-duck-dunn,Donald “Duck” Dunn,Donald “Duck” Dunn,,,,pending,true,
musician-lemmy,Lemmy,Lemmy,,,3201284,pending,true,
musician-cliff-burton,Cliff Burton,Cliff Burton,,,,pending,true,
musician-victor-wooten,Victor Wooten,Victor Wooten,,,4590999,pending,true,
musician-charlie-haden,Charlie Haden,Charlie Haden,,,31805,pending,true,
musician-willie-dixon,Willie Dixon,Willie Dixon,,,95629,pending,true,
musician-aston-family-man-barrett,Aston “Family Man” Barrett,Aston “Family Man” Barrett,,,,pending,true,
musician-george-porter-jr,George Porter Jr.,George Porter Jr.,,,,pending,true,
musician-billy-sheehan,Billy Sheehan,Billy Sheehan,,,,pending,true,
musician-phil-lesh,Phil Lesh,Phil Lesh,,,,pending,true,
musician-pino-palladino,Pino Palladino,Pino Palladino,,,78127,pending,true,
musician-louis-johnson,Louis Johnson,Louis Johnson,,,,pending,true,
musician-steve-harris,Steve Harris,Steve Harris,,,,pending,true,
musician-simon-gallup,Simon Gallup,Simon Gallup,,,,pending,true,
musician-jack-casady,Jack Casady,Jack Casady,,,,pending,true,
musician-verdine-white,Verdine White,Verdine White,,,,pending,true,
musician-marcus-miller,Marcus Miller,Marcus Miller,,,23450,pending,true,
musician-anthony-jackson,Anthony Jackson,Anthony Jackson,,,,pending,true,
musician-tony-levin,Tony Levin,Tony Levin,,,2320830,pending,true,
musician-ray-brown,Ray Brown,Ray Brown,,,,pending,true,
musician-jj-burnel,JJ Burnel,JJ Burnel,,,,pending,true,
musician-chuck-rainey,Chuck Rainey,Chuck Rainey,,,,pending,true,
musician-bill-black,Bill Black,Bill Black,,,,pending,true,
musician-david-hood,David Hood,David Hood,,,,pending,true,
musician-israel-cachao-lopez,Israel Cachao López,Israel Cachao López,,,,pending,true,
musician-bernard-edwards,Bernard Edwards,Bernard Edwards,,,,pending,true,
musician-scott-lafaro,Scott LaFaro,Scott LaFaro,,,,pending,true,
musician-rocco-prestia,Rocco Prestia,Rocco Prestia,,,,pending,true,
musician-john-patitucci,John Patitucci,John Patitucci,,,,pending,true,
musician-leland-sklar,Leland Sklar,Leland Sklar,,,,pending,true,
musician-peter-hook,Peter Hook,Peter Hook,,,892955,pending,true,
musician-paul-chambers,Paul Chambers,Paul Chambers,,,2162181,pending,true,
musician-robbie-shakespeare,Robbie Shakespeare,Robbie Shakespeare,,,,pending,true,
musician-nikki-sixx,Nikki Sixx,Nikki Sixx,,,,pending,true,
musician-john-wetton,John Wetton,John Wetton,,,,pending,true,
musician-will-lee,Will Lee,Will Lee,,,,pending,true,
musician-oscar-pettiford,Oscar Pettiford,Oscar Pettiford,,,,pending,true,
musician-mike-watt,Mike Watt,Mike Watt,,,417202851,pending,true,
musician-esperanza-spalding,Esperanza Spalding,Esperanza Spalding,,,73212782,pending,true,
musician-meshell-ndegeocello,Meshell Ndegeocello,Meshell Ndegeocello,,,22728,pending,true,
musician-jimmy-blanton,Jimmy Blanton,Jimmy Blanton,,,,pending,true,
musician-mick-karn,Mick Karn,Mick Karn,,,,pending,true,
musician-tina-weymouth,Tina Weymouth,Tina Weymouth,,,,pending,true,
musician-rick-danko,Rick Danko,Rick Danko,,,,pending,true,
musician-bill-wyman,Bill Wyman,Bill Wyman,,,,pending,true,
musician-mark-king,Mark King,Mark King,,,,pending,true,
musician-suzi-quatro,Suzi Quatro,Suzi Quatro,,,14586001,pending,true,
musician-abraham-laboriel,Abraham Laboriel,Abraham Laboriel,,,,pending,true,
musician-joe-osborn,Joe Osborn,Joe Osborn,,,,pending,true,
musician-gene-simmons,Gene Simmons,Gene Simmons,,,128831,pending,true,
musician-nathan-east,Nathan East,Nathan East,,,,pending,true,
musician-paul-jackson,Paul Jackson,Paul Jackson,,,,pending,true,
musician-justin-chancellor,Justin Chancellor,Justin Chancellor,,,,pending,true,
musician-berry-oakley,Berry Oakley,Berry Oakley,,,,pending,true,
musician-bernard-odum,Bernard Odum,Bernard Odum,,,,pending,true,
musician-eddie-gomez,Eddie Gomez,Eddie Gomez,,,,pending,true,
musician-john-deacon,John Deacon,John Deacon,,,,pending,true,
musician-john-myung,John Myung,John Myung,,,,pending,true,
musician-andrew-gouche,Andrew Gouché,Andrew Gouché,,,,pending,true,
musician-duff-mckagan,Duff McKagan,Duff McKagan,,,1643000,pending,true,
musician-willie-weeks,Willie Weeks,Willie Weeks,,,,pending,true,
musician-bakithi-kumalo,Bakithi Kumalo,Bakithi Kumalo,,,,pending,true,
musician-bob-babbitt,Bob Babbitt,Bob Babbitt,,,,pending,true,
musician-gary-willis,Gary Willis,Gary Willis,,,,pending,true,
musician-bob-moore,Bob Moore,Bob Moore,,,,pending,true,
musician-jeff-berlin,Jeff Berlin,Jeff Berlin,,,,pending,true,
musician-jerry-scheff,Jerry Scheff,Jerry Scheff,,,,pending,true,
musician-steve-swallow,Steve Swallow,Steve Swallow,,,,pending,true,
musician-john-taylor,John Taylor,John Taylor,,,,pending,true,
musician-kim-gordon,Kim Gordon,Kim Gordon,,,27266002,pending,true,
musician-percy-heath,Percy Heath,Percy Heath,,,,pending,true,
musician-edgar-meyer,Edgar Meyer,Edgar Meyer,,,,pending,true,
musician-jerry-jemmott,Jerry Jemmott,Jerry Jemmott,,,,pending,true,
musician-stu-hamm,Stu Hamm,Stu Hamm,,,,pending,true,
musician-matt-garrison,Matt Garrison,Matt Garrison,,,,pending,true,
musician-oteil-burbridge,Oteil Burbridge,Oteil Burbridge,,,,pending,true,
musician-richard-bona,Richard Bona,Richard Bona,,,463226,pending,true,
musician-phil-lynott,Phil Lynott,Phil Lynott,,,13501363,pending,true,
musician-niels-henning-rsted-pedersen,Niels-Henning Ørsted Pedersen,Niels-Henning Ørsted Pedersen,,,,pending,true,
musician-doug-wimbish,Doug Wimbish,Doug Wimbish,,,,pending,true,
musician-richard-davis,Richard Davis,Richard Davis,,,,pending,true,
musician-dave-holland,Dave Holland,Dave Holland,,,2890370,pending,true,
musician-mike-rutherford,Mike Rutherford,Mike Rutherford,,,,pending,true,
musician-jimmy-johnson,Jimmy Johnson,Jimmy Johnson,,,,pending,true,
musician-thundercat,Thundercat,Thundercat,,,367322286,pending,true,
musician-christian-mcbride,Christian McBride,Christian McBride,,,46261,pending,true,
musician-robert-trujillo,Robert Trujillo,Robert Trujillo,,,,pending,true,
musician-victor-bailey,Victor Bailey,Victor Bailey,,,,pending,true,
musician-bruce-thomas,Bruce Thomas,Bruce Thomas,,,,pending,true,
musician-michael-manring,Michael Manring,Michael Manring,,,,pending,true,
musician-bruce-foxton,Bruce Foxton,Bruce Foxton,,,,pending,true,
musician-john-mcvie,John McVie,John McVie,,,,pending,true,
musician-dee-murray,Dee Murray,Dee Murray,,,,pending,true,
musician-kasim-sulton,Kasim Sulton,Kasim Sulton,,,,pending,true,
musician-joey-spampinato,Joey Spampinato,Joey Spampinato,,,,pending,true,
musician-dave-pegg,Dave Pegg,Dave Pegg,,,,pending,true,
musician-chris-wolstenholme,Chris Wolstenholme,Chris Wolstenholme,,,,pending,true,
musician-tim-bogert,Tim Bogert,Tim Bogert,,,,pending,true,
musician-nick-lowe,Nick Lowe,Nick Lowe,,,471958,pending,true,
musician-jonas-hellborg,Jonas Hellborg,Jonas Hellborg,,,,pending,true,
musician-gail-ann-dorsey,Gail Ann Dorsey,Gail Ann Dorsey,,,6399965,pending,true,
musician-red-mitchell,Red Mitchell,Red Mitchell,,,,pending,true,
musician-michael-rhodes,Michael Rhodes,Michael Rhodes,,,,pending,true,
musician-colin-moulding,Colin Moulding,Colin Moulding,,,,pending,true,
musician-joseph-makwela,Joseph Makwela,Joseph Makwela,,,,pending,true,
musician-bobby-rodriguez,Bobby Rodriguez,Bobby Rodriguez,,,,pending,true,
musician-mel-schacher,Mel Schacher,Mel Schacher,,,,pending,true,
musician-hadrien-feraud,Hadrien Feraud,Hadrien Feraud,,,,pending,true,
musician-bobby-vega,Bobby Vega,Bobby Vega,,,,pending,true,
musician-bill-laswell,Bill Laswell,Bill Laswell,,,238564,pending,true,
musician-roger-glover,Roger Glover,Roger Glover,,,,pending,true,
musician-ron-baker,Ron Baker,Ron Baker,,,,pending,true,
musician-leroy-slam-stewart,Leroy 'Slam' Stewart,Leroy 'Slam' Stewart,,,,pending,true,
musician-walter-page,Walter Page,Walter Page,,,,pending,true,
musician-mike-dirnt,Mike Dirnt,Mike Dirnt,,,,pending,true,
musician-percy-jones,Percy Jones,Percy Jones,,,,pending,true,
musician-nas,Nas,Nas,,,35307,pending,true,
musician-rakim,Rakim,Rakim,,,97217,pending,true,
musician-jay-z,Jay-Z,Jay-Z,,,1352449404,pending,true,
musician-andre-3000,André 3000,André 3000,,,3869739,pending,true,
musician-ice-cube,Ice Cube,Ice Cube,,,471370,pending,true,
musician-ll-cool-j,LL Cool J,LL Cool J,,,50311,pending,true,
musician-krs-one,KRS-One,KRS-One,,,397029,pending,true,
musician-scarface,Scarface,Scarface,,,140309,pending,true,
musician-big-daddy-kane,Big Daddy Kane,Big Daddy Kane,,,1710196,pending,true,
musician-black-thought,Black Thought,Black Thought,,,562258,pending,true,
musician-ghostface-killah,Ghostface Killah,Ghostface Killah,,,462455,pending,true,
musician-chuck-d,Chuck D,Chuck D,,,54631,pending,true,
musician-lil-wayne,Lil Wayne,Lil Wayne,,,5869117,pending,true,
musician-drake,Drake,Drake,,,271256,pending,true,
musician-redman,Redman,Redman,,,49881,pending,true,
musician-mf-doom,MF DOOM,MF DOOM,,,3864756,pending,true,
musician-q-tip,Q-Tip,Q-Tip,,,13833,pending,true,
musician-common,Common,Common,,,64490,pending,true,
musician-kanye-west,Kanye West,Kanye West,,,2715720,pending,true,
musician-j-cole,J. Cole,J. Cole,,,73705833,pending,true,
musician-50-cent,50 Cent,50 Cent,,,112058,pending,true,
musician-method-man,Method Man,Method Man,,,85732,pending,true,
musician-big-pun,Big Pun,Big Pun,,,,pending,true,
musician-kool-g-rap,Kool G Rap,Kool G Rap,,,5446871,pending,true,
musician-ice-t,Ice-T,Ice-T,,,79258918,pending,true,
musician-pusha-t,Pusha T,Pusha T,,,682277,pending,true,
musician-yasiin-bey,Yasiin Bey,Yasiin Bey,,,92012,pending,true,
musician-missy-elliott,Missy Elliott,Missy Elliott,,,162802,pending,true,
musician-raekwon,Raekwon,Raekwon,,,397104,pending,true,
musician-gza,GZA,GZA,,,64434,pending,true,
musician-guru,Guru,Guru,,,54571,pending,true,
musician-lupe-fiasco,Lupe Fiasco,Lupe Fiasco,,,2851441,pending,true,
musician-big-l,Big L,Big L,,,855039,pending,true,
musician-pharoahe-monch,Pharoahe Monch,Pharoahe Monch,,,1559738,pending,true,
musician-ti,T.I.,T.I.,,,14967,pending,true,
musician-ludacris,Ludacris,Ludacris,,,352073,pending,true,
musician-masta-ace,Masta Ace,Masta Ace,,,4740654,pending,true,
musician-nicki-minaj,Nicki Minaj,Nicki Minaj,,,278464538,pending,true,
musician-inspectah-deck,Inspectah Deck,Inspectah Deck,,,769718,pending,true,
musician-treach,Treach,Treach,,,1466270,pending,true,
musician-future,Future,Future,,,128050210,pending,true,
musician-big-boi,Big Boi,Big Boi,,,130023951,pending,true,
musician-kool-keith,Kool Keith,Kool Keith,,,6199418,pending,true,
musician-jadakiss,Jadakiss,Jadakiss,,,109572,pending,true,
musician-mc-lyte,MC Lyte,MC Lyte,,,54606,pending,true,
musician-eazy-e,Eazy-E,Eazy-E,,,14852588,pending,true,
musician-a-ap-rocky,A$AP Rocky,A$AP Rocky,,,481488005,pending,true,
musician-aesop-rock,Aesop Rock,Aesop Rock,,,3858833,pending,true,
musician-travis-scott,Travis Scott,Travis Scott,,,549236696,pending,true,
musician-e-40,E-40,E-40,,,998978,pending,true,
musician-prodigy,Prodigy,Prodigy,,,150699546,pending,true,
musician-bun-b,Bun B,Bun B,,,891461,pending,true,
musician-royce-da-5-9,"Royce da 5'9""","Royce da 5'9""",,,77878647,pending,true,
musician-xxxtentacion,XXXTentacion,XXXTentacion,,,1082533559,pending,true,
musician-donald-glover,Donald Glover,Donald Glover,,,,pending,true,
musician-tyler-the-creator,"Tyler, the Creator","Tyler, the Creator",,,420368335,pending,true,
musician-gucci-mane,Gucci Mane,Gucci Mane,,,62374520,pending,true,
musician-nate-dogg,Nate Dogg,Nate Dogg,,,21757,pending,true,
musician-kid-cudi,Kid Cudi,Kid Cudi,,,273058501,pending,true,
musician-kurupt,Kurupt,Kurupt,,,133394,pending,true,
musician-run-dmc,Run–DMC,Run–DMC,,,,pending,true,
musician-slick-rick,Slick Rick,Slick Rick,,,120784,pending,true,
musician-dr-dre,Dr. Dre,Dr. Dre,,,35315,pending,true,
musician-logic,Logic,Logic,,,30865945,pending,true,
musician-tech-n9ne,Tech N9ne,Tech N9ne,,,15240917,pending,true,
musician-chance-the-rapper,Chance The Rapper,Chance The Rapper,,,563355119,pending,true,
musician-wiz-khalifa,Wiz Khalifa,Wiz Khalifa,,,201714418,pending,true,
musician-joey-bada,Joey Bada$$,Joey Bada$$,,,577261450,pending,true,
musician-juice-wrld,Juice WRLD,Juice WRLD,,,1368733420,pending,true,
musician-denzel-curry,Denzel Curry,Denzel Curry,,,631440154,pending,true,
musician-lil-kim,Lil' Kim,Lil' Kim,,,155408,pending,true,
musician-mac-miller,Mac Miller,Mac Miller,,,419944559,pending,true,
musician-21-savage,21 Savage,21 Savage,,,894820464,pending,true,
musician-meek-mill,Meek Mill,Meek Mill,,,313865761,pending,true,
musician-xzibit,Xzibit,Xzibit,,,106492,pending,true,
musician-big-sean,Big Sean,Big Sean,,,302533564,pending,true,
musician-schoolboy-q,Schoolboy Q,Schoolboy Q,,,333097675,pending,true,
musician-rza,RZA,RZA,,,261106237,pending,true,
musician-2-chainz,2 Chainz,2 Chainz,,,435300447,pending,true,
musician-nelly,Nelly,Nelly,,,351794,pending,true,
musician-joyner-lucas,Joyner Lucas,Joyner Lucas,,,888715002,pending,true,
musician-lil-uzi-vert,Lil Uzi Vert,Lil Uzi Vert,,,940710524,pending,true,
musician-rick-ross,Rick Ross,Rick Ross,,,4022281,pending,true,
musician-warren-g,Warren G,Warren G,,,81873252,pending,true,
musician-killer-mike,Killer Mike,Killer Mike,,,1320637,pending,true,
musician-darryl-mcdaniels,Darryl McDaniels,Darryl McDaniels,,,,pending,true,
musician-jid,J.I.D,J.I.D,,,,pending,true,
musician-grandmaster-flash-and-the-furious-five,Grandmaster Flash and the Furious Five,Grandmaster Flash and the Furious Five,,,,pending,true,
musician-freddie-gibbs,Freddie Gibbs,Freddie Gibbs,,,302166615,pending,true,
musician-the-game,The Game,The Game,,,261727947,pending,true,
musician-talib-kweli,Talib Kweli,Talib Kweli,,,69378,pending,true,
musician-styles-p,Styles P,Styles P,,,47138130,pending,true,
musician-roc-marciano,Roc Marciano,Roc Marciano,,,250063874,pending,true,
musician-quavo,Quavo,Quavo,,,673556643,pending,true,
musician-fabolous,Fabolous,Fabolous,,,204891,pending,true,
musician-proof,Proof,Proof,,,3950462,pending,true,
musician-coolio,Coolio,Coolio,,,625207,pending,true,
musician-young-thug,Young Thug,Young Thug,,,81886939,pending,true,
musician-t-pain,T-Pain,T-Pain,,,256673237,pending,true,
musician-ski-mask-the-slump-god,Ski Mask The Slump God,Ski Mask The Slump God,,,1174308445,pending,true,
musician-lil-baby,Lil Baby,Lil Baby,,,1276656483,pending,true,
musician-az,AZ,AZ,,,35299,pending,true,
musician-too-hort,Too $hort,Too $hort,,,145173964,pending,true,
musician-ferg,FERG,FERG,,,,pending,true,
musician-ra-the-rugged-man,R.A. The Rugged Man,R.A. The Rugged Man,,,181351415,pending,true,
musician-polo-g,Polo G,Polo G,,,1159371412,pending,true,
musician-dj-quik,DJ Quik,DJ Quik,,,184839847,pending,true,
musician-twista,Twista,Twista,,,745519,pending,true,
musician-jeezy,Jeezy,Jeezy,,,276972832,pending,true,
musician-hopsin,Hopsin,Hopsin,,,280980359,pending,true,
musician-kurtis-blow,Kurtis Blow,Kurtis Blow,,,57693,pending,true,
musician-offset,Offset,Offset,,,3973268,pending,true,
musician-lil-dicky,Lil Dicky,Lil Dicky,,,667590649,pending,true,
musician-will-smith,Will Smith,Will Smith,,,628845,pending,true,
musician-chief-keef,Chief Keef,Chief Keef,,,516663045,pending,true,
musician-krayzie-bone,Krayzie Bone,Krayzie Bone,,,54565,pending,true,
musician-mc-ren,MC Ren,MC Ren,,,471361,pending,true,
musician-nf,NF,NF,,,898094630,pending,true,
musician-queen-latifah,Queen Latifah,Queen Latifah,,,352428,pending,true,
musician-g-eazy,G-Eazy,G-Eazy,,,275649746,pending,true,
musician-melle-mel,Melle Mel,Melle Mel,,,44058607,pending,true,
musician-post-malone,Post Malone,Post Malone,,,966309175,pending,true,
musician-juicy-j,Juicy J,Juicy J,,,6392055,pending,true,
musician-phife-dawg,Phife Dawg,Phife Dawg,,,,pending,true,
musician-fat-joe,Fat Joe,Fat Joe,,,150627775,pending,true,
musician-gift-of-gab,Gift of Gab,Gift of Gab,,,,pending,true,
musician-king-von,King Von,King Von,,,1231467923,pending,true,
musician-el-p,El-P,El-P,,,,pending,true,
musician-pharrell-williams,Pharrell Williams,Pharrell Williams,,,1361068,pending,true,
musician-yg,YG,YG,,,189792075,pending,true,
musician-kodak-black,Kodak Black,Kodak Black,,,953921140,pending,true,
musician-roddy-ricch,Roddy Ricch,Roddy Ricch,,,1212442072,pending,true,
musician-cam-ron,Cam'ron,Cam'ron,,,416445,pending,true,
musician-playboi-carti,Playboi Carti,Playboi Carti,,,982372505,pending,true,
musician-dababy,DaBaby,DaBaby,,,1175595427,pending,true,
musician-canibus,Canibus,Canibus,,,358639,pending,true,
musician-vince-staples,Vince Staples,Vince Staples,,,566639154,pending,true,
musician-afroman,Afroman,Afroman,,,88434,pending,true,
musician-mc-hammer,MC Hammer,MC Hammer,,,197843,pending,true,
musician-the-doc,The D.O.C.,The D.O.C.,,,714189,pending,true,
musician-posdnuos,Posdnuos,Posdnuos,,,,pending,true,
musician-earl-sweatshirt,Earl Sweatshirt,Earl Sweatshirt,,,445693504,pending,true,
musician-ab-soul,Ab-Soul,Ab-Soul,,,392386318,pending,true,
musician-benny-the-butcher,Benny the Butcher,Benny the Butcher,,,1281676587,pending,true,
musician-a-boogie-wit-da-hoodie,A Boogie wit da Hoodie,A Boogie wit da Hoodie,,,1068300376,pending,true,
musician-anderson-paak,Anderson .Paak,Anderson .Paak,,,855484536,pending,true,
musician-obie-trice,Obie Trice,Obie Trice,,,112063,pending,true,
musician-nle-choppa,NLE Choppa,NLE Choppa,,,1449052753,pending,true,
musician-bob,B.o.B,B.o.B,,,259700865,pending,true,
musician-mc-eiht,MC Eiht,MC Eiht,,,470719,pending,true,
musician-wyclef-jean,Wyclef Jean,Wyclef Jean,,,14154,pending,true,
musician-immortal-technique,Immortal Technique,Immortal Technique,,,19999718,pending,true,
musician-gunna,Gunna,Gunna,,,1236267297,pending,true,
musician-phonte,Phonte,Phonte,,,27760699,pending,true,
musician-del-the-funky-homosapien,Del the Funky Homosapien,Del the Funky Homosapien,,,210114623,pending,true,
musician-biz-markie,Biz Markie,Biz Markie,,,397061,pending,true,
musician-rapsody,Rapsody,Rapsody,,,6283845,pending,true,
musician-lil-tjay,Lil Tjay,Lil Tjay,,,1436446949,pending,true,
musician-ynw-melly,YNW Melly,YNW Melly,,,1294478827,pending,true,
musician-waka-flocka-flame,Waka Flocka Flame,Waka Flocka Flame,,,342826213,pending,true,
musician-fetty-wap,Fetty Wap,Fetty Wap,,,872900424,pending,true,
musician-billy-woods,billy woods,billy woods,,,18117504,pending,true,
musician-youngboy-never-broke-again,YoungBoy Never Broke Again,YoungBoy Never Broke Again,,,1168822104,pending,true,
musician-master-p,Master P,Master P,,,1185894,pending,true,
musician-lil-jon,Lil Jon,Lil Jon,,,1869683,pending,true,
musician-jay-rock,Jay Rock,Jay Rock,,,204678674,pending,true,
musician-macklemore,Macklemore,Macklemore,,,283347662,pending,true,
musician-mase,Mase,Mase,,,1413499,pending,true,
musician-swae-lee,Swae Lee,Swae Lee,,,922547500,pending,true,
musician-b-real,B-Real,B-Real,,,6923368,pending,true,
musician-lloyd-banks,Lloyd Banks,Lloyd Banks,,,5499815,pending,true,
musician-lil-yachty,Lil Yachty,Lil Yachty,,,1080733657,pending,true,
musician-william,will.i.am,will.i.am,,,3495273,pending,true,
musician-ty-dolla-ign,Ty Dolla $ign,Ty Dolla $ign,,,602917745,pending,true,
musician-sir-mix-a-lot,Sir Mix-a-Lot,Sir Mix-a-Lot,,,1268817,pending,true,
musician-heavy-d,Heavy D,Heavy D,,,414708368,pending,true,
musician-kool-moe-dee,Kool Moe Dee,Kool Moe Dee,,,5364446,pending,true,
musician-bizzy-bone,Bizzy Bone,Bizzy Bone,,,3531380,pending,true,
musician-blu,Blu,Blu,,,,pending,true,
musician-lil-durk,Lil Durk,Lil Durk,,,541282483,pending,true,
musician-ka,Ka,Ka,,,,pending,true,
musician-eve,Eve,Eve,,,108709,pending,true,
musician-sean-price,Sean Price,Sean Price,,,4493200,pending,true,
musician-trippie-redd,Trippie Redd,Trippie Redd,,,1203172438,pending,true,
musician-kevin-gates,Kevin Gates,Kevin Gates,,,298383551,pending,true,
musician-wale,Wale,Wale,,,129335935,pending,true,
musician-ja-rule,Ja Rule,Ja Rule,,,134420,pending,true,
musician-cordae,Cordae,Cordae,,,1384072011,pending,true,
musician-project-pat,Project Pat,Project Pat,,,628004,pending,true,
musician-layzie-bone,Layzie Bone,Layzie Bone,,,,pending,true,
musician-doja-cat,Doja Cat,Doja Cat,,,830588310,pending,true,
musician-beanie-sigel,Beanie Sigel,Beanie Sigel,,,136163,pending,true,
musician-machine-gun-kelly,Machine Gun Kelly,Machine Gun Kelly,,,,pending,true,
musician-yelawolf,Yelawolf,Yelawolf,,,424044507,pending,true,
musician-cardi-b,Cardi B,Cardi B,,,956078923,pending,true,
musician-big-krit,Big K.R.I.T.,Big K.R.I.T.,,,159204910,pending,true,
musician-elzhi,Elzhi,Elzhi,,,73321869,pending,true,
musician-takeoff,Takeoff,Takeoff,,,398509267,pending,true,
musician-chamillionaire,Chamillionaire,Chamillionaire,,,21807249,pending,true,
musician-juvenile,Juvenile,Juvenile,,,1464606,pending,true,
musician-ras-kass,Ras Kass,Ras Kass,,,471218,pending,true,
musician-megan-thee-stallion,Megan Thee Stallion,Megan Thee Stallion,,,1258989914,pending,true,
musician-lisa-lopes,Lisa Lopes,Lisa Lopes,,,,pending,true,
musician-erick-sermon,Erick Sermon,Erick Sermon,,,46087,pending,true,
musician-j-live,J-Live,J-Live,,,,pending,true,
musician-skepta,Skepta,Skepta,,,167376669,pending,true,
musician-joseph-simmons,Joseph Simmons,Joseph Simmons,,,,pending,true,
musician-doug-e-fresh,Doug E. Fresh,Doug E. Fresh,,,,pending,true,
musician-trick-daddy,Trick Daddy,Trick Daddy,,,146722,pending,true,
musician-remy-ma,Remy Ma,Remy Ma,,,74925230,pending,true,
musician-mystikal,Mystikal,Mystikal,,,1211916,pending,true,
musician-bigxthaplug,BigXthaPlug,BigXthaPlug,,,1482508209,pending,true,
musician-ace-hood,Ace Hood,Ace Hood,,,278942211,pending,true,
musician-lil-nas-x,Lil Nas X,Lil Nas X,,,1400730578,pending,true,
musician-no-malice,No Malice,No Malice,,,,pending,true,
musician-boosie-badazz,Boosie Badazz,Boosie Badazz,,,316099350,pending,true,
musician-grand-puba,Grand Puba,Grand Puba,,,703031,pending,true,
musician-havoc,Havoc,Havoc,,,1692775,pending,true,
musician-isaiah-rashad,Isaiah Rashad,Isaiah Rashad,,,605391263,pending,true,
musician-danny-brown,Danny Brown,Danny Brown,,,217291005,pending,true,
musician-tee-grizzley,Tee Grizzley,Tee Grizzley,,,1177271472,pending,true,
musician-amine,Aminé,Aminé,,,1097595072,pending,true,
musician-vic-mensa,Vic Mensa,Vic Mensa,,,598667873,pending,true,
musician-cappadonna,Cappadonna,Cappadonna,,,477371,pending,true,
musician-daz-dillinger,Daz Dillinger,Daz Dillinger,,,471436,pending,true,
musician-nore,N.O.R.E.,N.O.R.E.,,,139892,pending,true,
musician-rich-the-kid,Rich the Kid,Rich the Kid,,,561444659,pending,true,
musician-skyzoo,Skyzoo,Skyzoo,,,159718073,pending,true,
musician-adam-horovitz,Adam Horovitz,Adam Horovitz,,,,pending,true,
musician-mia,M.I.A.,M.I.A.,,,14677454,pending,true,
musician-u-god,U-God,U-God,,,,pending,true,
musician-pimp-c,Pimp C,Pimp C,,,148817361,pending,true,
musician-joe-budden,Joe Budden,Joe Budden,,,651901,pending,true,
musician-young-buck,Young Buck,Young Buck,,,3494663,pending,true,
musician-lecrae,LeCrae,LeCrae,,,130043072,pending,true,
musician-lil-skies,Lil Skies,Lil Skies,,,1162362760,pending,true,
musician-grandmaster-caz,Grandmaster Caz,Grandmaster Caz,,,,pending,true,
musician-dres,Dres,Dres,,,,pending,true,
musician-foxy-brown,Foxy Brown,Foxy Brown,,,35303,pending,true,
musician-schoolly-d,Schoolly D,Schoolly D,,,2290446,pending,true,
musician-lord-finesse,Lord Finesse,Lord Finesse,,,559246,pending,true,
musician-jimmy-spicer,Jimmy Spicer,Jimmy Spicer,,,,pending,true,
musician-spoonie-gee,Spoonie Gee,Spoonie Gee,,,,pending,true,
musician-ybn-nahmir,YBN Nahmir,YBN Nahmir,,,1287634670,pending,true,
musician-bizarre,Bizarre,Bizarre,,,1320715,pending,true,
musician-aceyalone,Aceyalone,Aceyalone,,,4192361,pending,true,
musician-murs,MURS,MURS,,,4192363,pending,true,
musician-roxanne-shante,Roxanne Shanté,Roxanne Shanté,,,,pending,true,
musician-killa-cam,Killa Cam,Killa Cam,,,,pending,true,
musician-da-brat,Da Brat,Da Brat,,,148916182,pending,true,
musician-mac-dre,Mac Dre,Mac Dre,,,4623846,pending,true,
musician-brother-ali,Brother Ali,Brother Ali,,,21890079,pending,true,
musician-rammellzee,Rammellzee,Rammellzee,,,,pending,true,
musician-open-mike-eagle,Open Mike Eagle,Open Mike Eagle,,,368967416,pending,true,
musician-lil-flip,Lil' Flip,Lil' Flip,,,1903801,pending,true,
musician-kuniva,Kuniva,Kuniva,,,,pending,true,
musician-trina,Trina,Trina,,,146575,pending,true,
musician-mc-ride,MC Ride,MC Ride,,,,pending,true,
musician-sheek-louch,Sheek Louch,Sheek Louch,,,1247509,pending,true,
musician-killah-priest,Killah Priest,Killah Priest,,,26480,pending,true,
musician-rev-run,Rev. Run,Rev. Run,,,,pending,true,
musician-the-lady-of-rage,The Lady of Rage,The Lady of Rage,,,,pending,true,
musician-jme,JME,JME,,,453427098,pending,true,
musician-luther-campbell,Luther Campbell,Luther Campbell,,,,pending,true,
musician-esham,Esham,Esham,,,17338800,pending,true,
musician-the-last-emperor,The Last Emperor,The Last Emperor,,,,pending,true,
musician-carl-cox,Carl Cox,Carl Cox,,,2811492,pending,true,
musician-david-guetta,David Guetta,David Guetta,,,5557599,pending,true,
musician-armin-van-buuren,Armin van Buuren,Armin van Buuren,,,17976294,pending,true,
musician-charlotte-de-witte,Charlotte de Witte,Charlotte de Witte,,,768227318,pending,true,
musician-peggy-gou,Peggy Gou,Peggy Gou,,,1068912248,pending,true,
musician-calvin-harris,Calvin Harris,Calvin Harris,,,201955086,pending,true,
musician-black-coffee,Black Coffee,Black Coffee,,,306140760,pending,true,
musician-tiesto,Tiësto,Tiësto,,,4091218,pending,true,
musician-fred-again,Fred again..,Fred again..,,,1455262408,pending,true,
musician-martin-garrix,Martin Garrix,Martin Garrix,,,430932944,pending,true,
musician-alok,Alok,Alok,,,324709167,pending,true,
musician-eric-prydz,Eric Prydz,Eric Prydz,,,27065447,pending,true,
musician-amelie-lens,Amelie Lens,Amelie Lens,,,1078801898,pending,true,
musician-timmy-trumpet,Timmy Trumpet,Timmy Trumpet,,,270602804,pending,true,
musician-fisher,FISHER,FISHER,,,1256012920,pending,true,
musician-afrojack,Afrojack,Afrojack,,,211210469,pending,true,
musician-anyma,Anyma,Anyma,,,1505813449,pending,true,
musician-vintage-culture,Vintage Culture,Vintage Culture,,,649942687,pending,true,
musician-don-diablo,Don Diablo,Don Diablo,,,76849154,pending,true,
musician-steve-aoki,Steve Aoki,Steve Aoki,,,271066694,pending,true,
musician-hardwell,Hardwell,Hardwell,,,270486655,pending,true,
musician-lost-frequencies,Lost Frequencies,Lost Frequencies,,,877792512,pending,true,
musician-reinier-zonneveld,Reinier Zonneveld,Reinier Zonneveld,,,,pending,true,
musician-kshmr,KSHMR,KSHMR,,,827795989,pending,true,
musician-alan-walker,Alan Walker,Alan Walker,,,1062085272,pending,true,
musician-oliver-heldens,Oliver Heldens,Oliver Heldens,,,608826395,pending,true,
musician-jamie-jones,Jamie Jones,Jamie Jones,,,16013761,pending,true,
musician-r3hab,R3hab,R3hab,,,331900515,pending,true,
musician-nicky-romero,Nicky Romero,Nicky Romero,,,285266258,pending,true,
musician-claptone,Claptone,Claptone,,,470488523,pending,true,
musician-joel-corry,Joel Corry,Joel Corry,,,1001696240,pending,true,
musician-indira-paganotto,Indira Paganotto,Indira Paganotto,,,501964677,pending,true,
musician-paul-van-dyk,Paul van Dyk,Paul van Dyk,,,6505474,pending,true,
musician-dj-snake,DJ Snake,DJ Snake,,,125742557,pending,true,
musician-dom-dolla,Dom Dolla,Dom Dolla,,,555348065,pending,true,
musician-marshmello,Marshmello,Marshmello,,,980795202,pending,true,
musician-zedd,Zedd,Zedd,,,368433979,pending,true,
musician-john-summit,John Summit,John Summit,,,1387587503,pending,true,
musician-quintino,Quintino,Quintino,,,,pending,true,
musician-michael-bibi,Michael Bibi,Michael Bibi,,,685311477,pending,true,
musician-deadmau5,Deadmau5,Deadmau5,,,78011850,pending,true,
musician-boris-brejcha,Boris Brejcha,Boris Brejcha,,,202970860,pending,true,
musician-korolova,Korolova,Korolova,,,1551178296,pending,true,
musician-alesso,Alesso,Alesso,,,432464201,pending,true,
musician-james-hype,James Hype,James Hype,,,925734064,pending,true,
musician-maddix,Maddix,Maddix,,,268115002,pending,true,
musician-hugel,HUGEL,HUGEL,,,978839124,pending,true,
musician-solomun,Solomun,Solomun,,,200779145,pending,true,
musician-mochakk,Mochakk,Mochakk,,,1230228889,pending,true,
musician-lilly-palmer,Lilly Palmer,Lilly Palmer,,,340777023,pending,true,
musician-nora-en-pure,Nora En Pure,Nora En Pure,,,346313872,pending,true,
musician-atb,ATB,ATB,,,4317519,pending,true,
musician-deborah-de-luca,Deborah De Luca,Deborah De Luca,,,454571932,pending,true,
musician-sara-landry,Sara Landry,Sara Landry,,,1332641349,pending,true,
musician-honey-dijon,Honey Dijon,Honey Dijon,,,355901599,pending,true,
musician-kolsch,Kölsch,Kölsch,,,,pending,true,
musician-dj-cash-money,DJ Cash Money,DJ Cash Money,,,,pending,true,
musician-dj-kool-herc,DJ Kool Herc,DJ Kool Herc,,,,pending,true,
musician-dj-qbert,DJ Qbert,DJ Qbert,,,,pending,true,
musician-grandmaster-flash,Grandmaster Flash,Grandmaster Flash,,,4084457,pending,true,
musician-jam-master-jay,Jam Master Jay,Jam Master Jay,,,,pending,true,
musician-nico-moreno,Nico Moreno,Nico Moreno,,,1104056812,pending,true,
musician-gordo,GORDO,GORDO,,,1555757371,pending,true,
musician-pawsa,PAWSA,PAWSA,,,805731630,pending,true,
musician-liu,Liu,Liu,,,435320662,pending,true,
musician-mike-williams,Mike Williams,Mike Williams,,,1086257963,pending,true,
musician-kaaze,KAAZE,KAAZE,,,803119165,pending,true,
musician-miss-monique,Miss Monique,Miss Monique,,,401265174,pending,true,
musician-burak-yeter,Burak Yeter,Burak Yeter,,,254710145,pending,true,
musician-mau-p,Mau P,Mau P,,,1636676418,pending,true,
musician-i-hate-models,I Hate Models,I Hate Models,,,1163791501,pending,true,
musician-chris-stussy,Chris Stussy,Chris Stussy,,,746159191,pending,true,
musician-wukong,WUKONG,WUKONG,,,1247316867,pending,true,
musician-fedde-le-grand,Fedde Le Grand,Fedde Le Grand,,,160618202,pending,true,
musician-ferry-corsten,Ferry Corsten,Ferry Corsten,,,3688902,pending,true,
musician-plastik-funk,Plastik Funk,Plastik Funk,,,,pending,true,
musician-b-jones,B Jones,B Jones,,,,pending,true,
musician-giuseppe-ottaviani,Giuseppe Ottaviani,Giuseppe Ottaviani,,,,pending,true,
musician-cuebrick,Cuebrick,Cuebrick,,,,pending,true,
musician-mariana-bo,Mariana Bo,Mariana Bo,,,,pending,true,
musician-fantasm,Fantasm,Fantasm,,,493509629,pending,true,
musician-chris-lake,Chris Lake,Chris Lake,,,135067114,pending,true,
musician-faustix,Faustix,Faustix,,,,pending,true,
musician-nils-van-zandt,Nils van Zandt,Nils van Zandt,,,,pending,true,
musician-topic,Topic,Topic,,,1075860684,pending,true,
musician-a-trak,A-Trak,A-Trak,,,70281883,pending,true,
musician-adam-beyer,Adam Beyer,Adam Beyer,,,101672291,pending,true,
musician-afrika-bambaataa,Afrika Bambaataa,Afrika Bambaataa,,,28680984,pending,true,
musician-andrew-weatherall,Andrew Weatherall,Andrew Weatherall,,,,pending,true,
musician-andy-c,Andy C,Andy C,,,111544331,pending,true,
musician-avicii,Avicii,Avicii,,,298496035,pending,true,
musician-ben-klock,Ben Klock,Ben Klock,,,218499535,pending,true,
musician-brucie-b,Brucie B,Brucie B,,,,pending,true,
musician-cosmic-kev,Cosmic Kev,Cosmic Kev,,,,pending,true,
musician-cut-chemist,Cut Chemist,Cut Chemist,,,445248989,pending,true,
musician-david-mancuso,David Mancuso,David Mancuso,,,,pending,true,
musician-david-rodigan,David Rodigan,David Rodigan,,,,pending,true,
musician-dj-alfredo,DJ Alfredo,DJ Alfredo,,,,pending,true,
musician-dj-andy-smith,DJ Andy Smith,DJ Andy Smith,,,,pending,true,
musician-dj-babu,DJ Babu,DJ Babu,,,,pending,true,
musician-dj-chuck-chillout,DJ Chuck Chillout,DJ Chuck Chillout,,,,pending,true,
musician-dj-chuckie,DJ Chuckie,DJ Chuckie,,,,pending,true,
musician-dj-clark-kent,DJ Clark Kent,DJ Clark Kent,,,,pending,true,
musician-dj-clue,DJ Clue,DJ Clue,,,133989,pending,true,
musician-dj-doo-wop,DJ Doo Wop,DJ Doo Wop,,,,pending,true,
musician-dj-drama,DJ Drama,DJ Drama,,,152535281,pending,true,
musician-dj-enuff,DJ Enuff,DJ Enuff,,,,pending,true,
musician-dj-envy,DJ Envy,DJ Envy,,,,pending,true,
musician-dj-ez,DJ EZ,DJ EZ,,,,pending,true,
musician-dj-green-lantern,DJ Green Lantern,DJ Green Lantern,,,157056085,pending,true,
musician-dj-greg-street,DJ Greg Street,DJ Greg Street,,,,pending,true,
musician-dj-hollywood,DJ Hollywood,DJ Hollywood,,,,pending,true,
musician-dj-jazzy-jeff,DJ Jazzy Jeff,DJ Jazzy Jeff,,,1636776,pending,true,
musician-dj-jazzy-joyce,DJ Jazzy Joyce,DJ Jazzy Joyce,,,,pending,true,
musician-dj-kay-slay,DJ Kay Slay,DJ Kay Slay,,,,pending,true,
musician-dj-khaled,DJ Khaled,DJ Khaled,,,157749142,pending,true,
musician-dj-marky,DJ Marky,DJ Marky,,,,pending,true,
musician-dj-paulette,DJ Paulette,DJ Paulette,,,,pending,true,
musician-dj-premier,DJ Premier,DJ Premier,,,1209631,pending,true,
musician-dj-scratch,DJ Scratch,DJ Scratch,,,,pending,true,
musician-dj-screw,DJ Screw,DJ Screw,,,80923709,pending,true,
musician-dj-whoo-kid,DJ Whoo Kid,DJ Whoo Kid,,,137306618,pending,true,
musician-dj-yoda,DJ Yoda,DJ Yoda,,,,pending,true,
musician-dj-z-trip,DJ Z-Trip,DJ Z-Trip,,,,pending,true,
musician-frankie-knuckles,Frankie Knuckles,Frankie Knuckles,,,4325666,pending,true,
musician-funkmaster-flex,Funkmaster Flex,Funkmaster Flex,,,,pending,true,
musician-grand-wizzard-theodore,Grand Wizzard Theodore,Grand Wizzard Theodore,,,,pending,true,
musician-grandmaster-flowers,Grandmaster Flowers,Grandmaster Flowers,,,,pending,true,
musician-jeff-mills,Jeff Mills,Jeff Mills,,,5207761,pending,true,
musician-kid-capri,Kid Capri,Kid Capri,,,,pending,true,
musician-kid-koala,Kid Koala,Kid Koala,,,3629510,pending,true,
musician-king-tech,King Tech,King Tech,,,,pending,true,
musician-kool-dj-red-alert,Kool DJ Red Alert,Kool DJ Red Alert,,,,pending,true,
musician-larry-levan,Larry Levan,Larry Levan,,,4005703,pending,true,
musician-marley-marl,Marley Marl,Marley Marl,,,,pending,true,
musician-marlon-hoffstadt,Marlon Hoffstadt,Marlon Hoffstadt,,,457222498,pending,true,
musician-michael-5000-watts,"Michael ""5000"" Watts","Michael ""5000"" Watts",,,,pending,true,
musician-mister-cee,Mister Cee,Mister Cee,,,,pending,true,
musician-mr-magic,Mr. Magic,Mr. Magic,,,,pending,true,
musician-mr-scruff,Mr. Scruff,Mr. Scruff,,,2236724,pending,true,
musician-norman-jay-mbe,Norman Jay MBE,Norman Jay MBE,,,,pending,true,
musician-paul-oakenfold,Paul Oakenfold,Paul Oakenfold,,,1249423,pending,true,
musician-pete-rock,Pete Rock,Pete Rock,,,3450395,pending,true,
musician-richie-hawtin,Richie Hawtin,Richie Hawtin,,,4090861,pending,true,
musician-roc-raida,Roc Raida,Roc Raida,,,,pending,true,
musician-roger-sanchez,Roger Sanchez,Roger Sanchez,,,295630,pending,true,
musician-ron-g,Ron G,Ron G,,,,pending,true,
musician-ron-hardy,Ron Hardy,Ron Hardy,,,,pending,true,
musician-sir-spyro,Sir Spyro,Sir Spyro,,,512538617,pending,true,
musician-spinderella,Spinderella,Spinderella,,,,pending,true,
musician-statik-selektah,Statik Selektah,Statik Selektah,,,179145762,pending,true,
musician-stretch-armstrong,Stretch Armstrong,Stretch Armstrong,,,,pending,true,
musician-terminator-x,Terminator X,Terminator X,,,14471931,pending,true,
musician-theo-parrish,Theo Parrish,Theo Parrish,,,7249675,pending,true,
musician-tim-westwood,Tim Westwood,Tim Westwood,,,,pending,true,
musician-tony-touch,Tony Touch,Tony Touch,,,6547326,pending,true,
musician-youngsta,Youngsta,Youngsta,,,,pending,true,
